=== 2026-07-27T06:36:22Z START rc.23 arm64 qualification ===
[PASS] Source at 902bee1a52bf037fdaab50bd0c71ba82fa51a8d6
[PASS] Candidate tag verified
=== 2026-07-27T06:36:23Z Repository gate: fmt-check ===
podman run --rm --init --user "$(id -u):$(id -g)" --platform linux/arm64 --pull always --env ELIXIR_VERSION=1.20.2 --env OTP_VERSION=28.5.0.3 --env GLIBC_BASELINE=2.36 --env MIX_HOME=/workspace/.mix-home --env HEX_HOME=/workspace/.hex-home --volume "/var/lib/exocomp-qualification/src:/workspace" --workdir /workspace docker.io/hexpm/elixir:1.20.2-erlang-28.5.0.3-debian-bookworm-20260713-slim@sha256:0ae929af91a43a4ae2563b5de6e2f71be0a8181bce93cfcb09690bc037e5eecc sh -c 'mix local.hex --force --quiet && mix format --check-formatted'
Trying to pull docker.io/hexpm/elixir@sha256:0ae929af91a43a4ae2563b5de6e2f71be0a8181bce93cfcb09690bc037e5eecc...
Getting image source signatures
Copying blob sha256:d7cbca7f530ec625da4a84bf5be022d12f6c0dd615d1244f6b36641513cec5a7
Copying blob sha256:3e10193b55e9f0e98961d4bc9ba1d3f8bedcd5bf9a78d75914edf319ecd6cc2d
Copying blob sha256:53bb9e501f1803aca595be8d902a62cea6bf4d996ce6f7dfe16c1c97be343e6c
Copying blob sha256:ff4ac08643b061cc0f2eed153ff4d36745423880e135b84f6a904c288bb9fb3b
Copying config sha256:5d634838ce321f25a6e2fba1487e55a96529beb7bf783f423cc5e2829baf7cdd
Writing manifest to image destination
* creating .mix-home/archives/hex-2.5.1
[PASS] fmt-check
=== 2026-07-27T06:37:41Z Repository gate: lint ===
./scripts/test-release-builders.sh
Test 1: valid release (amd64) — expect PASS
  PASS: valid amd64 release accepted
Test 2: valid release (arm64) — expect PASS
  PASS: valid arm64 release accepted
Test 3: release with undeclared dependency — expect FAIL
  PASS: release with undeclared dependency correctly rejected
Test 4: dep-report.json produced after valid run
  PASS: dep-report.json includes parsed dependencies and interpreter
Test 5: dep-report.json produced after failing run
  PASS: dep-report.json produced on failure and starts with '{'
Test 6: release without ERTS directory — expect exit 2
  PASS: missing ERTS directory correctly rejected with exit code 2
Test 7: unsupported architecture — expect exit 2
  PASS: unsupported architecture correctly rejected
Test 8: missing baseline file — expect exit 2
  PASS: missing baseline file correctly rejected
Test 9: readelf failure — expect exit 2
  PASS: readelf failure correctly rejected with exit code 2

Results: 9 passed, 0 failed

=== Offline structural checks ===
  PASS: test-clean-container.sh exists and is executable
  PASS: test-release-matrix.sh is non-interactive
  PASS: test-clean-container.sh is non-interactive
  PASS: docs/release-qualification.md exists
  PASS: docs/release-qualification.md documents emulated execution
  PASS: docs/release-qualification.md documents wrong-arch diagnostic
  PASS: Makefile has test-release-matrix target

=== Offline fixture: wrong-arch detection ===
  PASS: wrong-arch produces actionable diagnostic

=== Offline fixture: missing runtime dependency detection ===
  PASS: missing dep produces actionable diagnostic

=== Offline fixture: path-independent content digest ===
  PASS: identical trees at different root paths have matching digests
  PASS: one-byte runtime cookie change produces a different tree digest
  PASS: deterministic release packagers exist and are executable
  PASS: packager excludes reusable release cookies

=== Offline mode: skipping build, container, and live negative tests ===

==========================================
Results: 13 passed, 0 failed
==========================================
test_archive_metadata_is_normalized_to_source_epoch (test_package_release.PackageReleaseTest.test_archive_metadata_is_normalized_to_source_epoch) ... ok
test_archive_omits_cookie_and_embeds_identity (test_package_release.PackageReleaseTest.test_archive_omits_cookie_and_embeds_identity) ... ok
test_equivalent_inputs_produce_byte_identical_archives (test_package_release.PackageReleaseTest.test_equivalent_inputs_produce_byte_identical_archives) ... ok
test_manifest_records_identity_archive_hash_and_complete_payload (test_package_release.PackageReleaseTest.test_manifest_records_identity_archive_hash_and_complete_payload) ... ok
test_product_and_architecture_naming_matrix (test_package_release.PackageReleaseTest.test_product_and_architecture_naming_matrix) ... ok
test_annotated_tag_uses_peeled_commit_timestamp (test_package_release.PackageReleasesScriptTest.test_annotated_tag_uses_peeled_commit_timestamp) ... ok

----------------------------------------------------------------------
Ran 6 tests in 15.037s

OK
test_adds_stable_sort_and_is_idempotent (test_release_input_normalizer.ReleaseInputNormalizerTest.test_adds_stable_sort_and_is_idempotent) ... ok
test_changed_lock_identity_fails_closed_without_editing_source (test_release_input_normalizer.ReleaseInputNormalizerTest.test_changed_lock_identity_fails_closed_without_editing_source) ... ok
test_changed_source_shape_fails_closed (test_release_input_normalizer.ReleaseInputNormalizerTest.test_changed_source_shape_fails_closed) ... ok

----------------------------------------------------------------------
Ran 3 tests in 1.409s

OK
test_all_shell_command_blocks_parse (test_operator_docs.OperatorDocumentationTest.test_all_shell_command_blocks_parse) ... ok
test_documented_lifecycle_flags_exist_in_shipped_scripts (test_operator_docs.OperatorDocumentationTest.test_documented_lifecycle_flags_exist_in_shipped_scripts) ... ok
test_guides_cover_required_safety_and_lifecycle_topics (test_operator_docs.OperatorDocumentationTest.test_guides_cover_required_safety_and_lifecycle_topics) ... ok
test_install_commands_match_the_delivered_bundle_layout (test_operator_docs.OperatorDocumentationTest.test_install_commands_match_the_delivered_bundle_layout) ... ok
test_pki_ceremony_uses_installed_working_directory_and_cookie (test_operator_docs.OperatorDocumentationTest.test_pki_ceremony_uses_installed_working_directory_and_cookie) ... ok
test_qualification_accepts_full_system_vms_and_discloses_emulation (test_operator_docs.OperatorDocumentationTest.test_qualification_accepts_full_system_vms_and_discloses_emulation) ... ok
test_required_guides_are_linked_from_index (test_operator_docs.OperatorDocumentationTest.test_required_guides_are_linked_from_index) ... ok

----------------------------------------------------------------------
Ran 7 tests in 1.764s

OK
release builder definitions are pinned and valid
podman run --rm --init --user "$(id -u):$(id -g)" --platform linux/arm64 --pull always --env ELIXIR_VERSION=1.20.2 --env OTP_VERSION=28.5.0.3 --env GLIBC_BASELINE=2.36 --env MIX_HOME=/workspace/.mix-home --env HEX_HOME=/workspace/.hex-home --volume "/var/lib/exocomp-qualification/src:/workspace" --workdir /workspace docker.io/hexpm/elixir:1.20.2-erlang-28.5.0.3-debian-bookworm-20260713-slim@sha256:0ae929af91a43a4ae2563b5de6e2f71be0a8181bce93cfcb09690bc037e5eecc sh -c 'mix local.hex --force --quiet && mix deps.get && \
	mix format --check-formatted && \
	MIX_ENV=test mix compile --force --warnings-as-errors'
Trying to pull docker.io/hexpm/elixir@sha256:0ae929af91a43a4ae2563b5de6e2f71be0a8181bce93cfcb09690bc037e5eecc...
Getting image source signatures
Copying blob sha256:3e10193b55e9f0e98961d4bc9ba1d3f8bedcd5bf9a78d75914edf319ecd6cc2d
Copying blob sha256:d7cbca7f530ec625da4a84bf5be022d12f6c0dd615d1244f6b36641513cec5a7
Copying blob sha256:ff4ac08643b061cc0f2eed153ff4d36745423880e135b84f6a904c288bb9fb3b
Copying blob sha256:53bb9e501f1803aca595be8d902a62cea6bf4d996ce6f7dfe16c1c97be343e6c
Copying config sha256:5d634838ce321f25a6e2fba1487e55a96529beb7bf783f423cc5e2829baf7cdd
Writing manifest to image destination
* creating .mix-home/archives/hex-2.5.1
warning: path "apps/fixtures" is a directory but it has no mix.exs. Mix won't consider this directory as part of your umbrella application. Please add a "mix.exs" or set the ":apps" key in your umbrella configuration with all relevant apps names as atoms
Resolving Hex dependencies...
Resolution completed in 1.304s
Unchanged:
  bandit 1.12.1
  hpax 1.0.4
  jason 1.4.5
  mime 2.0.7
  nimble_options 1.1.1
  plug 1.20.3
  plug_crypto 2.2.0
  telemetry 1.4.2
  thousand_island 1.5.0
  websock 0.5.3
  x509 0.9.2
warning: path "apps/fixtures" is a directory but it has no mix.exs. Mix won't consider this directory as part of your umbrella application. Please add a "mix.exs" or set the ":apps" key in your umbrella configuration with all relevant apps names as atoms
==> bench
Compiling 18 files (.ex)
Generated bench app
==> exocomp_core
Compiling 22 files (.ex)
Generated exocomp_core app
==> exocomp_coordinator
Compiling 45 files (.ex)
Generated exocomp_coordinator app
==> exocomp_node
Compiling 55 files (.ex)
Generated exocomp_node app
make[1]: Entering directory '/var/lib/exocomp-qualification/src'
compliance: all checks passed
make[1]: Leaving directory '/var/lib/exocomp-qualification/src'
[PASS] lint
=== 2026-07-27T06:42:41Z Repository gate: release-check ===
make[1]: Entering directory '/var/lib/exocomp-qualification/src'
compliance: all checks passed
make[1]: Leaving directory '/var/lib/exocomp-qualification/src'
make[1]: Entering directory '/var/lib/exocomp-qualification/src'
test_broken_documentation_link_is_rejected (test_check_compliance.ComplianceChecksTest.test_broken_documentation_link_is_rejected) ... ok
test_incompatible_license_is_rejected (test_check_compliance.ComplianceChecksTest.test_incompatible_license_is_rejected) ... ok
test_missing_governance_file_is_rejected (test_check_compliance.ComplianceChecksTest.test_missing_governance_file_is_rejected) ... ok
test_missing_human_notice_is_rejected (test_check_compliance.ComplianceChecksTest.test_missing_human_notice_is_rejected) ... ok
test_missing_notice_inventory_entry_is_rejected (test_check_compliance.ComplianceChecksTest.test_missing_notice_inventory_entry_is_rejected) ... ok
test_missing_source_header_is_rejected (test_check_compliance.ComplianceChecksTest.test_missing_source_header_is_rejected) ... ok
test_modified_apache_license_is_rejected (test_check_compliance.ComplianceChecksTest.test_modified_apache_license_is_rejected) ... ok
test_repository_passes_all_checks (test_check_compliance.ComplianceChecksTest.test_repository_passes_all_checks) ... ok
test_uninventoried_locked_dependency_is_rejected (test_check_compliance.ComplianceChecksTest.test_uninventoried_locked_dependency_is_rejected) ... ok
test_checked_in_baselines_pin_identity_and_both_hard_gates (test_m5_qualification.M5QualificationWorkflowTest.test_checked_in_baselines_pin_identity_and_both_hard_gates) ... ok
test_workflow_actions_are_commit_pinned (test_m5_qualification.M5QualificationWorkflowTest.test_workflow_actions_are_commit_pinned) ... ok
test_workflow_runs_the_real_short_gate_for_an_exact_candidate (test_m5_qualification.M5QualificationWorkflowTest.test_workflow_runs_the_real_short_gate_for_an_exact_candidate) ... ok
test_all_shell_command_blocks_parse (test_operator_docs.OperatorDocumentationTest.test_all_shell_command_blocks_parse) ... ok
test_documented_lifecycle_flags_exist_in_shipped_scripts (test_operator_docs.OperatorDocumentationTest.test_documented_lifecycle_flags_exist_in_shipped_scripts) ... ok
test_guides_cover_required_safety_and_lifecycle_topics (test_operator_docs.OperatorDocumentationTest.test_guides_cover_required_safety_and_lifecycle_topics) ... ok
test_install_commands_match_the_delivered_bundle_layout (test_operator_docs.OperatorDocumentationTest.test_install_commands_match_the_delivered_bundle_layout) ... ok
test_pki_ceremony_uses_installed_working_directory_and_cookie (test_operator_docs.OperatorDocumentationTest.test_pki_ceremony_uses_installed_working_directory_and_cookie) ... ok
test_qualification_accepts_full_system_vms_and_discloses_emulation (test_operator_docs.OperatorDocumentationTest.test_qualification_accepts_full_system_vms_and_discloses_emulation) ... ok
test_required_guides_are_linked_from_index (test_operator_docs.OperatorDocumentationTest.test_required_guides_are_linked_from_index) ... ok
test_archive_metadata_is_normalized_to_source_epoch (test_package_release.PackageReleaseTest.test_archive_metadata_is_normalized_to_source_epoch) ... ok
test_archive_omits_cookie_and_embeds_identity (test_package_release.PackageReleaseTest.test_archive_omits_cookie_and_embeds_identity) ... ok
test_equivalent_inputs_produce_byte_identical_archives (test_package_release.PackageReleaseTest.test_equivalent_inputs_produce_byte_identical_archives) ... ok
test_manifest_records_identity_archive_hash_and_complete_payload (test_package_release.PackageReleaseTest.test_manifest_records_identity_archive_hash_and_complete_payload) ... ok
test_product_and_architecture_naming_matrix (test_package_release.PackageReleaseTest.test_product_and_architecture_naming_matrix) ... ok
test_annotated_tag_uses_peeled_commit_timestamp (test_package_release.PackageReleasesScriptTest.test_annotated_tag_uses_peeled_commit_timestamp) ... ok
test_adds_stable_sort_and_is_idempotent (test_release_input_normalizer.ReleaseInputNormalizerTest.test_adds_stable_sort_and_is_idempotent) ... ok
test_changed_lock_identity_fails_closed_without_editing_source (test_release_input_normalizer.ReleaseInputNormalizerTest.test_changed_lock_identity_fails_closed_without_editing_source) ... ok
test_changed_source_shape_fails_closed (test_release_input_normalizer.ReleaseInputNormalizerTest.test_changed_source_shape_fails_closed) ... ok

----------------------------------------------------------------------
Ran 28 tests in 208.381s

OK
make[1]: Leaving directory '/var/lib/exocomp-qualification/src'
[PASS] release-check
=== 2026-07-27T06:46:51Z Repository gate: test-release-packaging ===
python3 -m unittest discover -s tests -p 'test_package_release.py' -v
test_archive_metadata_is_normalized_to_source_epoch (test_package_release.PackageReleaseTest.test_archive_metadata_is_normalized_to_source_epoch) ... ok
test_archive_omits_cookie_and_embeds_identity (test_package_release.PackageReleaseTest.test_archive_omits_cookie_and_embeds_identity) ... ok
test_equivalent_inputs_produce_byte_identical_archives (test_package_release.PackageReleaseTest.test_equivalent_inputs_produce_byte_identical_archives) ... ok
test_manifest_records_identity_archive_hash_and_complete_payload (test_package_release.PackageReleaseTest.test_manifest_records_identity_archive_hash_and_complete_payload) ... ok
test_product_and_architecture_naming_matrix (test_package_release.PackageReleaseTest.test_product_and_architecture_naming_matrix) ... ok
test_annotated_tag_uses_peeled_commit_timestamp (test_package_release.PackageReleasesScriptTest.test_annotated_tag_uses_peeled_commit_timestamp) ... ok

----------------------------------------------------------------------
Ran 6 tests in 14.801s

OK
python3 -m unittest discover -s tests -p 'test_release_input_normalizer.py' -v
test_adds_stable_sort_and_is_idempotent (test_release_input_normalizer.ReleaseInputNormalizerTest.test_adds_stable_sort_and_is_idempotent) ... ok
test_changed_lock_identity_fails_closed_without_editing_source (test_release_input_normalizer.ReleaseInputNormalizerTest.test_changed_lock_identity_fails_closed_without_editing_source) ... ok
test_changed_source_shape_fails_closed (test_release_input_normalizer.ReleaseInputNormalizerTest.test_changed_source_shape_fails_closed) ... ok

----------------------------------------------------------------------
Ran 3 tests in 1.403s

OK
python3 -m unittest discover -s tests -p 'test_operator_docs.py' -v
test_all_shell_command_blocks_parse (test_operator_docs.OperatorDocumentationTest.test_all_shell_command_blocks_parse) ... ok
test_documented_lifecycle_flags_exist_in_shipped_scripts (test_operator_docs.OperatorDocumentationTest.test_documented_lifecycle_flags_exist_in_shipped_scripts) ... ok
test_guides_cover_required_safety_and_lifecycle_topics (test_operator_docs.OperatorDocumentationTest.test_guides_cover_required_safety_and_lifecycle_topics) ... ok
test_install_commands_match_the_delivered_bundle_layout (test_operator_docs.OperatorDocumentationTest.test_install_commands_match_the_delivered_bundle_layout) ... ok
test_pki_ceremony_uses_installed_working_directory_and_cookie (test_operator_docs.OperatorDocumentationTest.test_pki_ceremony_uses_installed_working_directory_and_cookie) ... ok
test_qualification_accepts_full_system_vms_and_discloses_emulation (test_operator_docs.OperatorDocumentationTest.test_qualification_accepts_full_system_vms_and_discloses_emulation) ... ok
test_required_guides_are_linked_from_index (test_operator_docs.OperatorDocumentationTest.test_required_guides_are_linked_from_index) ... ok

----------------------------------------------------------------------
Ran 7 tests in 1.577s

OK
[PASS] test-release-packaging
=== 2026-07-27T06:47:29Z Repository gate: test-installer ===
python3 -m pytest test/installer/test_installer.py -v
============================= test session starts ==============================
platform linux -- Python 3.12.3, pytest-7.4.4, pluggy-1.4.0 -- /usr/bin/python3
cachedir: .pytest_cache
rootdir: /var/lib/exocomp-qualification/src
collecting ... collected 78 items

test/installer/test_installer.py::TestCleanInstall::test_versioned_directory_created PASSED [  1%]
test/installer/test_installer.py::TestCleanInstall::test_current_symlink_points_to_versioned PASSED [  2%]
test/installer/test_installer.py::TestCleanInstall::test_config_template_installed PASSED [  3%]
test/installer/test_installer.py::TestCleanInstall::test_systemd_unit_installed PASSED [  5%]
test/installer/test_installer.py::TestCleanInstall::test_sudoers_installed_with_exact_entries PASSED [  6%]
test/installer/test_installer.py::TestCleanInstall::test_manifest_written PASSED [  7%]
test/installer/test_installer.py::TestCleanInstall::test_config_directory_exists PASSED [  8%]
test/installer/test_installer.py::TestCleanInstall::test_log_directory_exists PASSED [ 10%]
test/installer/test_installer.py::TestCleanInstall::test_durable_state_directory_is_writable_and_matches_runtime_config PASSED [ 11%]
test/installer/test_installer.py::TestCleanInstall::test_systemd_unit_grants_only_the_installer_owned_state_path PASSED [ 12%]
test/installer/test_installer.py::TestCleanInstall::test_backup_utility_is_installed_in_the_versioned_release PASSED [ 14%]
test/installer/test_installer.py::TestCleanInstall::test_release_cookie_is_random_protected_and_not_in_release_payload PASSED [ 15%]
test/installer/test_installer.py::TestBundledLlamaRuntimeInstall::test_node_install_copies_the_shipped_runtime_into_the_atomic_release PASSED [ 16%]
test/installer/test_installer.py::TestRuntimePayloadPreflight::test_missing_backup_utility_is_rejected_before_host_mutation PASSED [ 17%]
test/installer/test_installer.py::TestRuntimePayloadPreflight::test_incomplete_llama_runtime_is_rejected_before_host_mutation PASSED [ 19%]
test/installer/test_installer.py::TestRepeatInstall::test_second_install_overwrites_release_preserves_config PASSED [ 20%]
test/installer/test_installer.py::TestRepeatInstall::test_second_install_idempotent_exit_zero PASSED [ 21%]
test/installer/test_installer.py::TestPermissions::test_release_dir_not_world_writable PASSED [ 23%]
test/installer/test_installer.py::TestPermissions::test_systemd_unit_mode_644 PASSED [ 24%]
test/installer/test_installer.py::TestPermissions::test_coordinator_unit_uses_bootstrap_managed_pki_state PASSED [ 25%]
test/installer/test_installer.py::TestPermissions::test_sudoers_mode_440_when_installed PASSED [ 26%]
test/installer/test_installer.py::TestPermissions::test_config_file_mode_640 PASSED [ 28%]
test/installer/test_installer.py::TestInvalidChecksum::test_tampered_bundle_rejected PASSED [ 29%]
test/installer/test_installer.py::TestInvalidChecksum::test_host_not_mutated_on_checksum_failure PASSED [ 30%]
test/installer/test_installer.py::TestInvalidChecksum::test_missing_checksums_entry_rejected PASSED [ 32%]
test/installer/test_installer.py::TestExactPrivileges::test_empty_allow_list_produces_no_sudoers_file PASSED [ 33%]
test/installer/test_installer.py::TestExactPrivileges::test_single_service_exact_entry PASSED [ 34%]
test/installer/test_installer.py::TestExactPrivileges::test_multiple_services_all_present PASSED [ 35%]
test/installer/test_installer.py::TestExactPrivileges::test_no_wildcard_in_sudoers PASSED [ 37%]
test/installer/test_installer.py::TestExactPrivileges::test_shell_metacharacter_in_service_name_rejected PASSED [ 38%]
test/installer/test_installer.py::TestUpgradePreparation::test_upgrade_creates_new_version_alongside_old PASSED [ 39%]
test/installer/test_installer.py::TestUpgradePreparation::test_current_link_updated_atomically PASSED [ 41%]
test/installer/test_installer.py::TestUpgradePreparation::test_config_preserved_across_upgrade PASSED [ 42%]
test/installer/test_installer.py::TestUpgradePreparation::test_release_cookie_is_preserved_across_upgrade PASSED [ 43%]
test/installer/test_installer.py::TestUpgradePreparation::test_protected_file_ownership_is_preserved_across_upgrade PASSED [ 44%]
test/installer/test_installer.py::TestUpgradePreparation::test_failed_health_gate_rolls_back_to_prior_healthy_version PASSED [ 46%]
test/installer/test_installer.py::TestUpgradePreparation::test_rollback_stops_failed_release_then_waits_for_prior_health PASSED [ 47%]
test/installer/test_installer.py::TestUpgradePreparation::test_invalid_existing_config_blocks_switch PASSED [ 48%]
test/installer/test_installer.py::TestUpgradePreparation::test_interrupted_extraction_never_changes_current PASSED [ 50%]
test/installer/test_installer.py::TestVersionCompatibility::test_different_major_node_and_coordinator_versions_are_rejected PASSED [ 51%]
test/installer/test_installer.py::TestProtectedStateBackupRestore::test_backup_restore_recovers_config_pki_audit_and_execution_state PASSED [ 52%]
test/installer/test_installer.py::TestDefaultUninstall::test_uninstall_exits_zero PASSED [ 53%]
test/installer/test_installer.py::TestDefaultUninstall::test_unit_file_removed PASSED [ 55%]
test/installer/test_installer.py::TestDefaultUninstall::test_sudoers_removed PASSED [ 56%]
test/installer/test_installer.py::TestDefaultUninstall::test_current_symlink_removed PASSED [ 57%]
test/installer/test_installer.py::TestDefaultUninstall::test_config_preserved PASSED [ 58%]
test/installer/test_installer.py::TestDefaultUninstall::test_log_dir_preserved PASSED [ 60%]
test/installer/test_installer.py::TestDefaultUninstall::test_config_dir_preserved PASSED [ 61%]
test/installer/test_installer.py::TestSystemCachePurge::test_purge_removes_all_release_dirs PASSED [ 62%]
test/installer/test_installer.py::TestSystemCachePurge::test_purge_preserves_config PASSED [ 64%]
test/installer/test_installer.py::TestSystemCachePurge::test_purge_preserves_log_dir PASSED [ 65%]
test/installer/test_installer.py::TestUserDataPreservation::test_unrelated_dirs_not_touched PASSED [ 66%]
test/installer/test_installer.py::TestUserDataPreservation::test_var_lib_dir_preserved PASSED [ 67%]
test/installer/test_installer.py::TestUserDataPreservation::test_pki_dir_preserved PASSED [ 69%]
test/installer/test_installer.py::TestUserDataPreservation::test_unknown_purge_category_rejected PASSED [ 70%]
test/installer/test_installer.py::TestDryRun::test_dry_run_exits_zero PASSED [ 71%]
test/installer/test_installer.py::TestDryRun::test_dry_run_creates_no_files PASSED [ 73%]
test/installer/test_installer.py::TestMissingComponentFlag::test_missing_component_exits_nonzero PASSED [ 74%]
test/installer/test_installer.py::TestVersionValidation::test_unsafe_or_non_semver_version_is_rejected_before_mutation[1.2.3/../../escape] PASSED [ 75%]
test/installer/test_installer.py::TestVersionValidation::test_unsafe_or_non_semver_version_is_rejected_before_mutation[1.2] PASSED [ 76%]
test/installer/test_installer.py::TestVersionValidation::test_unsafe_or_non_semver_version_is_rejected_before_mutation[1.2.3;touch-pwned] PASSED [ 78%]
test/installer/test_installer.py::TestVersionValidation::test_unsafe_or_non_semver_version_is_rejected_before_mutation[v1.2.3] PASSED [ 79%]
test/installer/test_installer.py::TestVersionValidation::test_version_detected_from_archive_name[0.1.0] PASSED [ 80%]
test/installer/test_installer.py::TestVersionValidation::test_version_detected_from_archive_name[1.2.3] PASSED [ 82%]
test/installer/test_installer.py::TestVersionValidation::test_version_detected_from_archive_name[0.1.0-rc.7] PASSED [ 83%]
test/installer/test_installer.py::TestVersionValidation::test_version_detected_from_archive_name[1.0.0-beta.1] PASSED [ 84%]
test/installer/test_installer.py::TestVersionValidation::test_version_detected_from_archive_name[2.3.4-alpha.12] PASSED [ 85%]
test/installer/test_installer.py::TestUnitHardeningDirectives::test_all_hardening_directives_present[node] PASSED [ 87%]
test/installer/test_installer.py::TestUnitHardeningDirectives::test_all_hardening_directives_present[coordinator] PASSED [ 88%]
test/installer/test_installer.py::TestUnitHardeningDirectives::test_unit_runs_as_dedicated_user[node] PASSED [ 89%]
test/installer/test_installer.py::TestUnitHardeningDirectives::test_unit_runs_as_dedicated_user[coordinator] PASSED [ 91%]
test/installer/test_installer.py::TestUnitHardeningDirectives::test_unit_has_system_call_filter[node] PASSED [ 92%]
test/installer/test_installer.py::TestUnitHardeningDirectives::test_unit_has_system_call_filter[coordinator] PASSED [ 93%]
test/installer/test_installer.py::TestUnitHardeningDirectives::test_unit_passes_config_path_expected_by_runtime[node-EXOCOMP_CONFIG_FILE] PASSED [ 94%]
test/installer/test_installer.py::TestUnitHardeningDirectives::test_unit_passes_config_path_expected_by_runtime[coordinator-EXOCOMP_COORDINATOR_CONFIG_FILE] PASSED [ 96%]
test/installer/test_installer.py::TestUnitHardeningDirectives::test_coordinator_unit_passes_bootstrap_managed_pki_paths PASSED [ 97%]
test/installer/test_installer.py::TestConfigTemplates::test_template_is_valid_json[node-expected_keys0] PASSED [ 98%]
test/installer/test_installer.py::TestConfigTemplates::test_template_is_valid_json[coordinator-expected_keys1] PASSED [100%]

======================== 78 passed in 488.68s (0:08:08) ========================
[PASS] test-installer
=== 2026-07-27T06:55:48Z Repository gate: test-bundle ===
python3 -m pytest tests/test_bundle.py -v
============================= test session starts ==============================
platform linux -- Python 3.12.3, pytest-7.4.4, pluggy-1.4.0 -- /usr/bin/python3
cachedir: .pytest_cache
rootdir: /var/lib/exocomp-qualification/src
collecting ... collected 103 items

tests/test_bundle.py::TestCompleteBundleAssembly::test_archive_created PASSED [  0%]
tests/test_bundle.py::TestCompleteBundleAssembly::test_archive_checksum_file_created PASSED [  1%]
tests/test_bundle.py::TestCompleteBundleAssembly::test_archive_checksum_matches PASSED [  2%]
tests/test_bundle.py::TestCompleteBundleAssembly::test_manifest_sha256_present PASSED [  3%]
tests/test_bundle.py::TestCompleteBundleAssembly::test_manifest_json_present PASSED [  4%]
tests/test_bundle.py::TestCompleteBundleAssembly::test_sbom_present PASSED [  5%]
tests/test_bundle.py::TestCompleteBundleAssembly::test_provenance_present PASSED [  6%]
tests/test_bundle.py::TestCompleteBundleAssembly::test_install_sh_present PASSED [  7%]
tests/test_bundle.py::TestCompleteBundleAssembly::test_uninstall_sh_present PASSED [  8%]
tests/test_bundle.py::TestCompleteBundleAssembly::test_verify_bundle_sh_present PASSED [  9%]
tests/test_bundle.py::TestCompleteBundleAssembly::test_state_backup_sh_present PASSED [ 10%]
tests/test_bundle.py::TestCompleteBundleAssembly::test_state_backup_restore_uses_same_owner PASSED [ 11%]
tests/test_bundle.py::TestCompleteBundleAssembly::test_llama_server_present PASSED [ 12%]
tests/test_bundle.py::TestCompleteBundleAssembly::test_llama_server_is_executable PASSED [ 13%]
tests/test_bundle.py::TestCompleteBundleAssembly::test_llama_server_executable_and_runtime_libraries_present PASSED [ 14%]
tests/test_bundle.py::TestCompleteBundleAssembly::test_llama_launcher_starts_using_only_the_shipped_runtime PASSED [ 15%]
tests/test_bundle.py::TestCompleteBundleAssembly::test_model_present_in_complete_bundle PASSED [ 16%]
tests/test_bundle.py::TestCompleteBundleAssembly::test_node_release_archive_present PASSED [ 17%]
tests/test_bundle.py::TestCompleteBundleAssembly::test_coordinator_release_archive_present PASSED [ 18%]
tests/test_bundle.py::TestCompleteBundleAssembly::test_systemd_node_unit_present PASSED [ 19%]
tests/test_bundle.py::TestCompleteBundleAssembly::test_systemd_coordinator_unit_present PASSED [ 20%]
tests/test_bundle.py::TestCompleteBundleAssembly::test_systemd_start_limits_are_in_unit_section[node] PASSED [ 21%]
tests/test_bundle.py::TestCompleteBundleAssembly::test_systemd_start_limits_are_in_unit_section[coordinator] PASSED [ 22%]
tests/test_bundle.py::TestCompleteBundleAssembly::test_systemd_stop_does_not_depend_on_release_rpc[node] PASSED [ 23%]
tests/test_bundle.py::TestCompleteBundleAssembly::test_systemd_stop_does_not_depend_on_release_rpc[coordinator] PASSED [ 24%]
tests/test_bundle.py::TestCompleteBundleAssembly::test_license_file_present_when_repo_has_license PASSED [ 25%]
tests/test_bundle.py::TestCompleteBundleAssembly::test_verify_bundle_passes PASSED [ 26%]
tests/test_bundle.py::TestDocumentedCleanRootWorkflow::test_verbatim_install_commands_and_shipped_backup_restore PASSED [ 27%]
tests/test_bundle.py::TestManifestCoverage::test_all_files_in_manifest PASSED [ 28%]
tests/test_bundle.py::TestManifestCoverage::test_manifest_has_no_extra_entries PASSED [ 29%]
tests/test_bundle.py::TestSBOMStructure::test_spdx_version_2_3 PASSED    [ 30%]
tests/test_bundle.py::TestSBOMStructure::test_spdx_id_is_document PASSED [ 31%]
tests/test_bundle.py::TestSBOMStructure::test_data_license_cc0 PASSED    [ 32%]
tests/test_bundle.py::TestSBOMStructure::test_creation_info_present PASSED [ 33%]
tests/test_bundle.py::TestSBOMStructure::test_document_describes_bundle PASSED [ 33%]
tests/test_bundle.py::TestSBOMStructure::test_packages_present PASSED    [ 34%]
tests/test_bundle.py::TestSBOMStructure::test_exocomp_package_present PASSED [ 35%]
tests/test_bundle.py::TestSBOMStructure::test_erlang_otp_package_present PASSED [ 36%]
tests/test_bundle.py::TestSBOMStructure::test_llama_cpp_package_present PASSED [ 37%]
tests/test_bundle.py::TestSBOMStructure::test_qwen_model_package_in_complete_bundle PASSED [ 38%]
tests/test_bundle.py::TestSBOMStructure::test_all_packages_have_license PASSED [ 39%]
tests/test_bundle.py::TestSBOMStructure::test_relationships_present PASSED [ 40%]
tests/test_bundle.py::TestSBOMStructure::test_document_namespace_is_uri PASSED [ 41%]
tests/test_bundle.py::TestProvenanceStructure::test_statement_type_present PASSED [ 42%]
tests/test_bundle.py::TestProvenanceStructure::test_predicate_type_slsa PASSED [ 43%]
tests/test_bundle.py::TestProvenanceStructure::test_subject_present PASSED [ 44%]
tests/test_bundle.py::TestProvenanceStructure::test_predicate_present PASSED [ 45%]
tests/test_bundle.py::TestProvenanceStructure::test_builder_present PASSED [ 46%]
tests/test_bundle.py::TestProvenanceStructure::test_materials_present PASSED [ 47%]
tests/test_bundle.py::TestProvenanceStructure::test_source_commit_in_materials PASSED [ 48%]
tests/test_bundle.py::TestProvenanceStructure::test_toolchain_present PASSED [ 49%]
tests/test_bundle.py::TestProvenanceStructure::test_dependency_locks_present PASSED [ 50%]
tests/test_bundle.py::TestProvenanceStructure::test_invocation_identifies_source PASSED [ 51%]
tests/test_bundle.py::TestTamperDetectionModifiedFile::test_tampered_install_sh_fails_verification PASSED [ 52%]
tests/test_bundle.py::TestTamperDetectionModifiedFile::test_tampered_llama_server_fails_verification PASSED [ 53%]
tests/test_bundle.py::TestTamperDetectionModifiedFile::test_tampered_model_fails_verification PASSED [ 54%]
tests/test_bundle.py::TestTamperDetectionModifiedFile::test_tampered_systemd_unit_fails_verification PASSED [ 55%]
tests/test_bundle.py::TestTamperDetectionDeletedFile::test_deleted_file_fails_verification PASSED [ 56%]
tests/test_bundle.py::TestChecksumConsistency::test_archive_sha256_file_matches_archive PASSED [ 57%]
tests/test_bundle.py::TestLlamaRuntimeClosure::test_dynamic_server_starts_with_transitive_shipped_libraries PASSED [ 58%]
tests/test_bundle.py::TestLlamaRuntimeClosure::test_assembly_rejects_an_incomplete_dynamic_runtime PASSED [ 59%]
tests/test_bundle.py::TestRuntimeBundle::test_runtime_bundle_archive_name PASSED [ 60%]
tests/test_bundle.py::TestRuntimeBundle::test_model_absent_from_runtime_bundle PASSED [ 61%]
tests/test_bundle.py::TestRuntimeBundle::test_llama_server_present_in_runtime_bundle PASSED [ 62%]
tests/test_bundle.py::TestRuntimeBundle::test_verification_passes_for_runtime_bundle PASSED [ 63%]
tests/test_bundle.py::TestRuntimeBundle::test_sbom_excludes_model_package PASSED [ 64%]
tests/test_bundle.py::TestModelSHA256PreVerification::test_bad_model_sha256_fails_before_staging PASSED [ 65%]
tests/test_bundle.py::TestSBOMCompleteVsRuntime::test_complete_sbom_includes_model PASSED [ 66%]
tests/test_bundle.py::TestSBOMCompleteVsRuntime::test_runtime_sbom_excludes_model PASSED [ 66%]
tests/test_bundle.py::TestMissingRequiredArgs::test_missing_arch_fails PASSED [ 67%]
tests/test_bundle.py::TestMissingRequiredArgs::test_missing_version_fails PASSED [ 68%]
tests/test_bundle.py::TestMissingRequiredArgs::test_missing_model_for_complete_fails PASSED [ 69%]
tests/test_bundle.py::TestMissingRequiredArgs::test_invalid_arch_fails PASSED [ 70%]
tests/test_bundle.py::TestVerifyBundleStrictMode::test_non_strict_passes_unsigned PASSED [ 71%]
tests/test_bundle.py::TestVerifyBundleStrictMode::test_strict_fails_unsigned PASSED [ 72%]
tests/test_bundle.py::TestVerifyBundleStrictMode::test_signed_bundle_passes_strict_verification PASSED [ 73%]
tests/test_bundle.py::TestGenerateSBOMStandalone::test_generate_sbom_produces_valid_json PASSED [ 74%]
tests/test_bundle.py::TestGenerateSBOMStandalone::test_generate_sbom_arm64_bundle_name PASSED [ 75%]
tests/test_bundle.py::TestGenerateProvenanceStandalone::test_generate_provenance_produces_valid_json PASSED [ 76%]
tests/test_bundle.py::TestGenerateProvenanceStandalone::test_generate_provenance_source_commit_in_materials PASSED [ 77%]
tests/test_bundle.py::TestDoubleBuildReproducibility::test_identical_inputs_produce_byte_identical_archive PASSED [ 78%]
tests/test_bundle.py::TestDoubleBuildReproducibility::test_different_epoch_produces_different_archive PASSED [ 79%]
tests/test_bundle.py::TestDoubleBuildReproducibility::test_sbom_timestamp_is_deterministic PASSED [ 80%]
tests/test_bundle.py::TestDoubleBuildReproducibility::test_sbom_namespace_stable_across_builds PASSED [ 81%]
tests/test_bundle.py::TestSignedMetadataTamperDetection::test_tampered_manifest_json_fails_verification PASSED [ 82%]
tests/test_bundle.py::TestSignedMetadataTamperDetection::test_tampered_sbom_fails_verification PASSED [ 83%]
tests/test_bundle.py::TestSignedMetadataTamperDetection::test_tampered_provenance_fails_verification PASSED [ 84%]
tests/test_bundle.py::TestSignedMetadataTamperDetection::test_deleted_manifest_json_fails_verification PASSED [ 85%]
tests/test_bundle.py::TestSignedMetadataTamperDetection::test_deleted_sbom_fails_verification PASSED [ 86%]
tests/test_bundle.py::TestSignedMetadataTamperDetection::test_deleted_provenance_fails_verification PASSED [ 87%]
tests/test_bundle.py::TestSignedMetadataTamperDetection::test_metadata_files_listed_in_manifest_sha256 PASSED [ 88%]
tests/test_bundle.py::TestLicenseCompleteness::test_licenses_directory_present PASSED [ 89%]
tests/test_bundle.py::TestLicenseCompleteness::test_licenses_directory_non_empty PASSED [ 90%]
tests/test_bundle.py::TestLicenseCompleteness::test_apache_2_license_present PASSED [ 91%]
tests/test_bundle.py::TestLicenseCompleteness::test_mit_license_present PASSED [ 92%]
tests/test_bundle.py::TestLicenseCompleteness::test_bsd_3_clause_license_present PASSED [ 93%]
tests/test_bundle.py::TestLicenseCompleteness::test_licenses_covered_by_manifest PASSED [ 94%]
tests/test_bundle.py::TestLicenseCompleteness::test_non_strict_verification_passes_with_populated_licenses PASSED [ 95%]
tests/test_bundle.py::TestAssemblyFailsOnMissingLicenses::test_assembly_fails_when_licenses_dir_absent PASSED [ 96%]
tests/test_bundle.py::TestAssemblyFailsOnMissingLicenses::test_assembly_fails_when_required_license_file_missing PASSED [ 97%]
tests/test_bundle.py::TestStrictVerificationRejectsUnauthenticatedMetadata::test_metadata_in_manifest_non_strict_passes PASSED [ 98%]
tests/test_bundle.py::TestStrictVerificationRejectsUnauthenticatedMetadata::test_strict_fails_when_manifest_json_removed_from_manifest PASSED [ 99%]
tests/test_bundle.py::TestStrictVerificationRejectsUnauthenticatedMetadata::test_strict_fails_when_licenses_dir_empty PASSED [100%]

=============================== warnings summary ===============================
tests/test_bundle.py: 88 warnings
  /usr/lib/python3.12/tarfile.py:2301: DeprecationWarning: Python 3.14 will, by default, filter extracted tar archives and reject files or modify their metadata. Use the filter argument to control this behavior.
    warnings.warn(

-- Docs: https://docs.pytest.org/en/stable/how-to/capture-warnings.html
================= 103 passed, 88 warnings in 952.31s (0:15:52) =================
[PASS] test-bundle
=== 2026-07-27T07:12:02Z Repository gate: test ===
./scripts/test-release-builders.sh
Test 1: valid release (amd64) — expect PASS
  PASS: valid amd64 release accepted
Test 2: valid release (arm64) — expect PASS
  PASS: valid arm64 release accepted
Test 3: release with undeclared dependency — expect FAIL
  PASS: release with undeclared dependency correctly rejected
Test 4: dep-report.json produced after valid run
  PASS: dep-report.json includes parsed dependencies and interpreter
Test 5: dep-report.json produced after failing run
  PASS: dep-report.json produced on failure and starts with '{'
Test 6: release without ERTS directory — expect exit 2
  PASS: missing ERTS directory correctly rejected with exit code 2
Test 7: unsupported architecture — expect exit 2
  PASS: unsupported architecture correctly rejected
Test 8: missing baseline file — expect exit 2
  PASS: missing baseline file correctly rejected
Test 9: readelf failure — expect exit 2
  PASS: readelf failure correctly rejected with exit code 2

Results: 9 passed, 0 failed

=== Offline structural checks ===
  PASS: test-clean-container.sh exists and is executable
  PASS: test-release-matrix.sh is non-interactive
  PASS: test-clean-container.sh is non-interactive
  PASS: docs/release-qualification.md exists
  PASS: docs/release-qualification.md documents emulated execution
  PASS: docs/release-qualification.md documents wrong-arch diagnostic
  PASS: Makefile has test-release-matrix target

=== Offline fixture: wrong-arch detection ===
  PASS: wrong-arch produces actionable diagnostic

=== Offline fixture: missing runtime dependency detection ===
  PASS: missing dep produces actionable diagnostic

=== Offline fixture: path-independent content digest ===
  PASS: identical trees at different root paths have matching digests
  PASS: one-byte runtime cookie change produces a different tree digest
  PASS: deterministic release packagers exist and are executable
  PASS: packager excludes reusable release cookies

=== Offline mode: skipping build, container, and live negative tests ===

==========================================
Results: 13 passed, 0 failed
==========================================
test_archive_metadata_is_normalized_to_source_epoch (test_package_release.PackageReleaseTest.test_archive_metadata_is_normalized_to_source_epoch) ... ok
test_archive_omits_cookie_and_embeds_identity (test_package_release.PackageReleaseTest.test_archive_omits_cookie_and_embeds_identity) ... ok
test_equivalent_inputs_produce_byte_identical_archives (test_package_release.PackageReleaseTest.test_equivalent_inputs_produce_byte_identical_archives) ... ok
test_manifest_records_identity_archive_hash_and_complete_payload (test_package_release.PackageReleaseTest.test_manifest_records_identity_archive_hash_and_complete_payload) ... ok
test_product_and_architecture_naming_matrix (test_package_release.PackageReleaseTest.test_product_and_architecture_naming_matrix) ... ok
test_annotated_tag_uses_peeled_commit_timestamp (test_package_release.PackageReleasesScriptTest.test_annotated_tag_uses_peeled_commit_timestamp) ... ok

----------------------------------------------------------------------
Ran 6 tests in 14.999s

OK
test_adds_stable_sort_and_is_idempotent (test_release_input_normalizer.ReleaseInputNormalizerTest.test_adds_stable_sort_and_is_idempotent) ... ok
test_changed_lock_identity_fails_closed_without_editing_source (test_release_input_normalizer.ReleaseInputNormalizerTest.test_changed_lock_identity_fails_closed_without_editing_source) ... ok
test_changed_source_shape_fails_closed (test_release_input_normalizer.ReleaseInputNormalizerTest.test_changed_source_shape_fails_closed) ... ok

----------------------------------------------------------------------
Ran 3 tests in 1.402s

OK
test_all_shell_command_blocks_parse (test_operator_docs.OperatorDocumentationTest.test_all_shell_command_blocks_parse) ... ok
test_documented_lifecycle_flags_exist_in_shipped_scripts (test_operator_docs.OperatorDocumentationTest.test_documented_lifecycle_flags_exist_in_shipped_scripts) ... ok
test_guides_cover_required_safety_and_lifecycle_topics (test_operator_docs.OperatorDocumentationTest.test_guides_cover_required_safety_and_lifecycle_topics) ... ok
test_install_commands_match_the_delivered_bundle_layout (test_operator_docs.OperatorDocumentationTest.test_install_commands_match_the_delivered_bundle_layout) ... ok
test_pki_ceremony_uses_installed_working_directory_and_cookie (test_operator_docs.OperatorDocumentationTest.test_pki_ceremony_uses_installed_working_directory_and_cookie) ... ok
test_qualification_accepts_full_system_vms_and_discloses_emulation (test_operator_docs.OperatorDocumentationTest.test_qualification_accepts_full_system_vms_and_discloses_emulation) ... ok
test_required_guides_are_linked_from_index (test_operator_docs.OperatorDocumentationTest.test_required_guides_are_linked_from_index) ... ok

----------------------------------------------------------------------
Ran 7 tests in 1.711s

OK
release builder definitions are pinned and valid
podman run --rm --init --user "$(id -u):$(id -g)" --platform linux/arm64 --pull always --env ELIXIR_VERSION=1.20.2 --env OTP_VERSION=28.5.0.3 --env GLIBC_BASELINE=2.36 --env MIX_HOME=/workspace/.mix-home --env HEX_HOME=/workspace/.hex-home --volume "/var/lib/exocomp-qualification/src:/workspace" --workdir /workspace docker.io/hexpm/elixir:1.20.2-erlang-28.5.0.3-debian-bookworm-20260713-slim@sha256:0ae929af91a43a4ae2563b5de6e2f71be0a8181bce93cfcb09690bc037e5eecc sh -c 'mix local.hex --force --quiet && MIX_ENV=test mix deps.get && \
	MIX_ENV=test mix test && \
	MIX_ENV=test mix release exocomp_node --overwrite && \
	MIX_ENV=test mix release exocomp_coordinator --overwrite && \
	scripts/smoke-releases.sh test'
Trying to pull docker.io/hexpm/elixir@sha256:0ae929af91a43a4ae2563b5de6e2f71be0a8181bce93cfcb09690bc037e5eecc...
Getting image source signatures
Copying blob sha256:d7cbca7f530ec625da4a84bf5be022d12f6c0dd615d1244f6b36641513cec5a7
Copying blob sha256:3e10193b55e9f0e98961d4bc9ba1d3f8bedcd5bf9a78d75914edf319ecd6cc2d
Copying blob sha256:53bb9e501f1803aca595be8d902a62cea6bf4d996ce6f7dfe16c1c97be343e6c
Copying blob sha256:ff4ac08643b061cc0f2eed153ff4d36745423880e135b84f6a904c288bb9fb3b
Copying config sha256:5d634838ce321f25a6e2fba1487e55a96529beb7bf783f423cc5e2829baf7cdd
Writing manifest to image destination
* creating .mix-home/archives/hex-2.5.1
warning: path "apps/fixtures" is a directory but it has no mix.exs. Mix won't consider this directory as part of your umbrella application. Please add a "mix.exs" or set the ":apps" key in your umbrella configuration with all relevant apps names as atoms
Resolving Hex dependencies...
Resolution completed in 1.076s
Unchanged:
  bandit 1.12.1
  hpax 1.0.4
  jason 1.4.5
  mime 2.0.7
  nimble_options 1.1.1
  plug 1.20.3
  plug_crypto 2.2.0
  telemetry 1.4.2
  thousand_island 1.5.0
  websock 0.5.3
  x509 0.9.2
warning: path "apps/fixtures" is a directory but it has no mix.exs. Mix won't consider this directory as part of your umbrella application. Please add a "mix.exs" or set the ":apps" key in your umbrella configuration with all relevant apps names as atoms
==> bench
warning: the following files do not match any of the configured `:test_load_filters` / `:test_ignore_filters`:

test/support/fake_llama_server.ex

This might indicate a typo in a test file name (for example, using "foo_tests.exs" instead of "foo_test.exs").

See the configuration for `:test_pattern` under `mix help test` for more information.

Running ExUnit with seed: 522396, max_cases: 16

.................................................................................................................
Finished in 55.9 seconds (12.1s async, 43.8s sync)

Result: 113 passed
==> exocomp_core
Running ExUnit with seed: 522396, max_cases: 16

................................................................................................................................................................................................
Finished in 18.7 seconds (18.7s async, 0.00s sync)

Result: 192 passed
==> exocomp_coordinator
Running ExUnit with seed: 522396, max_cases: 16

....................................    warning: default values for the optional arguments in the private function inventory_node/2 are never used
    │
 18 │   defp inventory_node(id, hostname \\ nil) do
    │        ~
    │
    └─ test/exocomp/coordinator/resolver_test.exs:18:8: Exocomp.Coordinator.ResolverTest (module)

............................................     warning: default values for the optional arguments in the private function start_client_agent/1 are never used
     │
 169 │   defp start_client_agent(responses \\ %{}) do
     │        ~
     │
     └─ test/exocomp/coordinator/multi_node_orchestration_integration_test.exs:169:8: Exocomp.Coordinator.MultiNodeOrchestrationIntegrationTest (module)

.    warning: default values for the optional arguments in the private function clock_agent/1 are never used
    │
 17 │   defp clock_agent(initial \\ nil) do
    │        ~
    │
    └─ test/exocomp/coordinator/enrollment_token_test.exs:17:8: Exocomp.Coordinator.EnrollmentTokenTest (module)

.....    warning: unused alias NodeOutcome
    │
 10 │   alias Exocomp.Coordinator.{DiagnosticGoal, GoalStore, NodeOutcome, Orchestrator}
    │   ~
    │
    └─ test/exocomp/coordinator/orchestrator_test.exs:10:3

.........
07:16:44.293 [info] [CoordinatorA2ARouter] mTLS client certificate accepted
...
07:16:45.166 [info] [CoordinatorA2ARouter] mTLS client certificate accepted
.
07:16:45.175 [info] [CoordinatorA2ARouter] mTLS client certificate accepted
..
07:16:45.268 [info] [CoordinatorA2ARouter] mTLS client certificate accepted
.
07:16:45.320 [info] [CoordinatorA2ARouter] mTLS client certificate accepted
.
07:16:45.327 [info] [CoordinatorA2ARouter] mTLS client certificate accepted
.
07:16:45.335 [info] [CoordinatorA2ARouter] mTLS client certificate accepted
.
07:16:45.358 [info] [CoordinatorA2ARouter] mTLS client certificate accepted
.
07:16:45.366 [info] [CoordinatorA2ARouter] mTLS client certificate accepted
.
07:16:45.377 [info] [CoordinatorA2ARouter] mTLS client certificate accepted
.
07:16:45.390 [info] [CoordinatorA2ARouter] mTLS client certificate accepted
.
07:16:45.400 [info] [CoordinatorA2ARouter] mTLS client certificate accepted

07:16:45.410 [info] [CoordinatorA2ARouter] mTLS client certificate accepted
..
07:16:45.425 [info] [CoordinatorA2ARouter] mTLS client certificate accepted

07:16:45.446 [info] [CoordinatorA2ARouter] mTLS client certificate accepted

07:16:45.438 [info] [CoordinatorA2ARouter] mTLS client certificate accepted

07:16:45.438 [info] [CoordinatorA2ARouter] mTLS client certificate accepted

07:16:45.445 [info] [CoordinatorA2ARouter] mTLS client certificate accepted
.
07:16:45.529 [info] [CoordinatorA2ARouter] mTLS client certificate accepted
.
07:16:45.543 [info] [CoordinatorA2ARouter] mTLS client certificate accepted
.
07:16:45.599 [info] [CoordinatorA2ARouter] mTLS client certificate accepted
.
07:16:45.609 [info] [CoordinatorA2ARouter] mTLS client certificate accepted
...
07:16:45.627 [info] [CoordinatorA2ARouter] mTLS client certificate accepted
.
07:16:45.646 [info] [CoordinatorA2ARouter] mTLS client certificate accepted
.
07:16:45.656 [info] [CoordinatorA2ARouter] mTLS client certificate accepted
.
07:16:45.678 [info] [CoordinatorA2ARouter] mTLS client certificate accepted
.
07:16:45.707 [info] [CoordinatorA2ARouter] mTLS client certificate accepted
.
07:16:45.736 [info] [CoordinatorA2ARouter] mTLS client certificate accepted
.
07:16:45.771 [info] [CoordinatorA2ARouter] mTLS client certificate accepted
..
07:16:46.000 [warning] [CoordinatorA2ARouter] mTLS client certificate missing
.
07:16:46.013 [info] [CoordinatorA2ARouter] mTLS client certificate accepted
.
07:16:46.027 [info] [CoordinatorA2ARouter] mTLS client certificate accepted
.
07:16:46.037 [warning] [CoordinatorA2ARouter] mTLS client certificate missing
.
07:16:46.049 [info] [CoordinatorA2ARouter] mTLS client certificate accepted
.
07:16:45.526 [error] Task #PID<0.1722.0> started from #PID<0.1717.0> terminating
** (stop) exited in: GenServer.call(:coord_registry_3363, {:transition, "2dd39c5a-9c7c-4456-8e33-aed32f9b27ae", :completed, %Exocomp.A2A.Artifact{artifactId: "test-artifact-coord", name: "test", description: nil, parts: [%Exocomp.A2A.DataPart{type: "data", data: %{"nodes" => %{}}, metadata: nil}], index: nil, append: false, lastChunk: false, metadata: nil}}, 5000)
    ** (EXIT) no process: the process is not alive or there's no process currently associated with the given name, possibly because its application isn't started
    (elixir 1.20.2) lib/gen_server.ex:1176: GenServer.call/3
    (elixir 1.20.2) lib/task/supervised.ex:105: Task.Supervised.invoke_mfa/2
Function: #Function<16.20999061/0 in Exocomp.Coordinator.A2ARouter.run_skill_async/5>
    Args: []

07:16:45.525 [error] Task #PID<0.1723.0> started from #PID<0.1715.0> terminating
** (stop) exited in: GenServer.call(:coord_registry_3363, {:transition, "7df16c1e-e91e-4dfb-8894-3e3fe6a3af79", :completed, %Exocomp.A2A.Artifact{artifactId: "test-artifact-coord", name: "test", description: nil, parts: [%Exocomp.A2A.DataPart{type: "data", data: %{"nodes" => %{}}, metadata: nil}], index: nil, append: false, lastChunk: false, metadata: nil}}, 5000)
    ** (EXIT) no process: the process is not alive or there's no process currently associated with the given name, possibly because its application isn't started
    (elixir 1.20.2) lib/gen_server.ex:1176: GenServer.call/3
    (elixir 1.20.2) lib/task/supervised.ex:105: Task.Supervised.invoke_mfa/2
Function: #Function<16.20999061/0 in Exocomp.Coordinator.A2ARouter.run_skill_async/5>
    Args: []

07:16:46.192 [info] [CoordinatorA2ARouter] mTLS client certificate accepted
...
07:16:46.260 [info] [CoordinatorA2ARouter] mTLS client certificate accepted
..
07:16:46.268 [info] [CoordinatorA2ARouter] mTLS client certificate accepted
..
07:16:46.276 [info] [CoordinatorA2ARouter] mTLS client certificate accepted
................................................................................................................
07:16:59.267 [warning] [EnrollmentHandler] PKI.State not running
......................................................
07:17:12.093 [error] Task #PID<0.2805.0> started from :poller_5348 terminating
** (RuntimeError) resolver crashed
    test/exocomp/coordinator/health_poller_test.exs:172: anonymous fn/2 in Exocomp.Coordinator.HealthPollerTest."test delayed resolver and probe crashes are isolated and release capacity"/1
    (exocomp_coordinator 0.1.0) lib/exocomp/coordinator/health_poller.ex:155: Exocomp.Coordinator.HealthPoller.resolve/3
    (exocomp_coordinator 0.1.0) lib/exocomp/coordinator/health_poller.ex:141: Exocomp.Coordinator.HealthPoller.run_poll/3
    (elixir 1.20.2) lib/task/supervised.ex:105: Task.Supervised.invoke_mfa/2
    (elixir 1.20.2) lib/task/supervised.ex:40: Task.Supervised.reply/4
Function: #Function<4.48843809/0 in Exocomp.Coordinator.HealthPoller.start_poll/2>
    Args: []

07:17:12.279 [error] Task #PID<0.2806.0> started from :poller_5348 terminating
** (RuntimeError) probe crashed
    test/exocomp/coordinator/health_poller_test.exs:181: anonymous fn/3 in Exocomp.Coordinator.HealthPollerTest."test delayed resolver and probe crashes are isolated and release capacity"/1
    (exocomp_coordinator 0.1.0) lib/exocomp/coordinator/health_poller.ex:149: Exocomp.Coordinator.HealthPoller.run_poll/3
    (elixir 1.20.2) lib/task/supervised.ex:105: Task.Supervised.invoke_mfa/2
    (elixir 1.20.2) lib/task/supervised.ex:40: Task.Supervised.reply/4
Function: #Function<4.48843809/0 in Exocomp.Coordinator.HealthPoller.start_poll/2>
    Args: []
....................................................................................................................................................................................................
Finished in 77.6 seconds (41.7s async, 35.8s sync)

Result: 500 passed
==> exocomp_node
    warning: redefining module Exocomp.Node.Test.FakeLlamaServer (current version loaded from /workspace/_build/test/lib/exocomp_node/ebin/Elixir.Exocomp.Node.Test.FakeLlamaServer.beam)
    │
  3 │ defmodule Exocomp.Node.Test.FakeLlamaServer do
    │ ~~~~~~~~~~~~~~~~~~~~~~~~~~~~~~~~~~~~~~~~~~~~~~
    │
    └─ test/support/fake_llama_server.ex:3: Exocomp.Node.Test.FakeLlamaServer (module)

    warning: redefining module Exocomp.Node.MockCommander (current version loaded from /workspace/_build/test/lib/exocomp_node/ebin/Elixir.Exocomp.Node.MockCommander.beam)
    │
  3 │ defmodule Exocomp.Node.MockCommander do
    │ ~~~~~~~~~~~~~~~~~~~~~~~~~~~~~~~~~~~~~~~
    │
    └─ test/support/mock_commander.ex:3: Exocomp.Node.MockCommander (module)

Running ExUnit with seed: 522396, max_cases: 16
Excluding tags: [:integration, :systemd]

....................................................................................    warning: unused alias TextPart
    │
  9 │   alias Exocomp.A2A.{Artifact, DataPart, Message, TextPart}
    │   ~
    │
    └─ test/exocomp/node/a2a_router_test.exs:9:3


07:17:41.856 [info] [A2ARouter] mTLS client certificate accepted
...........
07:17:42.427 [info] [A2ARouter] mTLS client certificate accepted
.
07:17:42.527 [info] [A2ARouter] mTLS client certificate accepted
..
07:17:42.617 [info] [A2ARouter] mTLS client certificate accepted
.
07:17:42.627 [info] [A2ARouter] mTLS client certificate accepted
.
07:17:42.652 [info] [A2ARouter] mTLS client certificate accepted
.
07:17:42.667 [info] [A2ARouter] mTLS client certificate accepted
.
07:17:42.672 [info] [A2ARouter] mTLS client certificate accepted
.
07:17:42.678 [info] [A2ARouter] mTLS client certificate accepted
.
07:17:42.695 [info] [A2ARouter] mTLS client certificate accepted

07:17:42.709 [info] [A2ARouter] mTLS client certificate accepted
.
07:17:42.798 [info] [A2ARouter] mTLS client certificate accepted
.
07:17:42.815 [info] [A2ARouter] mTLS client certificate accepted
.
07:17:42.843 [info] [A2ARouter] mTLS client certificate accepted
.
07:17:42.869 [info] [A2ARouter] mTLS client certificate accepted
.
07:17:43.079 [info] [A2ARouter] mTLS client certificate accepted
.
07:17:43.095 [info] [A2ARouter] mTLS client certificate accepted
.
07:17:43.420 [warning] [A2ARouter] mTLS client certificate missing
.
07:17:43.444 [info] [A2ARouter] mTLS client certificate accepted
.
07:17:43.460 [info] [A2ARouter] mTLS client certificate accepted
....................................warning: using map.field notation (without parentheses) to invoke function :malformed.required_evidence() is deprecated, you must add parentheses instead: remote.function()
  (exocomp_node 0.1.0) lib/exocomp/node/safety/policy_engine.ex:464: Exocomp.Node.Safety.PolicyEngine.scope_evidence_for_candidate/3
  (exocomp_node 0.1.0) lib/exocomp/node/safety/policy_engine.ex:409: anonymous fn/6 in Exocomp.Node.Safety.PolicyEngine.do_evaluate/4
  (elixir 1.20.2) lib/enum.ex:2622: Enum."-reduce/3-lists^foldl/2-0-"/3
  (exocomp_node 0.1.0) lib/exocomp/node/safety/policy_engine.ex:406: Exocomp.Node.Safety.PolicyEngine.do_evaluate/4
  (exocomp_node 0.1.0) lib/exocomp/node/safety/policy_engine.ex:187: Exocomp.Node.Safety.PolicyEngine.evaluate/4
  test/exocomp/node/safety/policy_engine_test.exs:210: Exocomp.Node.Safety.PolicyEngineTest."test evaluate/4 safety and determinism an exception in filtering is caught and denied as an internal policy error"/1
  (ex_unit 1.20.2) lib/ex_unit/runner.ex:533: ExUnit.Runner.exec_test/2
  (stdlib 7.3) timer.erl:599: :timer.tc/2
  (ex_unit 1.20.2) lib/ex_unit/runner.ex:455: anonymous fn/6 in ExUnit.Runner.spawn_test_monitor/4

...........................................    warning: default values for the optional arguments in the private function setup_with_fake_server/1 are never used
    │
 56 │   defp setup_with_fake_server(opts \\ []) do
    │        ~
    │
    └─ test/exocomp/node/proposal_client_test.exs:56:8: Exocomp.Node.ProposalClientTest (module)

........................................................................................................................................................      warning: default values for the optional arguments in the private function build_evidence/3 are never used
      │
 1292 │   defp build_evidence(id, collector, overrides \\ []) do
      │        ~
      │
      └─ test/integration/m3_acceptance_test.exs:1292:8: Exocomp.Integration.M3AcceptanceTest (module)

..................................................................................................................................     warning: incompatible types given to Exocomp.Node.ProposalClient.propose/1:

         Exocomp.Node.ProposalClient.propose("not a map")

     given types:

         -binary()-

     but expected one of:

         map()

     type warning found at:
     │
 101 │       ProposalClient.propose("not a map")
     │                      ~
     │
     └─ test/exocomp/node/proposal_client_test.exs:101:22: Exocomp.Node.ProposalClientTest."test non-map input is rejected at the function clause level"/1

     warning: the following conditional expression will always succeed:

         is_binary(ev.collector_version)

     because it evaluates to:

         dynamic(true)

     where "ev" was given the types:

         # type: dynamic(%Exocomp.Node.Safety.Evidence{
           schema_version: binary(),
           collector: binary(),
           collector_version: binary(),
           observed_at:
             %DateTime{calendar: term()} or
               %DateTime{
                 utc_offset: float() or integer(),
                 std_offset: float() or integer(),
                 microsecond: {term(), term()},
                 calendar: Calendar.ISO
               },
           values: %{binary() => binary()}
         })
         # from: test/exocomp/node/safety/disk_pressure_collector_test.exs:148
         {_threshold, ev} =
           case right do
             ...
           end

         # type: dynamic(%Exocomp.Node.Safety.Evidence{
           schema_version: binary(),
           evidence_id: binary(),
           collector: binary(),
           collector_version: binary(),
           observed_at:
             %DateTime{calendar: term()} or
               %DateTime{
                 utc_offset: float() or integer(),
                 std_offset: float() or integer(),
                 microsecond: {term(), term()},
                 calendar: Calendar.ISO
               },
           values: %{binary() => binary()}
         })
         # from: test/exocomp/node/safety/disk_pressure_collector_test.exs:151:14
         is_binary(ev.evidence_id)

     type warning found at:
     │
 153 │       assert is_binary(ev.collector_version) and byte_size(ev.collector_version) > 0
     │       ~~~~~~~~~~~~~~~~~~~~~~~~~~~~~~~~~~~~~~~~~~~~~~~~~~~~~~~~~~~~~~~~~~~~~~~~~~~~~~
     │
     └─ test/exocomp/node/safety/disk_pressure_collector_test.exs:153: Exocomp.Node.Safety.DiskPressureCollectorTest."test evidence record structure all required fields are present in the returned Evidence struct"/1

     warning: the following conditional expression will always succeed:

         is_binary(id)

     because it evaluates to:

         dynamic(true)

     where "id" was given the type:

         # type: binary()
         # from: test/exocomp/node/skills/service_diagnose_test.exs:112
         {id} =
           case right do
             ...
           end

     type warning found at:
     │
 115 │     assert is_binary(id) and id != ""
     │     ~~~~~~~~~~~~~~~~~~~~~~~~~~~~~~~~~
     │
     └─ test/exocomp/node/skills/service_diagnose_test.exs:115: Exocomp.Node.Skills.ServiceDiagnoseTest."test returned artifact has a non-empty artifactId"/1

     warning: the following conditional expression will always succeed:

         is_binary(id)

     because it evaluates to:

         dynamic(true)

     where "id" was given the type:

         # type: binary()
         # from: test/exocomp/node/skills/system_diagnose_test.exs:150
         {id} =
           case right do
             ...
           end

     type warning found at:
     │
 151 │     assert is_binary(id) and id != ""
     │     ~~~~~~~~~~~~~~~~~~~~~~~~~~~~~~~~~
     │
     └─ test/exocomp/node/skills/system_diagnose_test.exs:151: Exocomp.Node.Skills.SystemDiagnoseTest."test returned artifact has a non-empty artifactId"/1

    warning: the following conditional expression will always succeed:

        is_binary(id)

    because it evaluates to:

        dynamic(true)

    where "id" was given the type:

        # type: binary()
        # from: test/exocomp/node/skills/remediation_propose_test.exs:87
        {id} =
          case right do
            ...
          end

    type warning found at:
    │
 88 │     assert is_binary(id) and id != ""
    │     ~~~~~~~~~~~~~~~~~~~~~~~~~~~~~~~~~
    │
    └─ test/exocomp/node/skills/remediation_propose_test.exs:88: Exocomp.Node.Skills.RemediationProposeTest."test returned artifact has a non-empty artifactId"/1

...........................
07:18:17.704 [warning] llama-server did not become ready within 600ms
.
07:18:17.995 [warning] llama-server exited: 143

07:18:17.998 [info] restarting llama-server in 125ms (attempt 1)
.
07:18:18.301 [error] failed to start llama-server: Erlang error: :enoent

07:18:18.303 [info] restarting llama-server in 948ms (attempt 1)
.
07:18:18.764 [warning] llama-server exited: 143

07:18:18.768 [info] restarting llama-server in 196ms (attempt 1)
..
07:18:19.291 [error] failed to start llama-server: Erlang error: :enoent

07:18:19.292 [info] restarting llama-server in 841ms (attempt 1)

07:18:20.139 [error] failed to start llama-server: Erlang error: :enoent

07:18:20.140 [info] restarting llama-server in 1493ms (attempt 2)

07:18:21.639 [error] failed to start llama-server: Erlang error: :enoent

07:18:21.641 [info] restarting llama-server in 2917ms (attempt 3)
.
07:18:21.659 [warning] ignoring non-loopback llama_host "0.0.0.0"; llama-server is loopback-only
..................
07:18:24.362 [warning] Key file has insecure permissions (mode too permissive)

07:18:24.364 [error] [Listener] startup failed: :key_not_secure
.
07:18:24.413 [warning] Certificate chain validation failed: :invalid_issuer

07:18:24.414 [error] [Listener] startup failed: {:invalid_chain, "[REDACTED]"}
.
07:18:24.427 [error] [Listener] config load error: {:json_parse, %Jason.DecodeError{position: 55, token: nil, data: "{\"version\": 1, \"node_id\": \"exocomp-test-node\", \"tls\": {"}}

07:18:24.428 [error] [Listener] startup failed: {:json_parse, %Jason.DecodeError{position: 55, token: nil, data: "{\"version\": 1, \"node_id\": \"exocomp-test-node\", \"tls\": {"}}
..
07:18:24.973 [error] [Listener] config load error: {:unsupported_version, 99}

07:18:24.975 [error] [Listener] startup failed: {:unsupported_version, 99}
.
07:18:24.966 [error] Task #PID<0.6305.0> started from #PID<0.6303.0> terminating
** (stop) exited in: :gen_server.call(#PID<0.6160.0>, :accept_options, :infinity)
    ** (EXIT) no process: the process is not alive or there's no process currently associated with the given name, possibly because its application isn't started
    (stdlib 7.3) gen_server.erl:1301: :gen_server.call/3
    (ssl 11.6.0.3) tls_socket.erl:120: :tls_socket.accept/3
    (thousand_island 1.5.0) lib/thousand_island/acceptor.ex:34: ThousandIsland.Acceptor.accept/6
    (elixir 1.20.2) lib/task/supervised.ex:105: Task.Supervised.invoke_mfa/2
Process Label: {:thousand_island, :acceptor, {{18437, Bandit.DelegatingHandler}, 48}}
Function: &ThousandIsland.Acceptor.run/1
    Args: [{#PID<0.6158.0>, #PID<0.6303.0>, 48, %ThousandIsland.ServerConfig{port: 18437, transport_module: ThousandIsland.Transports.SSL, transport_options: [certfile: ~c"/workspace/apps/exocomp_node/test/fixtures/certs/node.crt", keyfile: ~c"/tmp/listener_test_key_6456807.key", cacertfile: ~c"/workspace/apps/exocomp_node/test/fixtures/certs/ca.crt", verify: :verify_peer, fail_if_no_peer_cert: true, versions: [:"tlsv1.3"], ip: {127, 0, 0, 1}, alpn_preferred_protocols: ["h2", "http/1.1"]], handler_module: Bandit.DelegatingHandler, handler_options: %{opts: %{http: [], http_1: [], http_2: [], websocket: []}, plug: {Exocomp.Node.A2ARouter, [node_id: "exocomp-test-node"]}, handler_module: Bandit.InitialHandler, http_1_enabled: true, http_2_enabled: true}, genserver_options: [], supervisor_options: [], num_acceptors: 100, num_listen_sockets: 1, num_connections: 16384, max_connections_retry_count: 5, max_connections_retry_wait: 1000, read_timeout: 60000, shutdown_timeout: 15000, silent_terminate_on_error: false}}]

07:18:25.049 [warning] Certificate SAN does not match node_id "exocomp-test-node" (SANs redacted)

07:18:25.053 [error] [Listener] startup failed: {:san_mismatch, [expected: "exocomp-test-node"]}
.
07:18:25.070 [error] [Listener] config load error: :enoent

07:18:25.072 [error] [Listener] startup failed: :enoent
.
07:18:25.442 [error] [Listener] config load error: :enoent

07:18:25.444 [error] [Listener] reload failed: :enoent

07:18:25.449 [error] GenServer Exocomp.Node.Listener terminating
** (stop) :enoent
Last message (from #PID<0.6476.0>): :reload
State: %{config: %Exocomp.Node.Config{version: 1, node_id: "exocomp-test-node", tls: %Exocomp.Node.Config.TLS{ca_cert: "/workspace/apps/exocomp_node/test/fixtures/certs/ca.crt", node_cert: "/workspace/apps/exocomp_node/test/fixtures/certs/node.crt", node_key: "[REDACTED]"}, listen: %Exocomp.Node.Config.Listen{host: "127.0.0.1", port: 18438}}, config_path: "/tmp/listener_test_cfg_4344513.json", bandit_pid: #PID<0.6480.0>}
Client #PID<0.6476.0> is alive

    (stdlib 7.3) gen.erl:262: :gen.do_call/4
    (elixir 1.20.2) lib/gen_server.ex:1180: GenServer.call/3
    test/exocomp/node/listener_test.exs:218: Exocomp.Node.ListenerTest."test reload with missing config file returns error and listener stops"/1
    (ex_unit 1.20.2) lib/ex_unit/runner.ex:533: ExUnit.Runner.exec_test/2
    (stdlib 7.3) timer.erl:599: :timer.tc/2
    (ex_unit 1.20.2) lib/ex_unit/runner.ex:455: anonymous fn/6 in ExUnit.Runner.spawn_test_monitor/4

07:18:25.467 [error] [Listener] config load error: :enoent

07:18:25.468 [error] [Listener] startup failed: :enoent
...................................................................................................
07:18:26.498 [info] ProposalClient inference attempt
.
07:18:26.500 [warning] ProposalClient inference failed
.
07:18:26.551 [info] ProposalClient inference attempt

07:18:26.554 [warning] ProposalClient inference failed
.
07:18:26.560 [info] ProposalClient inference attempt

07:18:26.561 [warning] ProposalClient inference failed

07:18:26.563 [info] ProposalClient inference attempt

07:18:26.565 [warning] ProposalClient inference failed
.
07:18:26.567 [info] ProposalClient inference attempt

07:18:26.569 [warning] ProposalClient inference failed

07:18:26.635 [info] ProposalClient inference attempt

07:18:26.949 [warning] ProposalClient inference failed
.
07:18:26.963 [info] ProposalClient inference attempt

07:18:26.972 [warning] ProposalClient inference failed
..
07:18:27.169 [info] ProposalClient inference attempt
.
07:18:27.170 [warning] ProposalClient inference failed

07:18:27.236 [info] ProposalClient inference attempt

07:18:27.334 [warning] ProposalClient inference failed
.
07:18:27.369 [info] ProposalClient inference attempt
.
07:18:27.370 [warning] ProposalClient inference failed

07:18:27.430 [info] ProposalClient inference attempt

07:18:27.519 [info] ProposalClient inference succeeded
.
07:18:27.526 [info] ProposalClient inference attempt

07:18:27.528 [warning] ProposalClient inference failed
.
07:18:27.600 [info] ProposalClient inference attempt

07:18:27.708 [warning] ProposalClient inference failed
...
07:18:28.209 [info] [ApprovalGate] start correlation_id=corr-test-1 action=restart_service target=example.service

07:18:28.211 [info] [ApprovalGate] token_valid correlation_id=corr-test-1 nonce=unit-tes... action=restart_service

07:18:28.213 [info] [ApprovalGate] preconditions_ok correlation_id=corr-test-1 nonce=unit-tes... action=restart_service

07:18:28.251 [info] [ApprovalGate] replay_claimed correlation_id=corr-test-1 nonce=unit-tes... action=restart_service

07:18:28.264 [warning] [ApprovalGate] execution_failed correlation_id=corr-test-1 nonce=unit-tes... action=restart_service error=:not_allowed
.
07:18:28.401 [info] [ApprovalGate] start correlation_id=corr-test-1 action=restart_service target=example.service

07:18:28.402 [info] [ApprovalGate] token_valid correlation_id=corr-test-1 nonce=unit-tes... action=restart_service

07:18:28.403 [info] [ApprovalGate] preconditions_ok correlation_id=corr-test-1 nonce=unit-tes... action=restart_service

07:18:28.407 [error] [ApprovalGate] replay_storage_failure correlation_id=corr-test-1 nonce=unit-tes... action=restart_service
.
07:18:28.509 [info] [ApprovalGate] start correlation_id=corr-test-1 action=restart_service target=example.service

07:18:28.516 [info] [ApprovalGate] token_valid correlation_id=corr-test-1 nonce=kPZJRl6u... action=restart_service

07:18:28.517 [info] [ApprovalGate] preconditions_ok correlation_id=corr-test-1 nonce=kPZJRl6u... action=restart_service

07:18:28.552 [info] [ApprovalGate] replay_claimed correlation_id=corr-test-1 nonce=kPZJRl6u... action=restart_service

07:18:28.603 [debug] [Executor] action=restart_service target="example.service" exec=/usr/bin/sudo argv=["/usr/bin/systemctl", "restart", "example.service"]

07:18:28.607 [info] [ApprovalGate] execution_success correlation_id=corr-test-1 nonce=kPZJRl6u... action=restart_service
..
07:18:28.769 [info] [ApprovalGate] start correlation_id=corr-test-1 action=restart_service target=example.service

07:18:28.771 [info] [ApprovalGate] token_valid correlation_id=corr-test-1 nonce=unit-tes... action=restart_service

07:18:28.772 [warning] [ApprovalGate] precondition_changed correlation_id=corr-test-1 nonce=unit-tes... action=restart_service target=example.service reason=:precondition_changed
.
07:18:28.813 [info] [ApprovalGate] start correlation_id=corr-test-1 action=restart_service target=example.service

07:18:28.814 [warning] [ApprovalGate] token_invalid correlation_id=corr-test-1 action=restart_service reason={:binding_mismatch, :node_id, "node-test-1", "wrong"}
..
07:18:28.973 [info] [ApprovalGate] start correlation_id=corr-test-1 action=restart_service target=example.service

07:18:28.974 [info] [ApprovalGate] token_valid correlation_id=corr-test-1 nonce=unit-tes... action=restart_service
.
07:18:28.976 [warning] [ApprovalGate] precondition_changed correlation_id=corr-test-1 nonce=unit-tes... action=restart_service target=example.service reason={:collection_failed, :state_changed}
.
07:18:29.173 [info] [ApprovalGate] start correlation_id=corr-test-1 action=restart_service target=example.service

07:18:29.180 [warning] [ApprovalGate] token_invalid correlation_id=corr-test-1 action=restart_service reason={:binding_mismatch, :node_id, nil, ""}
.
07:18:29.265 [info] [ApprovalGate] start correlation_id=corr-test-1 action=restart_service target=example.service

07:18:29.273 [warning] [ApprovalGate] token_invalid correlation_id=corr-test-1 action=restart_service reason={:binding_mismatch, :task_id, "wrong-task", "task-test-1"}
.
07:18:29.348 [info] [ApprovalGate] start correlation_id=corr-test-1 action=restart_service target=example.service

07:18:29.354 [info] [ApprovalGate] token_valid correlation_id=corr-test-1 nonce=DV6z02QC... action=restart_service

07:18:29.355 [warning] [ApprovalGate] precondition_changed correlation_id=corr-test-1 nonce=DV6z02QC... action=restart_service target=example.service reason=:precondition_changed
.
07:18:29.412 [info] [ApprovalGate] start correlation_id=corr-test-1 action=restart_service target=example.service

07:18:29.413 [warning] [ApprovalGate] token_invalid correlation_id=corr-test-1 action=restart_service reason={:binding_mismatch, :task_id, "task-test-1", "wrong-task"}
.
07:18:29.505 [info] [ApprovalGate] start correlation_id=corr-test-1 action=restart_service target=example.service

07:18:29.521 [warning] [ApprovalGate] token_invalid correlation_id=corr-test-1 action=restart_service reason={:binding_mismatch, :node_id, "wrong-node", "node-test-1"}
.
07:18:29.605 [info] [ApprovalGate] start correlation_id=corr-test-1 action=restart_service target=example.service

07:18:29.611 [warning] [ApprovalGate] token_invalid correlation_id=corr-test-1 action=restart_service reason=:invalid_signature
.
07:18:29.672 [info] [ApprovalGate] start correlation_id=corr-test-1 action=restart_service target=example.service

07:18:29.675 [info] [ApprovalGate] token_valid correlation_id=corr-test-1 nonce=unit-tes... action=restart_service

07:18:29.677 [info] [ApprovalGate] preconditions_ok correlation_id=corr-test-1 nonce=unit-tes... action=restart_service

07:18:29.682 [error] [ApprovalGate] replay_storage_failure correlation_id=corr-test-1 nonce=unit-tes... action=restart_service
.
07:18:29.776 [info] [ApprovalGate] start correlation_id=corr-test-1 action=restart_service target=example.service

07:18:29.783 [warning] [ApprovalGate] token_invalid correlation_id=corr-test-1 action=restart_service reason=:expired
.
07:18:29.851 [info] [ApprovalGate] start correlation_id=corr-test-1 action=vacuum_logs target=example.service

07:18:29.860 [warning] [ApprovalGate] token_invalid correlation_id=corr-test-1 action=vacuum_logs reason={:binding_mismatch, :action_id, "vacuum_logs", "restart_service"}
.
07:18:29.974 [info] [ApprovalGate] start correlation_id=corr-test-1 action=restart_service target=example.service

07:18:29.994 [info] [ApprovalGate] token_valid correlation_id=corr-test-1 nonce=CEchJnl7... action=restart_service

07:18:29.995 [info] [ApprovalGate] preconditions_ok correlation_id=corr-test-1 nonce=CEchJnl7... action=restart_service

07:18:30.063 [info] [ApprovalGate] replay_claimed correlation_id=corr-test-1 nonce=CEchJnl7... action=restart_service

07:18:30.084 [debug] [Executor] action=restart_service target="example.service" exec=/usr/bin/sudo argv=["/usr/bin/systemctl", "restart", "example.service"]

07:18:30.103 [info] [ApprovalGate] execution_success correlation_id=corr-test-1 nonce=CEchJnl7... action=restart_service

07:18:30.148 [info] [ApprovalGate] start correlation_id=corr-test-1 action=restart_service target=example.service

07:18:30.162 [info] [ApprovalGate] token_valid correlation_id=corr-test-1 nonce=CEchJnl7... action=restart_service

07:18:30.164 [info] [ApprovalGate] preconditions_ok correlation_id=corr-test-1 nonce=CEchJnl7... action=restart_service

07:18:30.182 [info] [ApprovalGate] replay_already_executed correlation_id=corr-test-1 nonce=CEchJnl7... action=restart_service
.
07:18:30.256 [info] [ApprovalGate] start correlation_id=corr-test-1 action=restart_service target=example.service

07:18:30.257 [warning] [ApprovalGate] token_invalid correlation_id=corr-test-1 action=restart_service reason={:binding_mismatch, :parameter_hash, "expected-hash", "actual-hash"}
.
07:18:30.387 [warning] reconciled crashed replay ledger claim nonce="F-G6Ax7XaZU33Me3UIqiyw" action=:restart_service target="example.service"

07:18:30.418 [info] [ApprovalGate] start correlation_id=corr-test-1 action=restart_service target=example.service

07:18:30.426 [info] [ApprovalGate] token_valid correlation_id=corr-test-1 nonce=F-G6Ax7X... action=restart_service

07:18:30.430 [info] [ApprovalGate] preconditions_ok correlation_id=corr-test-1 nonce=F-G6Ax7X... action=restart_service

07:18:30.435 [info] [ApprovalGate] replay_incomplete_pending correlation_id=corr-test-1 nonce=F-G6Ax7X... action=restart_service waiting=true
.
07:18:30.756 [info] [ApprovalGate] start correlation_id=corr-test-1 action=restart_service target=example.service

07:18:30.766 [warning] [ApprovalGate] token_invalid correlation_id=corr-test-1 action=restart_service reason=:public_key_unavailable
.
07:18:30.866 [info] [ApprovalGate] start correlation_id=corr-test-1 action=restart_service target=example.service
.
07:18:30.868 [warning] [ApprovalGate] token_invalid correlation_id=corr-test-1 action=restart_service reason={:binding_mismatch, :action_id, "restart_service", "vacuum_logs"}

07:18:30.978 [info] [ApprovalGate] start correlation_id=corr-test-1 action=restart_service target=example.service

07:18:30.986 [info] [ApprovalGate] token_valid correlation_id=corr-test-1 nonce=arkhhVDa... action=restart_service

07:18:30.987 [info] [ApprovalGate] preconditions_ok correlation_id=corr-test-1 nonce=arkhhVDa... action=restart_service

07:18:31.038 [info] [ApprovalGate] replay_claimed correlation_id=corr-test-1 nonce=arkhhVDa... action=restart_service

07:18:31.040 [info] [ApprovalGate] start correlation_id=corr-test-1 action=restart_service target=example.service

07:18:31.054 [info] [ApprovalGate] token_valid correlation_id=corr-test-1 nonce=arkhhVDa... action=restart_service

07:18:31.055 [info] [ApprovalGate] preconditions_ok correlation_id=corr-test-1 nonce=arkhhVDa... action=restart_service

07:18:31.058 [info] [ApprovalGate] replay_incomplete_pending correlation_id=corr-test-1 nonce=arkhhVDa... action=restart_service waiting=true

07:18:31.094 [debug] [Executor] action=restart_service target="example.service" exec=/usr/bin/sudo argv=["/usr/bin/systemctl", "restart", "example.service"]

07:18:31.100 [info] [ApprovalGate] execution_success correlation_id=corr-test-1 nonce=arkhhVDa... action=restart_service
.
07:18:31.214 [info] [ApprovalGate] start correlation_id=corr-test-1 action=restart_service target=example.service

07:18:31.215 [warning] [ApprovalGate] token_invalid correlation_id=corr-test-1 action=restart_service reason=:expired
.
07:18:31.279 [info] [ApprovalGate] start correlation_id=corr-test-1 action=restart_service target=example.service

07:18:31.286 [warning] [ApprovalGate] token_invalid correlation_id=corr-test-1 action=restart_service reason={:binding_mismatch, :parameter_hash, "be1b421ff6c9b2b97f429306cf7b478ebd068497d655ed2d2792594d9425b9df", "80e6b9cb31428f02de1787d3f43ca94dbc86358aa6465b42e90fe85a6bbc6ec7"}
..
07:18:32.950 [notice] TLS :server: In state :wait_cert at tls_handshake_1_3.erl:454 generated SERVER ALERT: Fatal - Certificate Required
 - :certificate_required
.
07:18:33.830 [info] [A2ARouter] mTLS client certificate accepted

07:18:33.853 [info] ProposalClient inference attempt

07:18:33.855 [warning] ProposalClient inference failed

07:18:34.010 [info] [A2ARouter] mTLS client certificate accepted

07:18:34.184 [info] [A2ARouter] mTLS client certificate accepted
.
07:18:34.724 [info] [A2ARouter] mTLS client certificate accepted

07:18:34.914 [info] [A2ARouter] mTLS client certificate accepted

07:18:35.102 [info] [A2ARouter] mTLS client certificate accepted
.
07:18:35.683 [info] [A2ARouter] mTLS client certificate accepted

07:18:35.694 [info] ProposalClient inference attempt

07:18:35.696 [warning] ProposalClient inference failed

07:18:35.935 [info] [A2ARouter] mTLS client certificate accepted

07:18:36.092 [info] [A2ARouter] mTLS client certificate accepted
.
07:18:36.589 [info] [A2ARouter] mTLS client certificate accepted

07:18:36.784 [info] [A2ARouter] mTLS client certificate accepted

07:18:37.016 [info] [A2ARouter] mTLS client certificate accepted

07:18:37.189 [info] [A2ARouter] mTLS client certificate accepted
.
07:18:37.893 [info] [A2ARouter] mTLS client certificate accepted
.
07:18:38.585 [error] Task #PID<0.9403.0> started from #PID<0.9401.0> terminating
** (stop) exited in: :gen_server.call(#PID<0.9399.0>, :accept_options, :infinity)
    ** (EXIT) no process: the process is not alive or there's no process currently associated with the given name, possibly because its application isn't started
    (stdlib 7.3) gen_server.erl:1301: :gen_server.call/3
    (ssl 11.6.0.3) tls_socket.erl:120: :tls_socket.accept/3
    (thousand_island 1.5.0) lib/thousand_island/acceptor.ex:34: ThousandIsland.Acceptor.accept/6
    (elixir 1.20.2) lib/task/supervised.ex:105: Task.Supervised.invoke_mfa/2
Process Label: {:thousand_island, :acceptor, {{19211, Bandit.DelegatingHandler}, 1}}
Function: &ThousandIsland.Acceptor.run/1
    Args: [{#PID<0.9397.0>, #PID<0.9401.0>, 1, %ThousandIsland.ServerConfig{port: 19211, transport_module: ThousandIsland.Transports.SSL, transport_options: [certfile: ~c"/workspace/apps/exocomp_node/test/fixtures/certs/node.crt", keyfile: ~c"/tmp/m1_acceptance_key_3750.key", cacertfile: ~c"/workspace/apps/exocomp_node/test/fixtures/certs/ca.crt", verify: :verify_peer, fail_if_no_peer_cert: true, versions: [:"tlsv1.3"], ip: {127, 0, 0, 1}, alpn_preferred_protocols: ["h2", "http/1.1"]], handler_module: Bandit.DelegatingHandler, handler_options: %{opts: %{http: [], http_1: [], http_2: [], websocket: []}, plug: {Exocomp.Node.A2ARouter, [node_id: "exocomp-test-node"]}, handler_module: Bandit.InitialHandler, http_1_enabled: true, http_2_enabled: true}, genserver_options: [], supervisor_options: [], num_acceptors: 100, num_listen_sockets: 1, num_connections: 16384, max_connections_retry_count: 5, max_connections_retry_wait: 1000, read_timeout: 60000, shutdown_timeout: 15000, silent_terminate_on_error: false}}]
.
07:18:39.052 [info] [A2ARouter] mTLS client certificate accepted

07:18:39.251 [info] [A2ARouter] mTLS client certificate accepted

07:18:39.401 [info] [A2ARouter] mTLS client certificate accepted
.
07:18:40.016 [info] [A2ARouter] mTLS client certificate accepted

07:18:40.283 [info] [A2ARouter] mTLS client certificate accepted
.
07:18:40.749 [info] [A2ARouter] mTLS client certificate accepted

07:18:40.937 [info] [A2ARouter] mTLS client certificate accepted
.
07:18:41.340 [info] [A2ARouter] mTLS client certificate accepted

07:18:41.521 [info] [A2ARouter] mTLS client certificate accepted
.
07:18:41.950 [info] [A2ARouter] mTLS client certificate accepted
.
07:18:42.388 [info] [A2ARouter] mTLS client certificate accepted

07:18:42.388 [info] [A2ARouter] mTLS client certificate accepted

07:18:42.430 [info] [A2ARouter] mTLS client certificate accepted

07:18:42.563 [info] [A2ARouter] mTLS client certificate accepted
.
07:18:43.025 [info] [A2ARouter] mTLS client certificate accepted
.
07:18:43.101 [warning] Key file has insecure permissions (mode too permissive)
.
07:18:43.176 [warning] Certificate chain validation failed: :invalid_issuer
.
07:18:43.227 [warning] Certificate chain validation failed: :cert_expired
.
07:18:43.247 [warning] Key file has insecure permissions (mode too permissive)
.
07:18:43.270 [warning] Key file has insecure permissions (mode too permissive)
.
07:18:43.310 [warning] Certificate SAN does not match node_id "exocomp-test-node" (SANs redacted)
..
07:18:43.573 [warning] Certificate chain validation failed: :invalid_issuer
.
07:18:43.642 [warning] Key file has insecure permissions (mode too permissive)
...
07:18:43.907 [info] [ApprovalGate] start correlation_id=a70c75b8917628604e03762089ca25db action=restart_service target=fixture.service

07:18:43.908 [warning] [ApprovalGate] token_invalid correlation_id=a70c75b8917628604e03762089ca25db action=restart_service reason=:expired
.
07:18:43.986 [info] [ApprovalGate] start correlation_id=3facf2725bcac3fbb013a15abfd3b125 action=restart_service target=fixture.service

07:18:43.987 [info] [ApprovalGate] token_valid correlation_id=3facf2725bcac3fbb013a15abfd3b125 nonce=nonce-ex... action=restart_service

07:18:43.989 [warning] [ApprovalGate] precondition_changed correlation_id=3facf2725bcac3fbb013a15abfd3b125 nonce=nonce-ex... action=restart_service target=fixture.service reason=:precondition_changed
.
07:18:44.069 [info] [ApprovalGate] start correlation_id=97bd72cebe96429d7385902a7ab5775f action=restart_service target=fixture.service

07:18:44.070 [warning] [ApprovalGate] token_invalid correlation_id=97bd72cebe96429d7385902a7ab5775f action=restart_service reason=:invalid_signature
..
07:18:44.187 [info] [ApprovalGate] start correlation_id=b84265debdbeef51c1edb0d1d87c4d8a action=restart_service target=fixture.service

07:18:44.188 [info] [ApprovalGate] token_valid correlation_id=b84265debdbeef51c1edb0d1d87c4d8a nonce=nonce-ex... action=restart_service

07:18:44.189 [info] [ApprovalGate] preconditions_ok correlation_id=b84265debdbeef51c1edb0d1d87c4d8a nonce=nonce-ex... action=restart_service

07:18:44.225 [info] [ApprovalGate] replay_claimed correlation_id=b84265debdbeef51c1edb0d1d87c4d8a nonce=nonce-ex... action=restart_service

07:18:44.228 [warning] [ApprovalGate] execution_failed correlation_id=b84265debdbeef51c1edb0d1d87c4d8a nonce=nonce-ex... action=restart_service error={:audit_unavailable, :sink_unavailable}
......
07:18:44.553 [info] [ApprovalGate] start correlation_id=554ba19e83af777477f53d95aaac7d73 action=restart_service target=fixture.service

07:18:44.554 [info] [ApprovalGate] token_valid correlation_id=554ba19e83af777477f53d95aaac7d73 nonce=nonce-ex... action=restart_service

07:18:44.555 [info] [ApprovalGate] preconditions_ok correlation_id=554ba19e83af777477f53d95aaac7d73 nonce=nonce-ex... action=restart_service

07:18:44.586 [info] [ApprovalGate] replay_claimed correlation_id=554ba19e83af777477f53d95aaac7d73 nonce=nonce-ex... action=restart_service

07:18:44.591 [info] [ApprovalGate] execution_success correlation_id=554ba19e83af777477f53d95aaac7d73 nonce=nonce-ex... action=restart_service
..
07:18:44.738 [info] [ApprovalGate] start correlation_id=bbcae73b6b56e33ea78c2dd21cf54792 action=restart_service target=fixture.service

07:18:44.739 [info] [ApprovalGate] token_valid correlation_id=bbcae73b6b56e33ea78c2dd21cf54792 nonce=nonce-ex... action=restart_service

07:18:44.740 [info] [ApprovalGate] preconditions_ok correlation_id=bbcae73b6b56e33ea78c2dd21cf54792 nonce=nonce-ex... action=restart_service

07:18:44.760 [info] [ApprovalGate] replay_claimed correlation_id=bbcae73b6b56e33ea78c2dd21cf54792 nonce=nonce-ex... action=restart_service

07:18:44.765 [info] [ApprovalGate] execution_success correlation_id=bbcae73b6b56e33ea78c2dd21cf54792 nonce=nonce-ex... action=restart_service

07:18:44.816 [info] [ApprovalGate] start correlation_id=bbcae73b6b56e33ea78c2dd21cf54792 action=restart_service target=fixture.service

07:18:44.817 [info] [ApprovalGate] token_valid correlation_id=bbcae73b6b56e33ea78c2dd21cf54792 nonce=nonce-ex... action=restart_service

07:18:44.818 [info] [ApprovalGate] preconditions_ok correlation_id=bbcae73b6b56e33ea78c2dd21cf54792 nonce=nonce-ex... action=restart_service
.
07:18:44.822 [info] [ApprovalGate] replay_already_executed correlation_id=bbcae73b6b56e33ea78c2dd21cf54792 nonce=nonce-ex... action=restart_service
...........................
07:18:46.291 [debug] [Executor] action=restart_service target="myapp.service" exec=/usr/bin/sudo argv=["/usr/bin/systemctl", "restart", "myapp.service"]

07:18:46.293 [warning] [Executor] action=restart_service target="myapp.service" failed exit_code=127
.
07:18:46.303 [debug] [Executor] action=restart_service target="myapp.service" exec=/usr/bin/sudo argv=["/usr/bin/systemctl", "restart", "myapp.service"]

07:18:46.305 [warning] [Executor] action=restart_service target="myapp.service" error={:output_limit_exceeded, 200000}
.
07:18:46.312 [debug] [Executor] action=restart_service target="myapp.service" exec=/usr/bin/sudo argv=["/usr/bin/systemctl", "restart", "myapp.service"]
.
07:18:46.320 [debug] [Executor] action=restart_service target="myapp.service" exec=/usr/bin/sudo argv=["/usr/bin/systemctl", "restart", "myapp.service"]
.
07:18:46.331 [debug] [Executor] action=restart_service target="myapp.service" exec=/usr/bin/sudo argv=["/usr/bin/systemctl", "restart", "myapp.service"]

07:18:46.333 [warning] [Executor] action=restart_service target="myapp.service" failed exit_code=1
..
07:18:46.349 [debug] [Executor] action=restart_service target="myapp.service" exec=/usr/bin/sudo argv=["/usr/bin/systemctl", "restart", "myapp.service"]

07:18:46.351 [debug] [Executor] action=restart_service target="nginx.service" exec=/usr/bin/sudo argv=["/usr/bin/systemctl", "restart", "nginx.service"]
..
07:18:46.360 [debug] [Executor] action=restart_service target="myapp.service" exec=/usr/bin/sudo argv=["/usr/bin/systemctl", "restart", "myapp.service"]

07:18:46.361 [warning] [Executor] action=restart_service target="myapp.service" failed exit_code=1
.
07:18:46.368 [debug] [Executor] action=restart_service target="myapp.service" exec=/usr/bin/sudo argv=["/usr/bin/systemctl", "restart", "myapp.service"]

07:18:46.370 [warning] [Executor] action=restart_service target="myapp.service" failed exit_code=1
.
07:18:46.376 [debug] [Executor] action=restart_service target="myapp.service" exec=/usr/bin/sudo argv=["/usr/bin/systemctl", "restart", "myapp.service"]
.
07:18:46.383 [debug] [Executor] action=vacuum_logs target=nil exec=/usr/bin/sudo argv=["/usr/bin/journalctl", "--vacuum-size=100M"]
.
07:18:46.395 [debug] [Executor] action=restart_service target="myapp.service" exec=/usr/bin/sudo argv=["/usr/bin/systemctl", "restart", "myapp.service"]
.
07:18:46.402 [debug] [Executor] action=restart_service target="myapp.service" exec=/usr/bin/sudo argv=["/usr/bin/systemctl", "restart", "myapp.service"]

07:18:46.404 [warning] [Executor] post-action verification failed action=restart_service target="myapp.service" reason={:service_not_active, 3}
.
07:18:46.411 [debug] [Executor] action=restart_service target="myapp.service" exec=/usr/bin/sudo argv=["/usr/bin/systemctl", "restart", "myapp.service"]

07:18:46.415 [warning] [Executor] action=restart_service target="myapp.service" error={:output_limit_exceeded, 99999}
......
07:18:46.448 [debug] [Executor] action=restart_service target="myapp.service" exec=/usr/bin/sudo argv=["/usr/bin/systemctl", "restart", "myapp.service"]

07:18:46.450 [warning] [Executor] action=restart_service target="myapp.service" error=:timeout
.
07:18:46.455 [debug] [Executor] action=vacuum_logs target=nil exec=/usr/bin/sudo argv=["/usr/bin/journalctl", "--vacuum-size=100M"]
..
07:18:46.467 [debug] [Executor] action=restart_service target="myapp.service" exec=/usr/bin/sudo argv=["/usr/bin/systemctl", "restart", "myapp.service"]
......
07:18:46.503 [debug] [Executor] action=restart_service target="myapp.service" exec=/usr/bin/sudo argv=["/usr/bin/systemctl", "restart", "myapp.service"]

07:18:46.507 [warning] [Executor] action=restart_service target="myapp.service" error=:timeout
...............
07:18:47.377 [info] [ApprovalGate] start correlation_id=corr-m3-test action=restart_service target=example.service

07:18:47.383 [info] [ApprovalGate] token_valid correlation_id=corr-m3-test nonce=yElY-O59... action=restart_service

07:18:47.384 [info] [ApprovalGate] preconditions_ok correlation_id=corr-m3-test nonce=yElY-O59... action=restart_service

07:18:47.413 [info] [ApprovalGate] replay_claimed correlation_id=corr-m3-test nonce=yElY-O59... action=restart_service

07:18:47.416 [debug] [Executor] action=restart_service target="example.service" exec=/usr/bin/sudo argv=["/usr/bin/systemctl", "restart", "example.service"]

07:18:47.418 [info] [ApprovalGate] execution_success correlation_id=corr-m3-test nonce=yElY-O59... action=restart_service

07:18:47.459 [info] [ApprovalGate] start correlation_id=corr-m3-test action=restart_service target=example.service

07:18:47.468 [info] [ApprovalGate] token_valid correlation_id=corr-m3-test nonce=yElY-O59... action=restart_service

07:18:47.470 [info] [ApprovalGate] preconditions_ok correlation_id=corr-m3-test nonce=yElY-O59... action=restart_service

07:18:47.473 [info] [ApprovalGate] replay_already_executed correlation_id=corr-m3-test nonce=yElY-O59... action=restart_service
.......
07:18:47.904 [info] [ApprovalGate] start correlation_id=corr-m3-test action=restart_service target=example.service

07:18:47.913 [warning] [ApprovalGate] token_invalid correlation_id=corr-m3-test action=restart_service reason={:binding_mismatch, :node_id, "node-m3-test", "other-node"}
.
07:18:47.978 [info] [ApprovalGate] start correlation_id=corr-m3-test action=restart_service target=example.service

07:18:47.998 [info] [ApprovalGate] token_valid correlation_id=corr-m3-test nonce=YO5rSoJ6... action=restart_service

07:18:48.004 [warning] [ApprovalGate] precondition_changed correlation_id=corr-m3-test nonce=YO5rSoJ6... action=restart_service target=example.service reason=:precondition_changed
.
07:18:48.077 [info] [ApprovalGate] start correlation_id=corr-m3-test action=restart_service target=example.service

07:18:48.084 [warning] [ApprovalGate] token_invalid correlation_id=corr-m3-test action=restart_service reason=:expired
..........
07:18:48.359 [debug] [Executor] action=restart_service target="myapp.service" exec=/usr/bin/sudo argv=["/usr/bin/systemctl", "restart", "myapp.service"]
...
07:18:48.566 [info] [ApprovalGate] start correlation_id=corr-m3-test action=restart_service target=example.service

07:18:48.574 [warning] [ApprovalGate] token_invalid correlation_id=corr-m3-test action=restart_service reason=:invalid_signature
..............
07:18:49.206 [info] [ApprovalGate] start correlation_id=b4412fffc88b57080d8060ee3474cc5e action=restart_service target=fixture.service

07:18:49.207 [info] [ApprovalGate] token_valid correlation_id=b4412fffc88b57080d8060ee3474cc5e nonce=nonce-fi... action=restart_service

07:18:49.209 [info] [ApprovalGate] preconditions_ok correlation_id=b4412fffc88b57080d8060ee3474cc5e nonce=nonce-fi... action=restart_service

07:18:49.243 [info] [ApprovalGate] replay_claimed correlation_id=b4412fffc88b57080d8060ee3474cc5e nonce=nonce-fi... action=restart_service

07:18:49.247 [info] [ApprovalGate] execution_success correlation_id=b4412fffc88b57080d8060ee3474cc5e nonce=nonce-fi... action=restart_service
.
07:18:49.361 [info] [ApprovalGate] start correlation_id=1b88c215c83dec42b636db27727a2114 action=restart_service target=fixture.service

07:18:49.362 [info] [ApprovalGate] token_valid correlation_id=1b88c215c83dec42b636db27727a2114 nonce=nonce-fi... action=restart_service

07:18:49.363 [info] [ApprovalGate] preconditions_ok correlation_id=1b88c215c83dec42b636db27727a2114 nonce=nonce-fi... action=restart_service

07:18:49.383 [info] [ApprovalGate] replay_claimed correlation_id=1b88c215c83dec42b636db27727a2114 nonce=nonce-fi... action=restart_service

07:18:49.386 [warning] [ApprovalGate] execution_failed correlation_id=1b88c215c83dec42b636db27727a2114 nonce=nonce-fi... action=restart_service error={:audit_unavailable, :partition_simulated}
..
07:18:49.535 [info] [ApprovalGate] start correlation_id=e506128d977a185d28941a6fc55065d1 action=restart_service target=fixture.service

07:18:49.536 [info] [ApprovalGate] token_valid correlation_id=e506128d977a185d28941a6fc55065d1 nonce=nonce-fi... action=restart_service

07:18:49.538 [info] [ApprovalGate] preconditions_ok correlation_id=e506128d977a185d28941a6fc55065d1 nonce=nonce-fi... action=restart_service

07:18:49.559 [info] [ApprovalGate] replay_claimed correlation_id=e506128d977a185d28941a6fc55065d1 nonce=nonce-fi... action=restart_service

07:18:49.562 [warning] [ApprovalGate] execution_failed correlation_id=e506128d977a185d28941a6fc55065d1 nonce=nonce-fi... action=restart_service error={:audit_unavailable, :audit_sink_unavailable}
.......
07:18:49.855 [info] [ApprovalGate] start correlation_id=67b9d04b68bb83c86c73124d73c01cfb action=restart_service target=fixture.service

07:18:49.856 [info] [ApprovalGate] token_valid correlation_id=67b9d04b68bb83c86c73124d73c01cfb nonce=nonce-fi... action=restart_service

07:18:49.857 [info] [ApprovalGate] preconditions_ok correlation_id=67b9d04b68bb83c86c73124d73c01cfb nonce=nonce-fi... action=restart_service

07:18:49.880 [info] [ApprovalGate] replay_claimed correlation_id=67b9d04b68bb83c86c73124d73c01cfb nonce=nonce-fi... action=restart_service

07:18:49.882 [info] [ApprovalGate] execution_success correlation_id=67b9d04b68bb83c86c73124d73c01cfb nonce=nonce-fi... action=restart_service

07:18:49.933 [info] [ApprovalGate] start correlation_id=67b9d04b68bb83c86c73124d73c01cfb action=restart_service target=fixture.service

07:18:49.935 [info] [ApprovalGate] token_valid correlation_id=67b9d04b68bb83c86c73124d73c01cfb nonce=nonce-fi... action=restart_service

07:18:49.936 [info] [ApprovalGate] preconditions_ok correlation_id=67b9d04b68bb83c86c73124d73c01cfb nonce=nonce-fi... action=restart_service

07:18:49.939 [info] [ApprovalGate] replay_already_executed correlation_id=67b9d04b68bb83c86c73124d73c01cfb nonce=nonce-fi... action=restart_service
.
07:18:50.001 [info] [ApprovalGate] start correlation_id=2ba6a6782cbc890e59d5109d0750a5f3 action=restart_service target=fixture.service

07:18:50.002 [info] [ApprovalGate] token_valid correlation_id=2ba6a6782cbc890e59d5109d0750a5f3 nonce=nonce-fi... action=restart_service

07:18:50.004 [info] [ApprovalGate] preconditions_ok correlation_id=2ba6a6782cbc890e59d5109d0750a5f3 nonce=nonce-fi... action=restart_service

07:18:50.024 [info] [ApprovalGate] replay_claimed correlation_id=2ba6a6782cbc890e59d5109d0750a5f3 nonce=nonce-fi... action=restart_service

07:18:50.027 [info] [ApprovalGate] execution_success correlation_id=2ba6a6782cbc890e59d5109d0750a5f3 nonce=nonce-fi... action=restart_service
....
07:18:50.237 [info] [ApprovalGate] start correlation_id=b5547d5f2ec0e0b2be52008d2572cd8a action=restart_service target=fixture.service

07:18:50.238 [info] [ApprovalGate] token_valid correlation_id=b5547d5f2ec0e0b2be52008d2572cd8a nonce=nonce-fi... action=restart_service

07:18:50.240 [info] [ApprovalGate] preconditions_ok correlation_id=b5547d5f2ec0e0b2be52008d2572cd8a nonce=nonce-fi... action=restart_service

07:18:50.283 [info] [ApprovalGate] replay_claimed correlation_id=b5547d5f2ec0e0b2be52008d2572cd8a nonce=nonce-fi... action=restart_service

07:18:50.288 [info] [ApprovalGate] execution_success correlation_id=b5547d5f2ec0e0b2be52008d2572cd8a nonce=nonce-fi... action=restart_service
.......
07:18:50.880 [info] [ApprovalGate] start correlation_id=0d96be5146210a3e26342af1a660315c action=restart_service target=fixture.service

07:18:50.881 [info] [ApprovalGate] token_valid correlation_id=0d96be5146210a3e26342af1a660315c nonce=nonce-fi... action=restart_service

07:18:50.882 [info] [ApprovalGate] preconditions_ok correlation_id=0d96be5146210a3e26342af1a660315c nonce=nonce-fi... action=restart_service

07:18:50.910 [info] [ApprovalGate] replay_claimed correlation_id=0d96be5146210a3e26342af1a660315c nonce=nonce-fi... action=restart_service

07:18:50.912 [info] [ApprovalGate] execution_success correlation_id=0d96be5146210a3e26342af1a660315c nonce=nonce-fi... action=restart_service
.....
Finished in 77.7 seconds (41.3s async, 36.4s sync)

Result: 845 passed, 10 excluded
warning: path "apps/fixtures" is a directory but it has no mix.exs. Mix won't consider this directory as part of your umbrella application. Please add a "mix.exs" or set the ":apps" key in your umbrella configuration with all relevant apps names as atoms
* assembling exocomp_node-0.1.0 on MIX_ENV=test
* using config/runtime.exs to configure the release at runtime

Release created at _build/test/rel/exocomp_node

    # To start your system
    _build/test/rel/exocomp_node/bin/exocomp_node start

Once the release is running:

    # To connect to it remotely
    _build/test/rel/exocomp_node/bin/exocomp_node remote

    # To stop it gracefully (you may also send SIGINT/SIGTERM)
    _build/test/rel/exocomp_node/bin/exocomp_node stop

To list all commands:

    _build/test/rel/exocomp_node/bin/exocomp_node

warning: path "apps/fixtures" is a directory but it has no mix.exs. Mix won't consider this directory as part of your umbrella application. Please add a "mix.exs" or set the ":apps" key in your umbrella configuration with all relevant apps names as atoms
* assembling exocomp_coordinator-0.1.0 on MIX_ENV=test
* using config/runtime.exs to configure the release at runtime

Release created at _build/test/rel/exocomp_coordinator

    # To start your system
    _build/test/rel/exocomp_coordinator/bin/exocomp_coordinator start

Once the release is running:

    # To connect to it remotely
    _build/test/rel/exocomp_coordinator/bin/exocomp_coordinator remote

    # To stop it gracefully (you may also send SIGINT/SIGTERM)
    _build/test/rel/exocomp_coordinator/bin/exocomp_coordinator stop

To list all commands:

    _build/test/rel/exocomp_coordinator/bin/exocomp_coordinator

exocomp_node: started with bundled ERTS

07:20:37.656 [notice] Application exocomp_node exited: :stopped
exocomp_coordinator: started with bundled ERTS

07:20:51.516 [notice] Application exocomp_coordinator exited: :stopped
[PASS] test
=== 2026-07-27T07:20:56Z Repository gate: test-release-matrix ===
./scripts/test-release-matrix.sh \
	--arch arm64 \
	

=== Offline structural checks ===
  PASS: test-clean-container.sh exists and is executable
  PASS: test-release-matrix.sh is non-interactive
  PASS: test-clean-container.sh is non-interactive
  PASS: docs/release-qualification.md exists
  PASS: docs/release-qualification.md documents emulated execution
  PASS: docs/release-qualification.md documents wrong-arch diagnostic
  PASS: Makefile has test-release-matrix target

=== Offline fixture: wrong-arch detection ===
  PASS: wrong-arch produces actionable diagnostic

=== Offline fixture: missing runtime dependency detection ===
  PASS: missing dep produces actionable diagnostic

=== Offline fixture: path-independent content digest ===
  PASS: identical trees at different root paths have matching digests
  PASS: one-byte runtime cookie change produces a different tree digest
  PASS: deterministic release packagers exist and are executable
  PASS: packager excludes reusable release cookies

=== Double-build reproducibility: exocomp_node / arm64 ===
Build 1/2 for exocomp_node (arm64)...
Pulling pinned linux/arm64 builder docker.io/hexpm/elixir:1.20.2-erlang-28.5.0.3-debian-bookworm-20260713-slim@sha256:0ae929af91a43a4ae2563b5de6e2f71be0a8181bce93cfcb09690bc037e5eecc
Trying to pull docker.io/hexpm/elixir@sha256:0ae929af91a43a4ae2563b5de6e2f71be0a8181bce93cfcb09690bc037e5eecc...
Getting image source signatures
Copying blob sha256:d7cbca7f530ec625da4a84bf5be022d12f6c0dd615d1244f6b36641513cec5a7
Copying blob sha256:ff4ac08643b061cc0f2eed153ff4d36745423880e135b84f6a904c288bb9fb3b
Copying blob sha256:3e10193b55e9f0e98961d4bc9ba1d3f8bedcd5bf9a78d75914edf319ecd6cc2d
Copying blob sha256:53bb9e501f1803aca595be8d902a62cea6bf4d996ce6f7dfe16c1c97be343e6c
Copying config sha256:5d634838ce321f25a6e2fba1487e55a96529beb7bf783f423cc5e2829baf7cdd
Writing manifest to image destination
5d634838ce321f25a6e2fba1487e55a96529beb7bf783f423cc5e2829baf7cdd
podman can execute linux/arm64 (aarch64)
Building node and coordinator releases for linux/arm64
* creating .mix-home/archives/hex-2.5.1
Elixir 1.20.2 / OTP 28.5.0.3 / glibc 2.36
warning: path "apps/fixtures" is a directory but it has no mix.exs. Mix won't consider this directory as part of your umbrella application. Please add a "mix.exs" or set the ":apps" key in your umbrella configuration with all relevant apps names as atoms
Resolving Hex dependencies...
Resolution completed in 1.127s
Unchanged:
  bandit 1.12.1
  hpax 1.0.4
  jason 1.4.5
  mime 2.0.7
  nimble_options 1.1.1
  plug 1.20.3
  plug_crypto 2.2.0
  telemetry 1.4.2
  thousand_island 1.5.0
  websock 0.5.3
  x509 0.9.2
Bandit release input already has deterministic Thousand Island key ordering
warning: path "apps/fixtures" is a directory but it has no mix.exs. Mix won't consider this directory as part of your umbrella application. Please add a "mix.exs" or set the ":apps" key in your umbrella configuration with all relevant apps names as atoms
==> mime
Compiling 1 file (.ex)
Generated mime app
warning: "xref: [exclude: ...]" in your mix.exs file is deprecated, instead use: "elixirc_options: [no_warn_undefined: ...]"
  (mix 1.20.2) lib/mix/tasks/compile.elixir.ex:243: Mix.Tasks.Compile.Elixir.xref_exclude_opts/2
  (mix 1.20.2) lib/mix/tasks/compile.elixir.ex:142: Mix.Tasks.Compile.Elixir.run/1
  (mix 1.20.2) lib/mix/task.ex:502: anonymous fn/3 in Mix.Task.run_task/5
  (mix 1.20.2) lib/mix/task.compiler.ex:299: Mix.Task.Compiler.run_compiler/2
  (mix 1.20.2) lib/mix/task.compiler.ex:287: Mix.Task.Compiler.run/4
  (mix 1.20.2) lib/mix/tasks/compile.all.ex:75: Mix.Tasks.Compile.All.do_run/2

==> x509
Compiling 24 files (.ex)
     warning: the variable "size" is accessed inside size(...) of a bitstring but it was defined outside of the match. You must precede it with the pin operator
     │
 371 │     <<i::unsigned-size(size)-unit(8)>> = :crypto.strong_rand_bytes(size)
     │                        ~
     │
     └─ lib/x509/certificate.ex:371:24: X509.Certificate.random_serial/1

Generated x509 app
==> nimble_options
Compiling 3 files (.ex)
Generated nimble_options app
==> jason
Compiling 10 files (.ex)
Compiling lib/encode.ex (it's taking more than 10s)
Compiling lib/decoder.ex (it's taking more than 10s)
Generated jason app
==> plug_crypto
Compiling 5 files (.ex)
Generated plug_crypto app
==> hpax
Compiling 4 files (.ex)
Generated hpax app
===> Analyzing applications...
===> Compiling telemetry
==> thousand_island
Compiling 18 files (.ex)
Generated thousand_island app
==> plug
Compiling 1 file (.erl)
Compiling 42 files (.ex)
Compiling lib/plug/conn.ex (it's taking more than 10s)
Compiling lib/plug/debugger.ex (it's taking more than 10s)
Generated plug app
==> websock
Compiling 1 file (.ex)
Generated websock app
==> bandit
Compiling 54 files (.ex)
Generated bandit app
==> bench
Compiling 18 files (.ex)
Generated bench app
==> exocomp_core
Compiling 22 files (.ex)
Generated exocomp_core app
==> exocomp_coordinator
Compiling 45 files (.ex)
Generated exocomp_coordinator app
==> exocomp_node
Compiling 53 files (.ex)
Generated exocomp_node app
warning: path "apps/fixtures" is a directory but it has no mix.exs. Mix won't consider this directory as part of your umbrella application. Please add a "mix.exs" or set the ":apps" key in your umbrella configuration with all relevant apps names as atoms
* assembling exocomp_node-0.1.0 on MIX_ENV=prod
* using config/runtime.exs to configure the release at runtime

Release created at _build/release/arm64/rel/exocomp_node

    # To start your system
    _build/release/arm64/rel/exocomp_node/bin/exocomp_node start

Once the release is running:

    # To connect to it remotely
    _build/release/arm64/rel/exocomp_node/bin/exocomp_node remote

    # To stop it gracefully (you may also send SIGINT/SIGTERM)
    _build/release/arm64/rel/exocomp_node/bin/exocomp_node stop

To list all commands:

    _build/release/arm64/rel/exocomp_node/bin/exocomp_node

warning: path "apps/fixtures" is a directory but it has no mix.exs. Mix won't consider this directory as part of your umbrella application. Please add a "mix.exs" or set the ":apps" key in your umbrella configuration with all relevant apps names as atoms
* assembling exocomp_coordinator-0.1.0 on MIX_ENV=prod
* using config/runtime.exs to configure the release at runtime

Release created at _build/release/arm64/rel/exocomp_coordinator

    # To start your system
    _build/release/arm64/rel/exocomp_coordinator/bin/exocomp_coordinator start

Once the release is running:

    # To connect to it remotely
    _build/release/arm64/rel/exocomp_coordinator/bin/exocomp_coordinator remote

    # To stop it gracefully (you may also send SIGINT/SIGTERM)
    _build/release/arm64/rel/exocomp_coordinator/bin/exocomp_coordinator stop

To list all commands:

    _build/release/arm64/rel/exocomp_coordinator/bin/exocomp_coordinator


07:28:07.768 [error] [Node.Application] EXOCOMP_CONFIG_FILE is not set; the listener will not start. Set the environment variable and restart the release.
exocomp_node: started with bundled ERTS

07:28:08.419 [notice] Application exocomp_node exited: :stopped
exocomp_coordinator: started with bundled ERTS

07:28:22.228 [notice] Application exocomp_coordinator exited: :stopped
Built linux/arm64 releases under _build/release/arm64/rel

Inspecting runtime dependencies for linux/arm64 releases
  exocomp_node: _build/release/arm64/rel/exocomp_node
Inspecting ELF dependencies in _build/release/arm64/rel/exocomp_node (arm64)
Baseline: /var/lib/exocomp-qualification/src/release/runtime-baseline.lock


Dependency report: _build/release/arm64/rel/exocomp_node/dep-report.json
PASS: all dynamic dependencies are declared.
  exocomp_coordinator: _build/release/arm64/rel/exocomp_coordinator
Inspecting ELF dependencies in _build/release/arm64/rel/exocomp_coordinator (arm64)
Baseline: /var/lib/exocomp-qualification/src/release/runtime-baseline.lock


Dependency report: _build/release/arm64/rel/exocomp_coordinator/dep-report.json
PASS: all dynamic dependencies are declared.

All runtime dependency checks passed for linux/arm64.

Packaging deterministic, secret-free release archives
/var/lib/exocomp-qualification/src/dist/releases/exocomp-node-0.1.0-linux-arm64.tar.gz  sha256:2c712d150c7a2afa568ec52c2842885ffec827e591ff6b42c78ab93f1268ac48
/var/lib/exocomp-qualification/src/dist/releases/exocomp-node-0.1.0-linux-arm64.manifest.json
/var/lib/exocomp-qualification/src/dist/releases/exocomp-coordinator-0.1.0-linux-arm64.tar.gz  sha256:a5f3744c72c74017a1c8f318d24d6af62132dbdc8bfcc28321a8cc5012cdb1f5
/var/lib/exocomp-qualification/src/dist/releases/exocomp-coordinator-0.1.0-linux-arm64.manifest.json
Packaged linux/arm64 releases under /var/lib/exocomp-qualification/src/dist/releases
Snapshotting build 1...
Build 2/2 for exocomp_node (arm64)...
Pulling pinned linux/arm64 builder docker.io/hexpm/elixir:1.20.2-erlang-28.5.0.3-debian-bookworm-20260713-slim@sha256:0ae929af91a43a4ae2563b5de6e2f71be0a8181bce93cfcb09690bc037e5eecc
Trying to pull docker.io/hexpm/elixir@sha256:0ae929af91a43a4ae2563b5de6e2f71be0a8181bce93cfcb09690bc037e5eecc...
Getting image source signatures
Copying blob sha256:3e10193b55e9f0e98961d4bc9ba1d3f8bedcd5bf9a78d75914edf319ecd6cc2d
Copying blob sha256:53bb9e501f1803aca595be8d902a62cea6bf4d996ce6f7dfe16c1c97be343e6c
Copying blob sha256:ff4ac08643b061cc0f2eed153ff4d36745423880e135b84f6a904c288bb9fb3b
Copying blob sha256:d7cbca7f530ec625da4a84bf5be022d12f6c0dd615d1244f6b36641513cec5a7
Copying config sha256:5d634838ce321f25a6e2fba1487e55a96529beb7bf783f423cc5e2829baf7cdd
Writing manifest to image destination
5d634838ce321f25a6e2fba1487e55a96529beb7bf783f423cc5e2829baf7cdd
podman can execute linux/arm64 (aarch64)
Building node and coordinator releases for linux/arm64
* creating .mix-home/archives/hex-2.5.1
Elixir 1.20.2 / OTP 28.5.0.3 / glibc 2.36
warning: path "apps/fixtures" is a directory but it has no mix.exs. Mix won't consider this directory as part of your umbrella application. Please add a "mix.exs" or set the ":apps" key in your umbrella configuration with all relevant apps names as atoms
Resolving Hex dependencies...
Resolution completed in 1.171s
Unchanged:
  bandit 1.12.1
  hpax 1.0.4
  jason 1.4.5
  mime 2.0.7
  nimble_options 1.1.1
  plug 1.20.3
  plug_crypto 2.2.0
  telemetry 1.4.2
  thousand_island 1.5.0
  websock 0.5.3
  x509 0.9.2
Bandit release input already has deterministic Thousand Island key ordering
warning: path "apps/fixtures" is a directory but it has no mix.exs. Mix won't consider this directory as part of your umbrella application. Please add a "mix.exs" or set the ":apps" key in your umbrella configuration with all relevant apps names as atoms
==> mime
Compiling 1 file (.ex)
Generated mime app
warning: "xref: [exclude: ...]" in your mix.exs file is deprecated, instead use: "elixirc_options: [no_warn_undefined: ...]"
  (mix 1.20.2) lib/mix/tasks/compile.elixir.ex:243: Mix.Tasks.Compile.Elixir.xref_exclude_opts/2
  (mix 1.20.2) lib/mix/tasks/compile.elixir.ex:142: Mix.Tasks.Compile.Elixir.run/1
  (mix 1.20.2) lib/mix/task.ex:502: anonymous fn/3 in Mix.Task.run_task/5
  (mix 1.20.2) lib/mix/task.compiler.ex:299: Mix.Task.Compiler.run_compiler/2
  (mix 1.20.2) lib/mix/task.compiler.ex:287: Mix.Task.Compiler.run/4
  (mix 1.20.2) lib/mix/tasks/compile.all.ex:75: Mix.Tasks.Compile.All.do_run/2

==> x509
Compiling 24 files (.ex)
     warning: the variable "size" is accessed inside size(...) of a bitstring but it was defined outside of the match. You must precede it with the pin operator
     │
 371 │     <<i::unsigned-size(size)-unit(8)>> = :crypto.strong_rand_bytes(size)
     │                        ~
     │
     └─ lib/x509/certificate.ex:371:24: X509.Certificate.random_serial/1

Generated x509 app
==> nimble_options
Compiling 3 files (.ex)
Generated nimble_options app
==> jason
Compiling 10 files (.ex)
Compiling lib/encode.ex (it's taking more than 10s)
Compiling lib/decoder.ex (it's taking more than 10s)
Generated jason app
==> plug_crypto
Compiling 5 files (.ex)
Generated plug_crypto app
==> hpax
Compiling 4 files (.ex)
Generated hpax app
===> Analyzing applications...
===> Compiling telemetry
==> thousand_island
Compiling 18 files (.ex)
Generated thousand_island app
==> plug
Compiling 1 file (.erl)
Compiling 42 files (.ex)
Compiling lib/plug/conn.ex (it's taking more than 10s)
Compiling lib/plug/debugger.ex (it's taking more than 10s)
Generated plug app
==> websock
Compiling 1 file (.ex)
Generated websock app
==> bandit
Compiling 54 files (.ex)
Generated bandit app
==> bench
Compiling 18 files (.ex)
Generated bench app
==> exocomp_core
Compiling 22 files (.ex)
Generated exocomp_core app
==> exocomp_coordinator
Compiling 45 files (.ex)
Generated exocomp_coordinator app
==> exocomp_node
Compiling 53 files (.ex)
Generated exocomp_node app
warning: path "apps/fixtures" is a directory but it has no mix.exs. Mix won't consider this directory as part of your umbrella application. Please add a "mix.exs" or set the ":apps" key in your umbrella configuration with all relevant apps names as atoms
* assembling exocomp_node-0.1.0 on MIX_ENV=prod
* using config/runtime.exs to configure the release at runtime

Release created at _build/release/arm64/rel/exocomp_node

    # To start your system
    _build/release/arm64/rel/exocomp_node/bin/exocomp_node start

Once the release is running:

    # To connect to it remotely
    _build/release/arm64/rel/exocomp_node/bin/exocomp_node remote

    # To stop it gracefully (you may also send SIGINT/SIGTERM)
    _build/release/arm64/rel/exocomp_node/bin/exocomp_node stop

To list all commands:

    _build/release/arm64/rel/exocomp_node/bin/exocomp_node

warning: path "apps/fixtures" is a directory but it has no mix.exs. Mix won't consider this directory as part of your umbrella application. Please add a "mix.exs" or set the ":apps" key in your umbrella configuration with all relevant apps names as atoms
* assembling exocomp_coordinator-0.1.0 on MIX_ENV=prod
* using config/runtime.exs to configure the release at runtime

Release created at _build/release/arm64/rel/exocomp_coordinator

    # To start your system
    _build/release/arm64/rel/exocomp_coordinator/bin/exocomp_coordinator start

Once the release is running:

    # To connect to it remotely
    _build/release/arm64/rel/exocomp_coordinator/bin/exocomp_coordinator remote

    # To stop it gracefully (you may also send SIGINT/SIGTERM)
    _build/release/arm64/rel/exocomp_coordinator/bin/exocomp_coordinator stop

To list all commands:

    _build/release/arm64/rel/exocomp_coordinator/bin/exocomp_coordinator


07:44:05.886 [error] [Node.Application] EXOCOMP_CONFIG_FILE is not set; the listener will not start. Set the environment variable and restart the release.
exocomp_node: started with bundled ERTS

07:44:06.535 [notice] Application exocomp_node exited: :stopped
exocomp_coordinator: started with bundled ERTS

07:44:20.427 [notice] Application exocomp_coordinator exited: :stopped
Built linux/arm64 releases under _build/release/arm64/rel

Inspecting runtime dependencies for linux/arm64 releases
  exocomp_node: _build/release/arm64/rel/exocomp_node
Inspecting ELF dependencies in _build/release/arm64/rel/exocomp_node (arm64)
Baseline: /var/lib/exocomp-qualification/src/release/runtime-baseline.lock


Dependency report: _build/release/arm64/rel/exocomp_node/dep-report.json
PASS: all dynamic dependencies are declared.
  exocomp_coordinator: _build/release/arm64/rel/exocomp_coordinator
Inspecting ELF dependencies in _build/release/arm64/rel/exocomp_coordinator (arm64)
Baseline: /var/lib/exocomp-qualification/src/release/runtime-baseline.lock


Dependency report: _build/release/arm64/rel/exocomp_coordinator/dep-report.json
PASS: all dynamic dependencies are declared.

All runtime dependency checks passed for linux/arm64.

Packaging deterministic, secret-free release archives
/var/lib/exocomp-qualification/src/dist/releases/exocomp-node-0.1.0-linux-arm64.tar.gz  sha256:2c712d150c7a2afa568ec52c2842885ffec827e591ff6b42c78ab93f1268ac48
/var/lib/exocomp-qualification/src/dist/releases/exocomp-node-0.1.0-linux-arm64.manifest.json
/var/lib/exocomp-qualification/src/dist/releases/exocomp-coordinator-0.1.0-linux-arm64.tar.gz  sha256:a5f3744c72c74017a1c8f318d24d6af62132dbdc8bfcc28321a8cc5012cdb1f5
/var/lib/exocomp-qualification/src/dist/releases/exocomp-coordinator-0.1.0-linux-arm64.manifest.json
Packaged linux/arm64 releases under /var/lib/exocomp-qualification/src/dist/releases
Snapshotting build 2...
  PASS: packaged archives are byte-identical for exocomp_node / arm64
  PASS: double-build digests match for exocomp_node / arm64: ad17fcee8b47978c91cc2ca6b0b74fe308e7a90fdcd4ec4cdee6aec86738857f
  PASS: manifest field 'product' present in exocomp_node/arm64: "product": "exocomp_node"
  PASS: manifest field 'version' present in exocomp_node/arm64: "version": "0.1.0"
  PASS: manifest field 'architecture' present in exocomp_node/arm64: "architecture": "arm64"
  PASS: manifest field 'source_commit' present in exocomp_node/arm64: "source_commit": "902bee1a52bf037fdaab50bd0c71ba82fa51a8d6"
  PASS: manifest field 'source_tag' present in exocomp_node/arm64: "source_tag": "v0.1.0-rc.23"
  PASS: manifest field 'builder_digest' present in exocomp_node/arm64: "builder_digest": "sha256:0ae929af91a43a4ae2563b5de6e2f71be0a8181bce93cfcb09690bc037e5eecc"
  PASS: manifest field 'elixir_version' present in exocomp_node/arm64: "elixir_version": "1.20.2"
  PASS: manifest field 'otp_version' present in exocomp_node/arm64: "otp_version": "28.5.0.3"
  PASS: manifest field 'erts_version' present in exocomp_node/arm64: "erts_version": "16.4.0.3"
  PASS: manifest field 'dependency_lock_sha256' present in exocomp_node/arm64: "dependency_lock_sha256": "1dfe980a408835b5eee0d05dda5dcedf159d9a09bb32495c38ed72dff599c4c7"
  PASS: manifest field 'release_input_normalizer_sha256' present in exocomp_node/arm64: "release_input_normalizer_sha256": "e862594e1d5a424411171ac0cdd5268ad831180b1bf415584cdee8aec6762e55"
  PASS: manifest field 'build_command' present in exocomp_node/arm64: "build_command": "make build-arm64"
  PASS: manifest field 'product' present in exocomp_node/arm64: "product": "exocomp_node"
  PASS: manifest field 'version' present in exocomp_node/arm64: "version": "0.1.0"
  PASS: manifest field 'architecture' present in exocomp_node/arm64: "architecture": "arm64"
  PASS: manifest field 'source_commit' present in exocomp_node/arm64: "source_commit": "902bee1a52bf037fdaab50bd0c71ba82fa51a8d6"
  PASS: manifest field 'source_tag' present in exocomp_node/arm64: "source_tag": "v0.1.0-rc.23"
  PASS: manifest field 'builder_digest' present in exocomp_node/arm64: "builder_digest": "sha256:0ae929af91a43a4ae2563b5de6e2f71be0a8181bce93cfcb09690bc037e5eecc"
  PASS: manifest field 'elixir_version' present in exocomp_node/arm64: "elixir_version": "1.20.2"
  PASS: manifest field 'otp_version' present in exocomp_node/arm64: "otp_version": "28.5.0.3"
  PASS: manifest field 'erts_version' present in exocomp_node/arm64: "erts_version": "16.4.0.3"
  PASS: manifest field 'dependency_lock_sha256' present in exocomp_node/arm64: "dependency_lock_sha256": "1dfe980a408835b5eee0d05dda5dcedf159d9a09bb32495c38ed72dff599c4c7"
  PASS: manifest field 'release_input_normalizer_sha256' present in exocomp_node/arm64: "release_input_normalizer_sha256": "e862594e1d5a424411171ac0cdd5268ad831180b1bf415584cdee8aec6762e55"
  PASS: manifest field 'build_command' present in exocomp_node/arm64: "build_command": "make build-arm64"

=== Double-build reproducibility: exocomp_coordinator / arm64 ===
Build 1/2 for exocomp_coordinator (arm64)...
Pulling pinned linux/arm64 builder docker.io/hexpm/elixir:1.20.2-erlang-28.5.0.3-debian-bookworm-20260713-slim@sha256:0ae929af91a43a4ae2563b5de6e2f71be0a8181bce93cfcb09690bc037e5eecc
Trying to pull docker.io/hexpm/elixir@sha256:0ae929af91a43a4ae2563b5de6e2f71be0a8181bce93cfcb09690bc037e5eecc...
Getting image source signatures
Copying blob sha256:ff4ac08643b061cc0f2eed153ff4d36745423880e135b84f6a904c288bb9fb3b
Copying blob sha256:53bb9e501f1803aca595be8d902a62cea6bf4d996ce6f7dfe16c1c97be343e6c
Copying blob sha256:d7cbca7f530ec625da4a84bf5be022d12f6c0dd615d1244f6b36641513cec5a7
Copying blob sha256:3e10193b55e9f0e98961d4bc9ba1d3f8bedcd5bf9a78d75914edf319ecd6cc2d
Copying config sha256:5d634838ce321f25a6e2fba1487e55a96529beb7bf783f423cc5e2829baf7cdd
Writing manifest to image destination
5d634838ce321f25a6e2fba1487e55a96529beb7bf783f423cc5e2829baf7cdd
podman can execute linux/arm64 (aarch64)
Building node and coordinator releases for linux/arm64
* creating .mix-home/archives/hex-2.5.1
Elixir 1.20.2 / OTP 28.5.0.3 / glibc 2.36
warning: path "apps/fixtures" is a directory but it has no mix.exs. Mix won't consider this directory as part of your umbrella application. Please add a "mix.exs" or set the ":apps" key in your umbrella configuration with all relevant apps names as atoms
Resolving Hex dependencies...
Resolution completed in 1.205s
Unchanged:
  bandit 1.12.1
  hpax 1.0.4
  jason 1.4.5
  mime 2.0.7
  nimble_options 1.1.1
  plug 1.20.3
  plug_crypto 2.2.0
  telemetry 1.4.2
  thousand_island 1.5.0
  websock 0.5.3
  x509 0.9.2
Bandit release input already has deterministic Thousand Island key ordering
warning: path "apps/fixtures" is a directory but it has no mix.exs. Mix won't consider this directory as part of your umbrella application. Please add a "mix.exs" or set the ":apps" key in your umbrella configuration with all relevant apps names as atoms
==> mime
Compiling 1 file (.ex)
Generated mime app
warning: "xref: [exclude: ...]" in your mix.exs file is deprecated, instead use: "elixirc_options: [no_warn_undefined: ...]"
  (mix 1.20.2) lib/mix/tasks/compile.elixir.ex:243: Mix.Tasks.Compile.Elixir.xref_exclude_opts/2
  (mix 1.20.2) lib/mix/tasks/compile.elixir.ex:142: Mix.Tasks.Compile.Elixir.run/1
  (mix 1.20.2) lib/mix/task.ex:502: anonymous fn/3 in Mix.Task.run_task/5
  (mix 1.20.2) lib/mix/task.compiler.ex:299: Mix.Task.Compiler.run_compiler/2
  (mix 1.20.2) lib/mix/task.compiler.ex:287: Mix.Task.Compiler.run/4
  (mix 1.20.2) lib/mix/tasks/compile.all.ex:75: Mix.Tasks.Compile.All.do_run/2

==> x509
Compiling 24 files (.ex)
     warning: the variable "size" is accessed inside size(...) of a bitstring but it was defined outside of the match. You must precede it with the pin operator
     │
 371 │     <<i::unsigned-size(size)-unit(8)>> = :crypto.strong_rand_bytes(size)
     │                        ~
     │
     └─ lib/x509/certificate.ex:371:24: X509.Certificate.random_serial/1

Generated x509 app
==> nimble_options
Compiling 3 files (.ex)
Generated nimble_options app
==> jason
Compiling 10 files (.ex)
Compiling lib/encode.ex (it's taking more than 10s)
Compiling lib/decoder.ex (it's taking more than 10s)
Generated jason app
==> plug_crypto
Compiling 5 files (.ex)
Generated plug_crypto app
==> hpax
Compiling 4 files (.ex)
Generated hpax app
===> Analyzing applications...
===> Compiling telemetry
==> thousand_island
Compiling 18 files (.ex)
Generated thousand_island app
==> plug
Compiling 1 file (.erl)
Compiling 42 files (.ex)
Compiling lib/plug/conn.ex (it's taking more than 10s)
Compiling lib/plug/debugger.ex (it's taking more than 10s)
Generated plug app
==> websock
Compiling 1 file (.ex)
Generated websock app
==> bandit
Compiling 54 files (.ex)
Generated bandit app
==> bench
Compiling 18 files (.ex)
Generated bench app
==> exocomp_core
Compiling 22 files (.ex)
Generated exocomp_core app
==> exocomp_coordinator
Compiling 45 files (.ex)
Generated exocomp_coordinator app
==> exocomp_node
Compiling 53 files (.ex)
Generated exocomp_node app
warning: path "apps/fixtures" is a directory but it has no mix.exs. Mix won't consider this directory as part of your umbrella application. Please add a "mix.exs" or set the ":apps" key in your umbrella configuration with all relevant apps names as atoms
* assembling exocomp_node-0.1.0 on MIX_ENV=prod
* using config/runtime.exs to configure the release at runtime

Release created at _build/release/arm64/rel/exocomp_node

    # To start your system
    _build/release/arm64/rel/exocomp_node/bin/exocomp_node start

Once the release is running:

    # To connect to it remotely
    _build/release/arm64/rel/exocomp_node/bin/exocomp_node remote

    # To stop it gracefully (you may also send SIGINT/SIGTERM)
    _build/release/arm64/rel/exocomp_node/bin/exocomp_node stop

To list all commands:

    _build/release/arm64/rel/exocomp_node/bin/exocomp_node

warning: path "apps/fixtures" is a directory but it has no mix.exs. Mix won't consider this directory as part of your umbrella application. Please add a "mix.exs" or set the ":apps" key in your umbrella configuration with all relevant apps names as atoms
* assembling exocomp_coordinator-0.1.0 on MIX_ENV=prod
* using config/runtime.exs to configure the release at runtime

Release created at _build/release/arm64/rel/exocomp_coordinator

    # To start your system
    _build/release/arm64/rel/exocomp_coordinator/bin/exocomp_coordinator start

Once the release is running:

    # To connect to it remotely
    _build/release/arm64/rel/exocomp_coordinator/bin/exocomp_coordinator remote

    # To stop it gracefully (you may also send SIGINT/SIGTERM)
    _build/release/arm64/rel/exocomp_coordinator/bin/exocomp_coordinator stop

To list all commands:

    _build/release/arm64/rel/exocomp_coordinator/bin/exocomp_coordinator


08:00:02.067 [error] [Node.Application] EXOCOMP_CONFIG_FILE is not set; the listener will not start. Set the environment variable and restart the release.
exocomp_node: started with bundled ERTS

08:00:02.703 [notice] Application exocomp_node exited: :stopped
exocomp_coordinator: started with bundled ERTS

08:00:16.178 [notice] Application exocomp_coordinator exited: :stopped
Built linux/arm64 releases under _build/release/arm64/rel

Inspecting runtime dependencies for linux/arm64 releases
  exocomp_node: _build/release/arm64/rel/exocomp_node
Inspecting ELF dependencies in _build/release/arm64/rel/exocomp_node (arm64)
Baseline: /var/lib/exocomp-qualification/src/release/runtime-baseline.lock


Dependency report: _build/release/arm64/rel/exocomp_node/dep-report.json
PASS: all dynamic dependencies are declared.
  exocomp_coordinator: _build/release/arm64/rel/exocomp_coordinator
Inspecting ELF dependencies in _build/release/arm64/rel/exocomp_coordinator (arm64)
Baseline: /var/lib/exocomp-qualification/src/release/runtime-baseline.lock


Dependency report: _build/release/arm64/rel/exocomp_coordinator/dep-report.json
PASS: all dynamic dependencies are declared.

All runtime dependency checks passed for linux/arm64.

Packaging deterministic, secret-free release archives
/var/lib/exocomp-qualification/src/dist/releases/exocomp-node-0.1.0-linux-arm64.tar.gz  sha256:2c712d150c7a2afa568ec52c2842885ffec827e591ff6b42c78ab93f1268ac48
/var/lib/exocomp-qualification/src/dist/releases/exocomp-node-0.1.0-linux-arm64.manifest.json
/var/lib/exocomp-qualification/src/dist/releases/exocomp-coordinator-0.1.0-linux-arm64.tar.gz  sha256:a5f3744c72c74017a1c8f318d24d6af62132dbdc8bfcc28321a8cc5012cdb1f5
/var/lib/exocomp-qualification/src/dist/releases/exocomp-coordinator-0.1.0-linux-arm64.manifest.json
Packaged linux/arm64 releases under /var/lib/exocomp-qualification/src/dist/releases
Snapshotting build 1...
Build 2/2 for exocomp_coordinator (arm64)...
Pulling pinned linux/arm64 builder docker.io/hexpm/elixir:1.20.2-erlang-28.5.0.3-debian-bookworm-20260713-slim@sha256:0ae929af91a43a4ae2563b5de6e2f71be0a8181bce93cfcb09690bc037e5eecc
Trying to pull docker.io/hexpm/elixir@sha256:0ae929af91a43a4ae2563b5de6e2f71be0a8181bce93cfcb09690bc037e5eecc...
Getting image source signatures
Copying blob sha256:53bb9e501f1803aca595be8d902a62cea6bf4d996ce6f7dfe16c1c97be343e6c
Copying blob sha256:3e10193b55e9f0e98961d4bc9ba1d3f8bedcd5bf9a78d75914edf319ecd6cc2d
Copying blob sha256:d7cbca7f530ec625da4a84bf5be022d12f6c0dd615d1244f6b36641513cec5a7
Copying blob sha256:ff4ac08643b061cc0f2eed153ff4d36745423880e135b84f6a904c288bb9fb3b
Copying config sha256:5d634838ce321f25a6e2fba1487e55a96529beb7bf783f423cc5e2829baf7cdd
Writing manifest to image destination
5d634838ce321f25a6e2fba1487e55a96529beb7bf783f423cc5e2829baf7cdd
podman can execute linux/arm64 (aarch64)
Building node and coordinator releases for linux/arm64
* creating .mix-home/archives/hex-2.5.1
Elixir 1.20.2 / OTP 28.5.0.3 / glibc 2.36
warning: path "apps/fixtures" is a directory but it has no mix.exs. Mix won't consider this directory as part of your umbrella application. Please add a "mix.exs" or set the ":apps" key in your umbrella configuration with all relevant apps names as atoms
Resolving Hex dependencies...
Resolution completed in 0.969s
Unchanged:
  bandit 1.12.1
  hpax 1.0.4
  jason 1.4.5
  mime 2.0.7
  nimble_options 1.1.1
  plug 1.20.3
  plug_crypto 2.2.0
  telemetry 1.4.2
  thousand_island 1.5.0
  websock 0.5.3
  x509 0.9.2
Bandit release input already has deterministic Thousand Island key ordering
warning: path "apps/fixtures" is a directory but it has no mix.exs. Mix won't consider this directory as part of your umbrella application. Please add a "mix.exs" or set the ":apps" key in your umbrella configuration with all relevant apps names as atoms
==> mime
Compiling 1 file (.ex)
Generated mime app
warning: "xref: [exclude: ...]" in your mix.exs file is deprecated, instead use: "elixirc_options: [no_warn_undefined: ...]"
  (mix 1.20.2) lib/mix/tasks/compile.elixir.ex:243: Mix.Tasks.Compile.Elixir.xref_exclude_opts/2
  (mix 1.20.2) lib/mix/tasks/compile.elixir.ex:142: Mix.Tasks.Compile.Elixir.run/1
  (mix 1.20.2) lib/mix/task.ex:502: anonymous fn/3 in Mix.Task.run_task/5
  (mix 1.20.2) lib/mix/task.compiler.ex:299: Mix.Task.Compiler.run_compiler/2
  (mix 1.20.2) lib/mix/task.compiler.ex:287: Mix.Task.Compiler.run/4
  (mix 1.20.2) lib/mix/tasks/compile.all.ex:75: Mix.Tasks.Compile.All.do_run/2

==> x509
Compiling 24 files (.ex)
     warning: the variable "size" is accessed inside size(...) of a bitstring but it was defined outside of the match. You must precede it with the pin operator
     │
 371 │     <<i::unsigned-size(size)-unit(8)>> = :crypto.strong_rand_bytes(size)
     │                        ~
     │
     └─ lib/x509/certificate.ex:371:24: X509.Certificate.random_serial/1

Generated x509 app
==> nimble_options
Compiling 3 files (.ex)
Generated nimble_options app
==> jason
Compiling 10 files (.ex)
Compiling lib/encode.ex (it's taking more than 10s)
Compiling lib/decoder.ex (it's taking more than 10s)
Generated jason app
==> plug_crypto
Compiling 5 files (.ex)
Generated plug_crypto app
==> hpax
Compiling 4 files (.ex)
Generated hpax app
===> Analyzing applications...
===> Compiling telemetry
==> thousand_island
Compiling 18 files (.ex)
Generated thousand_island app
==> plug
Compiling 1 file (.erl)
Compiling 42 files (.ex)
Compiling lib/plug/conn.ex (it's taking more than 10s)
Compiling lib/plug/debugger.ex (it's taking more than 10s)
Generated plug app
==> websock
Compiling 1 file (.ex)
Generated websock app
==> bandit
Compiling 54 files (.ex)
Generated bandit app
==> bench
Compiling 18 files (.ex)
Generated bench app
==> exocomp_core
Compiling 22 files (.ex)
Generated exocomp_core app
==> exocomp_coordinator
Compiling 45 files (.ex)
Generated exocomp_coordinator app
==> exocomp_node
Compiling 53 files (.ex)
Generated exocomp_node app
warning: path "apps/fixtures" is a directory but it has no mix.exs. Mix won't consider this directory as part of your umbrella application. Please add a "mix.exs" or set the ":apps" key in your umbrella configuration with all relevant apps names as atoms
* assembling exocomp_node-0.1.0 on MIX_ENV=prod
* using config/runtime.exs to configure the release at runtime

Release created at _build/release/arm64/rel/exocomp_node

    # To start your system
    _build/release/arm64/rel/exocomp_node/bin/exocomp_node start

Once the release is running:

    # To connect to it remotely
    _build/release/arm64/rel/exocomp_node/bin/exocomp_node remote

    # To stop it gracefully (you may also send SIGINT/SIGTERM)
    _build/release/arm64/rel/exocomp_node/bin/exocomp_node stop

To list all commands:

    _build/release/arm64/rel/exocomp_node/bin/exocomp_node

warning: path "apps/fixtures" is a directory but it has no mix.exs. Mix won't consider this directory as part of your umbrella application. Please add a "mix.exs" or set the ":apps" key in your umbrella configuration with all relevant apps names as atoms
* assembling exocomp_coordinator-0.1.0 on MIX_ENV=prod
* using config/runtime.exs to configure the release at runtime

Release created at _build/release/arm64/rel/exocomp_coordinator

    # To start your system
    _build/release/arm64/rel/exocomp_coordinator/bin/exocomp_coordinator start

Once the release is running:

    # To connect to it remotely
    _build/release/arm64/rel/exocomp_coordinator/bin/exocomp_coordinator remote

    # To stop it gracefully (you may also send SIGINT/SIGTERM)
    _build/release/arm64/rel/exocomp_coordinator/bin/exocomp_coordinator stop

To list all commands:

    _build/release/arm64/rel/exocomp_coordinator/bin/exocomp_coordinator


08:15:47.085 [error] [Node.Application] EXOCOMP_CONFIG_FILE is not set; the listener will not start. Set the environment variable and restart the release.
exocomp_node: started with bundled ERTS

08:15:47.720 [notice] Application exocomp_node exited: :stopped
exocomp_coordinator: started with bundled ERTS

08:16:01.639 [notice] Application exocomp_coordinator exited: :stopped
Built linux/arm64 releases under _build/release/arm64/rel

Inspecting runtime dependencies for linux/arm64 releases
  exocomp_node: _build/release/arm64/rel/exocomp_node
Inspecting ELF dependencies in _build/release/arm64/rel/exocomp_node (arm64)
Baseline: /var/lib/exocomp-qualification/src/release/runtime-baseline.lock


Dependency report: _build/release/arm64/rel/exocomp_node/dep-report.json
PASS: all dynamic dependencies are declared.
  exocomp_coordinator: _build/release/arm64/rel/exocomp_coordinator
Inspecting ELF dependencies in _build/release/arm64/rel/exocomp_coordinator (arm64)
Baseline: /var/lib/exocomp-qualification/src/release/runtime-baseline.lock


Dependency report: _build/release/arm64/rel/exocomp_coordinator/dep-report.json
PASS: all dynamic dependencies are declared.

All runtime dependency checks passed for linux/arm64.

Packaging deterministic, secret-free release archives
/var/lib/exocomp-qualification/src/dist/releases/exocomp-node-0.1.0-linux-arm64.tar.gz  sha256:2c712d150c7a2afa568ec52c2842885ffec827e591ff6b42c78ab93f1268ac48
/var/lib/exocomp-qualification/src/dist/releases/exocomp-node-0.1.0-linux-arm64.manifest.json
/var/lib/exocomp-qualification/src/dist/releases/exocomp-coordinator-0.1.0-linux-arm64.tar.gz  sha256:a5f3744c72c74017a1c8f318d24d6af62132dbdc8bfcc28321a8cc5012cdb1f5
/var/lib/exocomp-qualification/src/dist/releases/exocomp-coordinator-0.1.0-linux-arm64.manifest.json
Packaged linux/arm64 releases under /var/lib/exocomp-qualification/src/dist/releases
Snapshotting build 2...
  PASS: packaged archives are byte-identical for exocomp_coordinator / arm64
  PASS: double-build digests match for exocomp_coordinator / arm64: 6125a684cb2df9346616b46ebbcf9ec161b056f1a629c2d30e808c85826fdf5a
  PASS: manifest field 'product' present in exocomp_coordinator/arm64: "product": "exocomp_coordinator"
  PASS: manifest field 'version' present in exocomp_coordinator/arm64: "version": "0.1.0"
  PASS: manifest field 'architecture' present in exocomp_coordinator/arm64: "architecture": "arm64"
  PASS: manifest field 'source_commit' present in exocomp_coordinator/arm64: "source_commit": "902bee1a52bf037fdaab50bd0c71ba82fa51a8d6"
  PASS: manifest field 'source_tag' present in exocomp_coordinator/arm64: "source_tag": "v0.1.0-rc.23"
  PASS: manifest field 'builder_digest' present in exocomp_coordinator/arm64: "builder_digest": "sha256:0ae929af91a43a4ae2563b5de6e2f71be0a8181bce93cfcb09690bc037e5eecc"
  PASS: manifest field 'elixir_version' present in exocomp_coordinator/arm64: "elixir_version": "1.20.2"
  PASS: manifest field 'otp_version' present in exocomp_coordinator/arm64: "otp_version": "28.5.0.3"
  PASS: manifest field 'erts_version' present in exocomp_coordinator/arm64: "erts_version": "16.4.0.3"
  PASS: manifest field 'dependency_lock_sha256' present in exocomp_coordinator/arm64: "dependency_lock_sha256": "1dfe980a408835b5eee0d05dda5dcedf159d9a09bb32495c38ed72dff599c4c7"
  PASS: manifest field 'release_input_normalizer_sha256' present in exocomp_coordinator/arm64: "release_input_normalizer_sha256": "e862594e1d5a424411171ac0cdd5268ad831180b1bf415584cdee8aec6762e55"
  PASS: manifest field 'build_command' present in exocomp_coordinator/arm64: "build_command": "make build-arm64"
  PASS: manifest field 'product' present in exocomp_coordinator/arm64: "product": "exocomp_coordinator"
  PASS: manifest field 'version' present in exocomp_coordinator/arm64: "version": "0.1.0"
  PASS: manifest field 'architecture' present in exocomp_coordinator/arm64: "architecture": "arm64"
  PASS: manifest field 'source_commit' present in exocomp_coordinator/arm64: "source_commit": "902bee1a52bf037fdaab50bd0c71ba82fa51a8d6"
  PASS: manifest field 'source_tag' present in exocomp_coordinator/arm64: "source_tag": "v0.1.0-rc.23"
  PASS: manifest field 'builder_digest' present in exocomp_coordinator/arm64: "builder_digest": "sha256:0ae929af91a43a4ae2563b5de6e2f71be0a8181bce93cfcb09690bc037e5eecc"
  PASS: manifest field 'elixir_version' present in exocomp_coordinator/arm64: "elixir_version": "1.20.2"
  PASS: manifest field 'otp_version' present in exocomp_coordinator/arm64: "otp_version": "28.5.0.3"
  PASS: manifest field 'erts_version' present in exocomp_coordinator/arm64: "erts_version": "16.4.0.3"
  PASS: manifest field 'dependency_lock_sha256' present in exocomp_coordinator/arm64: "dependency_lock_sha256": "1dfe980a408835b5eee0d05dda5dcedf159d9a09bb32495c38ed72dff599c4c7"
  PASS: manifest field 'release_input_normalizer_sha256' present in exocomp_coordinator/arm64: "release_input_normalizer_sha256": "e862594e1d5a424411171ac0cdd5268ad831180b1bf415584cdee8aec6762e55"
  PASS: manifest field 'build_command' present in exocomp_coordinator/arm64: "build_command": "make build-arm64"

=== Clean-container startup: exocomp_node / arm64 ===
Testing clean-container startup: exocomp_node / arm64
  Release : /var/lib/exocomp-qualification/src/_build/release/arm64/rel/exocomp_node
  ERTS    : erts-16.4.0.3
  Image   : docker.io/library/debian:bookworm-slim@sha256:9b67294679b30e5d6ab257b40594feeb4a4b81f7fcf4131f4decf0d6a212a9b0
Trying to pull docker.io/library/debian@sha256:9b67294679b30e5d6ab257b40594feeb4a4b81f7fcf4131f4decf0d6a212a9b0...
Getting image source signatures
Copying blob sha256:53bb9e501f1803aca595be8d902a62cea6bf4d996ce6f7dfe16c1c97be343e6c
Copying config sha256:0895689d2b33b6fc8d95ea2d2b878902aa912d786c05e7ff6fdb6bd5a7b61648
Writing manifest to image destination
0895689d2b33b6fc8d95ea2d2b878902aa912d786c05e7ff6fdb6bd5a7b61648
Trying to pull docker.io/hexpm/elixir@sha256:0ae929af91a43a4ae2563b5de6e2f71be0a8181bce93cfcb09690bc037e5eecc...
Getting image source signatures
Copying blob sha256:53bb9e501f1803aca595be8d902a62cea6bf4d996ce6f7dfe16c1c97be343e6c
Copying blob sha256:3e10193b55e9f0e98961d4bc9ba1d3f8bedcd5bf9a78d75914edf319ecd6cc2d
Copying blob sha256:d7cbca7f530ec625da4a84bf5be022d12f6c0dd615d1244f6b36641513cec5a7
Copying blob sha256:ff4ac08643b061cc0f2eed153ff4d36745423880e135b84f6a904c288bb9fb3b
Copying config sha256:5d634838ce321f25a6e2fba1487e55a96529beb7bf783f423cc5e2829baf7cdd
Writing manifest to image destination
5d634838ce321f25a6e2fba1487e55a96529beb7bf783f423cc5e2829baf7cdd
[1/2] STEP 1/1: FROM docker.io/hexpm/elixir:1.20.2-erlang-28.5.0.3-debian-bookworm-20260713-slim@sha256:0ae929af91a43a4ae2563b5de6e2f71be0a8181bce93cfcb09690bc037e5eecc AS builder
--> 5d634838ce32
[2/2] STEP 1/3: FROM docker.io/library/debian:bookworm-slim@sha256:9b67294679b30e5d6ab257b40594feeb4a4b81f7fcf4131f4decf0d6a212a9b0
[2/2] STEP 2/3: ARG LIB_ARCH
--> Using cache 37e26c689681596546fec040aaf0987accaa29743b599dcef9ecbd8e4ec9ae99
--> 37e26c689681
[2/2] STEP 3/3: COPY --from=builder /usr/lib/${LIB_ARCH}/libcrypto.so.3 /usr/lib/${LIB_ARCH}/libcrypto.so.3
--> Using cache 0d77de798b62d9f84323770722af7643bbf9a23c9efbfac82c9ea24520824fc4
[2/2] COMMIT localhost/exocomp-clean-target:arm64
--> 0d77de798b62
Successfully tagged localhost/exocomp-clean-target:arm64
0d77de798b62d9f84323770722af7643bbf9a23c9efbfac82c9ea24520824fc4
ERTS source: bundled (no system erl on PATH — correct)
warning: the VM is running with native name encoding of latin1 which may cause Elixir to malfunction as it expects utf8. Please ensure your locale is set to UTF-8 (which can be verified by running "locale" in your shell) or set the ELIXIR_ERL_OPTIONS="+fnu" environment variable

08:25:39.908 [error] [Node.Application] EXOCOMP_CONFIG_FILE is not set; the listener will not start. Set the environment variable and restart the release.
Release started with bundled ERTS

08:25:40.558 [notice] Application exocomp_node exited: :stopped
PASS: exocomp_node / arm64 started in clean container using bundled ERTS
  PASS: clean-container startup passed for exocomp_node / arm64

=== Clean-container startup: exocomp_coordinator / arm64 ===
Testing clean-container startup: exocomp_coordinator / arm64
  Release : /var/lib/exocomp-qualification/src/_build/release/arm64/rel/exocomp_coordinator
  ERTS    : erts-16.4.0.3
  Image   : docker.io/library/debian:bookworm-slim@sha256:9b67294679b30e5d6ab257b40594feeb4a4b81f7fcf4131f4decf0d6a212a9b0
Trying to pull docker.io/library/debian@sha256:9b67294679b30e5d6ab257b40594feeb4a4b81f7fcf4131f4decf0d6a212a9b0...
Getting image source signatures
Copying blob sha256:53bb9e501f1803aca595be8d902a62cea6bf4d996ce6f7dfe16c1c97be343e6c
Copying config sha256:0895689d2b33b6fc8d95ea2d2b878902aa912d786c05e7ff6fdb6bd5a7b61648
Writing manifest to image destination
0895689d2b33b6fc8d95ea2d2b878902aa912d786c05e7ff6fdb6bd5a7b61648
Trying to pull docker.io/hexpm/elixir@sha256:0ae929af91a43a4ae2563b5de6e2f71be0a8181bce93cfcb09690bc037e5eecc...
Getting image source signatures
Copying blob sha256:53bb9e501f1803aca595be8d902a62cea6bf4d996ce6f7dfe16c1c97be343e6c
Copying blob sha256:d7cbca7f530ec625da4a84bf5be022d12f6c0dd615d1244f6b36641513cec5a7
Copying blob sha256:3e10193b55e9f0e98961d4bc9ba1d3f8bedcd5bf9a78d75914edf319ecd6cc2d
Copying blob sha256:ff4ac08643b061cc0f2eed153ff4d36745423880e135b84f6a904c288bb9fb3b
Copying config sha256:5d634838ce321f25a6e2fba1487e55a96529beb7bf783f423cc5e2829baf7cdd
Writing manifest to image destination
5d634838ce321f25a6e2fba1487e55a96529beb7bf783f423cc5e2829baf7cdd
[1/2] STEP 1/1: FROM docker.io/hexpm/elixir:1.20.2-erlang-28.5.0.3-debian-bookworm-20260713-slim@sha256:0ae929af91a43a4ae2563b5de6e2f71be0a8181bce93cfcb09690bc037e5eecc AS builder
--> 5d634838ce32
[2/2] STEP 1/3: FROM docker.io/library/debian:bookworm-slim@sha256:9b67294679b30e5d6ab257b40594feeb4a4b81f7fcf4131f4decf0d6a212a9b0
[2/2] STEP 2/3: ARG LIB_ARCH
--> Using cache 37e26c689681596546fec040aaf0987accaa29743b599dcef9ecbd8e4ec9ae99
--> 37e26c689681
[2/2] STEP 3/3: COPY --from=builder /usr/lib/${LIB_ARCH}/libcrypto.so.3 /usr/lib/${LIB_ARCH}/libcrypto.so.3
--> Using cache 0d77de798b62d9f84323770722af7643bbf9a23c9efbfac82c9ea24520824fc4
[2/2] COMMIT localhost/exocomp-clean-target:arm64
--> 0d77de798b62
Successfully tagged localhost/exocomp-clean-target:arm64
0d77de798b62d9f84323770722af7643bbf9a23c9efbfac82c9ea24520824fc4
ERTS source: bundled (no system erl on PATH — correct)
warning: the VM is running with native name encoding of latin1 which may cause Elixir to malfunction as it expects utf8. Please ensure your locale is set to UTF-8 (which can be verified by running "locale" in your shell) or set the ELIXIR_ERL_OPTIONS="+fnu" environment variable
Release started with bundled ERTS

08:26:24.886 [notice] Application exocomp_coordinator exited: :stopped
PASS: exocomp_coordinator / arm64 started in clean container using bundled ERTS
  PASS: clean-container startup passed for exocomp_coordinator / arm64

=== Wrong-arch negative test (live) ===
  SKIP: /var/lib/exocomp-qualification/src/_build/release/amd64/rel/exocomp_node not found; build amd64 release first

=== Missing runtime dependency negative test (live) ===
  SKIP: /var/lib/exocomp-qualification/src/_build/release/amd64/rel/exocomp_node not found; build amd64 release first

==========================================
Results: 67 passed, 0 failed
==========================================
[PASS] test-release-matrix
=== 2026-07-27T08:26:29Z Repository gate: test-m5-qualification ===
python3 -m unittest discover -s tests -p 'test_m5_qualification.py' -v
test_checked_in_baselines_pin_identity_and_both_hard_gates (test_m5_qualification.M5QualificationWorkflowTest.test_checked_in_baselines_pin_identity_and_both_hard_gates) ... ok
test_workflow_actions_are_commit_pinned (test_m5_qualification.M5QualificationWorkflowTest.test_workflow_actions_are_commit_pinned) ... ok
test_workflow_runs_the_real_short_gate_for_an_exact_candidate (test_m5_qualification.M5QualificationWorkflowTest.test_workflow_runs_the_real_short_gate_for_an_exact_candidate) ... ok

----------------------------------------------------------------------
Ran 3 tests in 0.305s

OK
podman run --rm --init --user "$(id -u):$(id -g)" --platform linux/arm64 --pull always --env ELIXIR_VERSION=1.20.2 --env OTP_VERSION=28.5.0.3 --env GLIBC_BASELINE=2.36 --env MIX_HOME=/workspace/.mix-home --env HEX_HOME=/workspace/.hex-home --volume "/var/lib/exocomp-qualification/src:/workspace" --workdir /workspace docker.io/hexpm/elixir:1.20.2-erlang-28.5.0.3-debian-bookworm-20260713-slim@sha256:0ae929af91a43a4ae2563b5de6e2f71be0a8181bce93cfcb09690bc037e5eecc sh -c 'mix local.hex --force --quiet && MIX_ENV=test mix deps.get && \
	MIX_ENV=test mix do --app bench cmd mix test \
	test/bench/artifact_identity_test.exs \
	test/bench/baseline_test.exs \
	test/bench/qualification/config_test.exs \
	test/bench/qualification_test.exs \
	test/bench/report/summary_test.exs'
Trying to pull docker.io/hexpm/elixir@sha256:0ae929af91a43a4ae2563b5de6e2f71be0a8181bce93cfcb09690bc037e5eecc...
Getting image source signatures
Copying blob sha256:53bb9e501f1803aca595be8d902a62cea6bf4d996ce6f7dfe16c1c97be343e6c
Copying blob sha256:d7cbca7f530ec625da4a84bf5be022d12f6c0dd615d1244f6b36641513cec5a7
Copying blob sha256:3e10193b55e9f0e98961d4bc9ba1d3f8bedcd5bf9a78d75914edf319ecd6cc2d
Copying blob sha256:ff4ac08643b061cc0f2eed153ff4d36745423880e135b84f6a904c288bb9fb3b
Copying config sha256:5d634838ce321f25a6e2fba1487e55a96529beb7bf783f423cc5e2829baf7cdd
Writing manifest to image destination
* creating .mix-home/archives/hex-2.5.1
warning: path "apps/fixtures" is a directory but it has no mix.exs. Mix won't consider this directory as part of your umbrella application. Please add a "mix.exs" or set the ":apps" key in your umbrella configuration with all relevant apps names as atoms
Resolving Hex dependencies...
Resolution completed in 1.205s
Unchanged:
  bandit 1.12.1
  hpax 1.0.4
  jason 1.4.5
  mime 2.0.7
  nimble_options 1.1.1
  plug 1.20.3
  plug_crypto 2.2.0
  telemetry 1.4.2
  thousand_island 1.5.0
  websock 0.5.3
  x509 0.9.2
warning: path "apps/fixtures" is a directory but it has no mix.exs. Mix won't consider this directory as part of your umbrella application. Please add a "mix.exs" or set the ":apps" key in your umbrella configuration with all relevant apps names as atoms
==> bench
Running ExUnit with seed: 387443, max_cases: 16

..................................
Finished in 22.9 seconds (8.9s async, 14.0s sync)

Result: 34 passed
[PASS] test-m5-qualification
=== 2026-07-27T08:28:52Z Phase 1: Build 1/2 ===
./scripts/build-releases.sh arm64
Pulling pinned linux/arm64 builder docker.io/hexpm/elixir:1.20.2-erlang-28.5.0.3-debian-bookworm-20260713-slim@sha256:0ae929af91a43a4ae2563b5de6e2f71be0a8181bce93cfcb09690bc037e5eecc
Trying to pull docker.io/hexpm/elixir@sha256:0ae929af91a43a4ae2563b5de6e2f71be0a8181bce93cfcb09690bc037e5eecc...
Getting image source signatures
Copying blob sha256:3e10193b55e9f0e98961d4bc9ba1d3f8bedcd5bf9a78d75914edf319ecd6cc2d
Copying blob sha256:53bb9e501f1803aca595be8d902a62cea6bf4d996ce6f7dfe16c1c97be343e6c
Copying blob sha256:ff4ac08643b061cc0f2eed153ff4d36745423880e135b84f6a904c288bb9fb3b
Copying blob sha256:d7cbca7f530ec625da4a84bf5be022d12f6c0dd615d1244f6b36641513cec5a7
Copying config sha256:5d634838ce321f25a6e2fba1487e55a96529beb7bf783f423cc5e2829baf7cdd
Writing manifest to image destination
5d634838ce321f25a6e2fba1487e55a96529beb7bf783f423cc5e2829baf7cdd
podman can execute linux/arm64 (aarch64)
Building node and coordinator releases for linux/arm64
* creating .mix-home/archives/hex-2.5.1
Elixir 1.20.2 / OTP 28.5.0.3 / glibc 2.36
warning: path "apps/fixtures" is a directory but it has no mix.exs. Mix won't consider this directory as part of your umbrella application. Please add a "mix.exs" or set the ":apps" key in your umbrella configuration with all relevant apps names as atoms
Resolving Hex dependencies...
Resolution completed in 1.284s
Unchanged:
  bandit 1.12.1
  hpax 1.0.4
  jason 1.4.5
  mime 2.0.7
  nimble_options 1.1.1
  plug 1.20.3
  plug_crypto 2.2.0
  telemetry 1.4.2
  thousand_island 1.5.0
  websock 0.5.3
  x509 0.9.2
Bandit release input already has deterministic Thousand Island key ordering
warning: path "apps/fixtures" is a directory but it has no mix.exs. Mix won't consider this directory as part of your umbrella application. Please add a "mix.exs" or set the ":apps" key in your umbrella configuration with all relevant apps names as atoms
==> mime
Compiling 1 file (.ex)
Generated mime app
warning: "xref: [exclude: ...]" in your mix.exs file is deprecated, instead use: "elixirc_options: [no_warn_undefined: ...]"
  (mix 1.20.2) lib/mix/tasks/compile.elixir.ex:243: Mix.Tasks.Compile.Elixir.xref_exclude_opts/2
  (mix 1.20.2) lib/mix/tasks/compile.elixir.ex:142: Mix.Tasks.Compile.Elixir.run/1
  (mix 1.20.2) lib/mix/task.ex:502: anonymous fn/3 in Mix.Task.run_task/5
  (mix 1.20.2) lib/mix/task.compiler.ex:299: Mix.Task.Compiler.run_compiler/2
  (mix 1.20.2) lib/mix/task.compiler.ex:287: Mix.Task.Compiler.run/4
  (mix 1.20.2) lib/mix/tasks/compile.all.ex:75: Mix.Tasks.Compile.All.do_run/2

==> x509
Compiling 24 files (.ex)
     warning: the variable "size" is accessed inside size(...) of a bitstring but it was defined outside of the match. You must precede it with the pin operator
     │
 371 │     <<i::unsigned-size(size)-unit(8)>> = :crypto.strong_rand_bytes(size)
     │                        ~
     │
     └─ lib/x509/certificate.ex:371:24: X509.Certificate.random_serial/1

Generated x509 app
==> nimble_options
Compiling 3 files (.ex)
Generated nimble_options app
==> jason
Compiling 10 files (.ex)
Compiling lib/encode.ex (it's taking more than 10s)
Compiling lib/decoder.ex (it's taking more than 10s)
Generated jason app
==> plug_crypto
Compiling 5 files (.ex)
Generated plug_crypto app
==> hpax
Compiling 4 files (.ex)
Generated hpax app
===> Analyzing applications...
===> Compiling telemetry
==> thousand_island
Compiling 18 files (.ex)
Generated thousand_island app
==> plug
Compiling 1 file (.erl)
Compiling 42 files (.ex)
Compiling lib/plug/conn.ex (it's taking more than 10s)
Compiling lib/plug/debugger.ex (it's taking more than 10s)
Generated plug app
==> websock
Compiling 1 file (.ex)
Generated websock app
==> bandit
Compiling 54 files (.ex)
Generated bandit app
==> bench
Compiling 18 files (.ex)
Generated bench app
==> exocomp_core
Compiling 22 files (.ex)
Generated exocomp_core app
==> exocomp_coordinator
Compiling 45 files (.ex)
Generated exocomp_coordinator app
==> exocomp_node
Compiling 53 files (.ex)
Generated exocomp_node app
warning: path "apps/fixtures" is a directory but it has no mix.exs. Mix won't consider this directory as part of your umbrella application. Please add a "mix.exs" or set the ":apps" key in your umbrella configuration with all relevant apps names as atoms
* assembling exocomp_node-0.1.0 on MIX_ENV=prod
* using config/runtime.exs to configure the release at runtime

Release created at _build/release/arm64/rel/exocomp_node

    # To start your system
    _build/release/arm64/rel/exocomp_node/bin/exocomp_node start

Once the release is running:

    # To connect to it remotely
    _build/release/arm64/rel/exocomp_node/bin/exocomp_node remote

    # To stop it gracefully (you may also send SIGINT/SIGTERM)
    _build/release/arm64/rel/exocomp_node/bin/exocomp_node stop

To list all commands:

    _build/release/arm64/rel/exocomp_node/bin/exocomp_node

warning: path "apps/fixtures" is a directory but it has no mix.exs. Mix won't consider this directory as part of your umbrella application. Please add a "mix.exs" or set the ":apps" key in your umbrella configuration with all relevant apps names as atoms
* assembling exocomp_coordinator-0.1.0 on MIX_ENV=prod
* using config/runtime.exs to configure the release at runtime

Release created at _build/release/arm64/rel/exocomp_coordinator

    # To start your system
    _build/release/arm64/rel/exocomp_coordinator/bin/exocomp_coordinator start

Once the release is running:

    # To connect to it remotely
    _build/release/arm64/rel/exocomp_coordinator/bin/exocomp_coordinator remote

    # To stop it gracefully (you may also send SIGINT/SIGTERM)
    _build/release/arm64/rel/exocomp_coordinator/bin/exocomp_coordinator stop

To list all commands:

    _build/release/arm64/rel/exocomp_coordinator/bin/exocomp_coordinator


08:36:02.046 [error] [Node.Application] EXOCOMP_CONFIG_FILE is not set; the listener will not start. Set the environment variable and restart the release.
exocomp_node: started with bundled ERTS

08:36:02.950 [notice] Application exocomp_node exited: :stopped
exocomp_coordinator: started with bundled ERTS

08:36:16.987 [notice] Application exocomp_coordinator exited: :stopped
Built linux/arm64 releases under _build/release/arm64/rel

Inspecting runtime dependencies for linux/arm64 releases
  exocomp_node: _build/release/arm64/rel/exocomp_node
Inspecting ELF dependencies in _build/release/arm64/rel/exocomp_node (arm64)
Baseline: /var/lib/exocomp-qualification/src/release/runtime-baseline.lock


Dependency report: _build/release/arm64/rel/exocomp_node/dep-report.json
PASS: all dynamic dependencies are declared.
  exocomp_coordinator: _build/release/arm64/rel/exocomp_coordinator
Inspecting ELF dependencies in _build/release/arm64/rel/exocomp_coordinator (arm64)
Baseline: /var/lib/exocomp-qualification/src/release/runtime-baseline.lock


Dependency report: _build/release/arm64/rel/exocomp_coordinator/dep-report.json
PASS: all dynamic dependencies are declared.

All runtime dependency checks passed for linux/arm64.

Packaging deterministic, secret-free release archives
/var/lib/exocomp-qualification/rc23/artifacts-build1/exocomp-node-0.1.0-rc.23-linux-arm64.tar.gz  sha256:668ecc3eeec82c0f25af82280f0b0d7c2bd85b19633e666aaeb7154276d5121a
/var/lib/exocomp-qualification/rc23/artifacts-build1/exocomp-node-0.1.0-rc.23-linux-arm64.manifest.json
/var/lib/exocomp-qualification/rc23/artifacts-build1/exocomp-coordinator-0.1.0-rc.23-linux-arm64.tar.gz  sha256:55b9a8d3acb0eb24a118a1fed199c202c438656020a7606f3d01d35bc9ccd94b
/var/lib/exocomp-qualification/rc23/artifacts-build1/exocomp-coordinator-0.1.0-rc.23-linux-arm64.manifest.json
Packaged linux/arm64 releases under /var/lib/exocomp-qualification/rc23/artifacts-build1
55b9a8d3acb0eb24a118a1fed199c202c438656020a7606f3d01d35bc9ccd94b  /var/lib/exocomp-qualification/rc23/artifacts-build1/exocomp-coordinator-0.1.0-rc.23-linux-arm64.tar.gz
668ecc3eeec82c0f25af82280f0b0d7c2bd85b19633e666aaeb7154276d5121a  /var/lib/exocomp-qualification/rc23/artifacts-build1/exocomp-node-0.1.0-rc.23-linux-arm64.tar.gz
[PASS] Build 1 complete
=== 2026-07-27T08:44:51Z Phase 2: Build 2/2 ===
./scripts/build-releases.sh arm64
Pulling pinned linux/arm64 builder docker.io/hexpm/elixir:1.20.2-erlang-28.5.0.3-debian-bookworm-20260713-slim@sha256:0ae929af91a43a4ae2563b5de6e2f71be0a8181bce93cfcb09690bc037e5eecc
Trying to pull docker.io/hexpm/elixir@sha256:0ae929af91a43a4ae2563b5de6e2f71be0a8181bce93cfcb09690bc037e5eecc...
Getting image source signatures
Copying blob sha256:53bb9e501f1803aca595be8d902a62cea6bf4d996ce6f7dfe16c1c97be343e6c
Copying blob sha256:3e10193b55e9f0e98961d4bc9ba1d3f8bedcd5bf9a78d75914edf319ecd6cc2d
Copying blob sha256:ff4ac08643b061cc0f2eed153ff4d36745423880e135b84f6a904c288bb9fb3b
Copying blob sha256:d7cbca7f530ec625da4a84bf5be022d12f6c0dd615d1244f6b36641513cec5a7
Copying config sha256:5d634838ce321f25a6e2fba1487e55a96529beb7bf783f423cc5e2829baf7cdd
Writing manifest to image destination
5d634838ce321f25a6e2fba1487e55a96529beb7bf783f423cc5e2829baf7cdd
podman can execute linux/arm64 (aarch64)
Building node and coordinator releases for linux/arm64
* creating .mix-home/archives/hex-2.5.1
Elixir 1.20.2 / OTP 28.5.0.3 / glibc 2.36
warning: path "apps/fixtures" is a directory but it has no mix.exs. Mix won't consider this directory as part of your umbrella application. Please add a "mix.exs" or set the ":apps" key in your umbrella configuration with all relevant apps names as atoms
Resolving Hex dependencies...
Resolution completed in 1.179s
Unchanged:
  bandit 1.12.1
  hpax 1.0.4
  jason 1.4.5
  mime 2.0.7
  nimble_options 1.1.1
  plug 1.20.3
  plug_crypto 2.2.0
  telemetry 1.4.2
  thousand_island 1.5.0
  websock 0.5.3
  x509 0.9.2
Bandit release input already has deterministic Thousand Island key ordering
warning: path "apps/fixtures" is a directory but it has no mix.exs. Mix won't consider this directory as part of your umbrella application. Please add a "mix.exs" or set the ":apps" key in your umbrella configuration with all relevant apps names as atoms
==> mime
Compiling 1 file (.ex)
Generated mime app
warning: "xref: [exclude: ...]" in your mix.exs file is deprecated, instead use: "elixirc_options: [no_warn_undefined: ...]"
  (mix 1.20.2) lib/mix/tasks/compile.elixir.ex:243: Mix.Tasks.Compile.Elixir.xref_exclude_opts/2
  (mix 1.20.2) lib/mix/tasks/compile.elixir.ex:142: Mix.Tasks.Compile.Elixir.run/1
  (mix 1.20.2) lib/mix/task.ex:502: anonymous fn/3 in Mix.Task.run_task/5
  (mix 1.20.2) lib/mix/task.compiler.ex:299: Mix.Task.Compiler.run_compiler/2
  (mix 1.20.2) lib/mix/task.compiler.ex:287: Mix.Task.Compiler.run/4
  (mix 1.20.2) lib/mix/tasks/compile.all.ex:75: Mix.Tasks.Compile.All.do_run/2

==> x509
Compiling 24 files (.ex)
     warning: the variable "size" is accessed inside size(...) of a bitstring but it was defined outside of the match. You must precede it with the pin operator
     │
 371 │     <<i::unsigned-size(size)-unit(8)>> = :crypto.strong_rand_bytes(size)
     │                        ~
     │
     └─ lib/x509/certificate.ex:371:24: X509.Certificate.random_serial/1

Generated x509 app
==> nimble_options
Compiling 3 files (.ex)
Generated nimble_options app
==> jason
Compiling 10 files (.ex)
Compiling lib/encode.ex (it's taking more than 10s)
Compiling lib/decoder.ex (it's taking more than 10s)
Generated jason app
==> plug_crypto
Compiling 5 files (.ex)
Generated plug_crypto app
==> hpax
Compiling 4 files (.ex)
Generated hpax app
===> Analyzing applications...
===> Compiling telemetry
==> thousand_island
Compiling 18 files (.ex)
Generated thousand_island app
==> plug
Compiling 1 file (.erl)
Compiling 42 files (.ex)
Compiling lib/plug/conn.ex (it's taking more than 10s)
Compiling lib/plug/debugger.ex (it's taking more than 10s)
Generated plug app
==> websock
Compiling 1 file (.ex)
Generated websock app
==> bandit
Compiling 54 files (.ex)
Generated bandit app
==> bench
Compiling 18 files (.ex)
Generated bench app
==> exocomp_core
Compiling 22 files (.ex)
Generated exocomp_core app
==> exocomp_coordinator
Compiling 45 files (.ex)
Generated exocomp_coordinator app
==> exocomp_node
Compiling 53 files (.ex)
Generated exocomp_node app
warning: path "apps/fixtures" is a directory but it has no mix.exs. Mix won't consider this directory as part of your umbrella application. Please add a "mix.exs" or set the ":apps" key in your umbrella configuration with all relevant apps names as atoms
* assembling exocomp_node-0.1.0 on MIX_ENV=prod
* using config/runtime.exs to configure the release at runtime

Release created at _build/release/arm64/rel/exocomp_node

    # To start your system
    _build/release/arm64/rel/exocomp_node/bin/exocomp_node start

Once the release is running:

    # To connect to it remotely
    _build/release/arm64/rel/exocomp_node/bin/exocomp_node remote

    # To stop it gracefully (you may also send SIGINT/SIGTERM)
    _build/release/arm64/rel/exocomp_node/bin/exocomp_node stop

To list all commands:

    _build/release/arm64/rel/exocomp_node/bin/exocomp_node

warning: path "apps/fixtures" is a directory but it has no mix.exs. Mix won't consider this directory as part of your umbrella application. Please add a "mix.exs" or set the ":apps" key in your umbrella configuration with all relevant apps names as atoms
* assembling exocomp_coordinator-0.1.0 on MIX_ENV=prod
* using config/runtime.exs to configure the release at runtime

Release created at _build/release/arm64/rel/exocomp_coordinator

    # To start your system
    _build/release/arm64/rel/exocomp_coordinator/bin/exocomp_coordinator start

Once the release is running:

    # To connect to it remotely
    _build/release/arm64/rel/exocomp_coordinator/bin/exocomp_coordinator remote

    # To stop it gracefully (you may also send SIGINT/SIGTERM)
    _build/release/arm64/rel/exocomp_coordinator/bin/exocomp_coordinator stop

To list all commands:

    _build/release/arm64/rel/exocomp_coordinator/bin/exocomp_coordinator


08:52:06.281 [error] [Node.Application] EXOCOMP_CONFIG_FILE is not set; the listener will not start. Set the environment variable and restart the release.
exocomp_node: started with bundled ERTS

08:52:06.957 [notice] Application exocomp_node exited: :stopped
exocomp_coordinator: started with bundled ERTS

08:52:22.707 [notice] Application exocomp_coordinator exited: :stopped
Built linux/arm64 releases under _build/release/arm64/rel

Inspecting runtime dependencies for linux/arm64 releases
  exocomp_node: _build/release/arm64/rel/exocomp_node
Inspecting ELF dependencies in _build/release/arm64/rel/exocomp_node (arm64)
Baseline: /var/lib/exocomp-qualification/src/release/runtime-baseline.lock


Dependency report: _build/release/arm64/rel/exocomp_node/dep-report.json
PASS: all dynamic dependencies are declared.
  exocomp_coordinator: _build/release/arm64/rel/exocomp_coordinator
Inspecting ELF dependencies in _build/release/arm64/rel/exocomp_coordinator (arm64)
Baseline: /var/lib/exocomp-qualification/src/release/runtime-baseline.lock


Dependency report: _build/release/arm64/rel/exocomp_coordinator/dep-report.json
PASS: all dynamic dependencies are declared.

All runtime dependency checks passed for linux/arm64.

Packaging deterministic, secret-free release archives
/var/lib/exocomp-qualification/rc23/artifacts-build2/exocomp-node-0.1.0-rc.23-linux-arm64.tar.gz  sha256:668ecc3eeec82c0f25af82280f0b0d7c2bd85b19633e666aaeb7154276d5121a
/var/lib/exocomp-qualification/rc23/artifacts-build2/exocomp-node-0.1.0-rc.23-linux-arm64.manifest.json
/var/lib/exocomp-qualification/rc23/artifacts-build2/exocomp-coordinator-0.1.0-rc.23-linux-arm64.tar.gz  sha256:55b9a8d3acb0eb24a118a1fed199c202c438656020a7606f3d01d35bc9ccd94b
/var/lib/exocomp-qualification/rc23/artifacts-build2/exocomp-coordinator-0.1.0-rc.23-linux-arm64.manifest.json
Packaged linux/arm64 releases under /var/lib/exocomp-qualification/rc23/artifacts-build2
55b9a8d3acb0eb24a118a1fed199c202c438656020a7606f3d01d35bc9ccd94b  /var/lib/exocomp-qualification/rc23/artifacts-build2/exocomp-coordinator-0.1.0-rc.23-linux-arm64.tar.gz
668ecc3eeec82c0f25af82280f0b0d7c2bd85b19633e666aaeb7154276d5121a  /var/lib/exocomp-qualification/rc23/artifacts-build2/exocomp-node-0.1.0-rc.23-linux-arm64.tar.gz
[PASS] Build 2 complete
=== 2026-07-27T09:01:09Z Phase 3: Verify reproducibility ===
[PASS] Reproducible: exocomp-coordinator-0.1.0-rc.23-linux-arm64.tar.gz sha256=55b9a8d3acb0eb24a118a1fed199c202c438656020a7606f3d01d35bc9ccd94b
[PASS] Reproducible: exocomp-node-0.1.0-rc.23-linux-arm64.tar.gz sha256=668ecc3eeec82c0f25af82280f0b0d7c2bd85b19633e666aaeb7154276d5121a
[PASS] Both builds produce identical artifacts
=== 2026-07-27T09:01:11Z Phase 4: Build bench_harness ===
podman run --rm --init --user "$(id -u):$(id -g)" --platform linux/arm64 --pull always --env ELIXIR_VERSION=1.20.2 --env OTP_VERSION=28.5.0.3 --env GLIBC_BASELINE=2.36 --env MIX_HOME=/workspace/.mix-home --env HEX_HOME=/workspace/.hex-home --volume "/var/lib/exocomp-qualification/src:/workspace" --workdir /workspace docker.io/hexpm/elixir:1.20.2-erlang-28.5.0.3-debian-bookworm-20260713-slim@sha256:0ae929af91a43a4ae2563b5de6e2f71be0a8181bce93cfcb09690bc037e5eecc sh -c 'mix local.hex --force --quiet && MIX_ENV=prod mix deps.get && \
	MIX_ENV=prod mix do --app bench cmd mix release bench_harness --overwrite'
Trying to pull docker.io/hexpm/elixir@sha256:0ae929af91a43a4ae2563b5de6e2f71be0a8181bce93cfcb09690bc037e5eecc...
Getting image source signatures
Copying blob sha256:3e10193b55e9f0e98961d4bc9ba1d3f8bedcd5bf9a78d75914edf319ecd6cc2d
Copying blob sha256:ff4ac08643b061cc0f2eed153ff4d36745423880e135b84f6a904c288bb9fb3b
Copying blob sha256:53bb9e501f1803aca595be8d902a62cea6bf4d996ce6f7dfe16c1c97be343e6c
Copying blob sha256:d7cbca7f530ec625da4a84bf5be022d12f6c0dd615d1244f6b36641513cec5a7
Copying config sha256:5d634838ce321f25a6e2fba1487e55a96529beb7bf783f423cc5e2829baf7cdd
Writing manifest to image destination
* creating .mix-home/archives/hex-2.5.1
warning: path "apps/fixtures" is a directory but it has no mix.exs. Mix won't consider this directory as part of your umbrella application. Please add a "mix.exs" or set the ":apps" key in your umbrella configuration with all relevant apps names as atoms
Resolving Hex dependencies...
Resolution completed in 1.099s
Unchanged:
  bandit 1.12.1
  hpax 1.0.4
  jason 1.4.5
  mime 2.0.7
  nimble_options 1.1.1
  plug 1.20.3
  plug_crypto 2.2.0
  telemetry 1.4.2
  thousand_island 1.5.0
  websock 0.5.3
  x509 0.9.2
warning: path "apps/fixtures" is a directory but it has no mix.exs. Mix won't consider this directory as part of your umbrella application. Please add a "mix.exs" or set the ":apps" key in your umbrella configuration with all relevant apps names as atoms
==> bench
Compiling 2 files (.ex)
Compiling 1 file (.ex)
* assembling bench_harness-0.1.0 on MIX_ENV=prod
* using ../../config/runtime.exs to configure the release at runtime

Release created at /workspace/_build/prod/rel/bench_harness

    # To start your system
    /workspace/_build/prod/rel/bench_harness/bin/bench_harness start

Once the release is running:

    # To connect to it remotely
    /workspace/_build/prod/rel/bench_harness/bin/bench_harness remote

    # To stop it gracefully (you may also send SIGINT/SIGTERM)
    /workspace/_build/prod/rel/bench_harness/bin/bench_harness stop

To list all commands:

    /workspace/_build/prod/rel/bench_harness/bin/bench_harness

[PASS] bench_harness: /var/lib/exocomp-qualification/src/_build/prod/rel/bench_harness/bin/bench_harness
=== 2026-07-27T09:03:27Z Phase 5: Assemble bundle ===
bash scripts/assemble-bundle.sh \
	--arch arm64 \
	--version "0.1.0-rc.23" \
	--kind complete \
	--node-archive "/var/lib/exocomp-qualification/rc23/artifacts-build1/exocomp-node-0.1.0-rc.23-linux-arm64.tar.gz" \
	--coord-archive "/var/lib/exocomp-qualification/rc23/artifacts-build1/exocomp-coordinator-0.1.0-rc.23-linux-arm64.tar.gz" \
	--llama-server "/var/lib/exocomp-qualification/inputs/llama-b10107-no-openmp/build/bin/llama-server" \
	--llama-lib-dir "/var/lib/exocomp-qualification/inputs/llama-b10107-no-openmp/build/bin" \
	--model "/var/lib/exocomp-qualification/inputs/qwen2.5-1.5b-instruct-q4_k_m.gguf" \
	--model-sha256 "6a1a2eb6d15622bf3c96857206351ba97e1af16c30d7a74ee38970e434e9407e" \
	--builder-image "docker.io/hexpm/elixir:1.20.2-erlang-28.5.0.3-debian-bookworm-20260713-slim@sha256:0ae929af91a43a4ae2563b5de6e2f71be0a8181bce93cfcb09690bc037e5eecc" \
	--sign-key "/var/lib/exocomp-qualification/qualification.key" \
	--source-commit "902bee1a52bf037fdaab50bd0c71ba82fa51a8d6" \
	--dist-dir "/var/lib/exocomp-qualification/rc23/final-dist"
[assemble-bundle] Bundle: exocomp-complete-0.1.0-rc.23-linux-arm64
[assemble-bundle] Kind:   complete
[assemble-bundle] ==> VALIDATING INPUTS
[assemble-bundle]   node archive:        /var/lib/exocomp-qualification/rc23/artifacts-build1/exocomp-node-0.1.0-rc.23-linux-arm64.tar.gz
[assemble-bundle]   coord archive:       /var/lib/exocomp-qualification/rc23/artifacts-build1/exocomp-coordinator-0.1.0-rc.23-linux-arm64.tar.gz
[assemble-bundle]   llama-server:        /var/lib/exocomp-qualification/inputs/llama-b10107-no-openmp/build/bin/llama-server
[assemble-bundle]   llama libraries:     /var/lib/exocomp-qualification/inputs/llama-b10107-no-openmp/build/bin
[assemble-bundle]   model:               /var/lib/exocomp-qualification/inputs/qwen2.5-1.5b-instruct-q4_k_m.gguf
[assemble-bundle]   verifying model SHA-256...
[assemble-bundle]   model SHA-256 OK: 6a1a2eb6d15622bf3c96857206351ba97e1af16c30d7a74ee38970e434e9407e
[assemble-bundle]   source commit:       902bee1a52bf037fdaab50bd0c71ba82fa51a8d6
[assemble-bundle] ==> STAGING BUNDLE CONTENTS
[assemble-bundle]   staged: releases/exocomp-node-0.1.0-rc.23-linux-arm64.tar.gz
[assemble-bundle]   staged: releases/exocomp-coordinator-0.1.0-rc.23-linux-arm64.tar.gz
[assemble-bundle]   staged: llama-server runtime
[assemble-bundle]   staged: models/qwen2.5-1.5b-instruct-q4_k_m.gguf
[assemble-bundle]   staged: release/
[assemble-bundle]   staged: scripts/
[assemble-bundle]   staged: LICENSES/ (3 files)
[assemble-bundle]   staged: THIRD_PARTY_NOTICES.md
[assemble-bundle]   staged: LICENSE
[assemble-bundle] ==> GENERATING MANIFEST
[assemble-bundle]   manifest.sha256: 47 entries
[assemble-bundle] ==> GENERATING STRUCTURED MANIFEST
[assemble-bundle]   manifest.json written
[assemble-bundle] ==> GENERATING SPDX SBOM
[assemble-bundle]   sbom.spdx.json written
[assemble-bundle] ==> GENERATING PROVENANCE
[assemble-bundle]   provenance.json written
[assemble-bundle] ==> EXTENDING MANIFEST TO COVER METADATA FILES
[assemble-bundle]   manifest.sha256 += manifest.json
[assemble-bundle]   manifest.sha256 += sbom.spdx.json
[assemble-bundle]   manifest.sha256 += provenance.json
[assemble-bundle] ==> SIGNING
Signed: /tmp/tmp.aXgMHuHjvo/exocomp-complete-0.1.0-rc.23-linux-arm64/bundle.minisig
[assemble-bundle]   bundle.minisig written
[assemble-bundle] ==> CREATING ARCHIVE
[assemble-bundle]   created: /var/lib/exocomp-qualification/rc23/final-dist/exocomp-complete-0.1.0-rc.23-linux-arm64.tar.gz
[assemble-bundle]   created: /var/lib/exocomp-qualification/rc23/final-dist/exocomp-complete-0.1.0-rc.23-linux-arm64.tar.gz.sha256
[assemble-bundle] 
[assemble-bundle] ==> DONE
[assemble-bundle]     archive:  /var/lib/exocomp-qualification/rc23/final-dist/exocomp-complete-0.1.0-rc.23-linux-arm64.tar.gz
[assemble-bundle]     checksum: /var/lib/exocomp-qualification/rc23/final-dist/exocomp-complete-0.1.0-rc.23-linux-arm64.tar.gz.sha256
[PASS] Bundle build 1 assembled
bash scripts/assemble-bundle.sh \
	--arch arm64 \
	--version "0.1.0-rc.23" \
	--kind complete \
	--node-archive "/var/lib/exocomp-qualification/rc23/artifacts-build1/exocomp-node-0.1.0-rc.23-linux-arm64.tar.gz" \
	--coord-archive "/var/lib/exocomp-qualification/rc23/artifacts-build1/exocomp-coordinator-0.1.0-rc.23-linux-arm64.tar.gz" \
	--llama-server "/var/lib/exocomp-qualification/inputs/llama-b10107-no-openmp/build/bin/llama-server" \
	--llama-lib-dir "/var/lib/exocomp-qualification/inputs/llama-b10107-no-openmp/build/bin" \
	--model "/var/lib/exocomp-qualification/inputs/qwen2.5-1.5b-instruct-q4_k_m.gguf" \
	--model-sha256 "6a1a2eb6d15622bf3c96857206351ba97e1af16c30d7a74ee38970e434e9407e" \
	--builder-image "docker.io/hexpm/elixir:1.20.2-erlang-28.5.0.3-debian-bookworm-20260713-slim@sha256:0ae929af91a43a4ae2563b5de6e2f71be0a8181bce93cfcb09690bc037e5eecc" \
	--sign-key "/var/lib/exocomp-qualification/qualification.key" \
	--source-commit "902bee1a52bf037fdaab50bd0c71ba82fa51a8d6" \
	--dist-dir "/var/lib/exocomp-qualification/rc23/bundle-build2"
[assemble-bundle] Bundle: exocomp-complete-0.1.0-rc.23-linux-arm64
[assemble-bundle] Kind:   complete
[assemble-bundle] ==> VALIDATING INPUTS
[assemble-bundle]   node archive:        /var/lib/exocomp-qualification/rc23/artifacts-build1/exocomp-node-0.1.0-rc.23-linux-arm64.tar.gz
[assemble-bundle]   coord archive:       /var/lib/exocomp-qualification/rc23/artifacts-build1/exocomp-coordinator-0.1.0-rc.23-linux-arm64.tar.gz
[assemble-bundle]   llama-server:        /var/lib/exocomp-qualification/inputs/llama-b10107-no-openmp/build/bin/llama-server
[assemble-bundle]   llama libraries:     /var/lib/exocomp-qualification/inputs/llama-b10107-no-openmp/build/bin
[assemble-bundle]   model:               /var/lib/exocomp-qualification/inputs/qwen2.5-1.5b-instruct-q4_k_m.gguf
[assemble-bundle]   verifying model SHA-256...
[assemble-bundle]   model SHA-256 OK: 6a1a2eb6d15622bf3c96857206351ba97e1af16c30d7a74ee38970e434e9407e
[assemble-bundle]   source commit:       902bee1a52bf037fdaab50bd0c71ba82fa51a8d6
[assemble-bundle] ==> STAGING BUNDLE CONTENTS
[assemble-bundle]   staged: releases/exocomp-node-0.1.0-rc.23-linux-arm64.tar.gz
[assemble-bundle]   staged: releases/exocomp-coordinator-0.1.0-rc.23-linux-arm64.tar.gz
[assemble-bundle]   staged: llama-server runtime
[assemble-bundle]   staged: models/qwen2.5-1.5b-instruct-q4_k_m.gguf
[assemble-bundle]   staged: release/
[assemble-bundle]   staged: scripts/
[assemble-bundle]   staged: LICENSES/ (3 files)
[assemble-bundle]   staged: THIRD_PARTY_NOTICES.md
[assemble-bundle]   staged: LICENSE
[assemble-bundle] ==> GENERATING MANIFEST
[assemble-bundle]   manifest.sha256: 47 entries
[assemble-bundle] ==> GENERATING STRUCTURED MANIFEST
[assemble-bundle]   manifest.json written
[assemble-bundle] ==> GENERATING SPDX SBOM
[assemble-bundle]   sbom.spdx.json written
[assemble-bundle] ==> GENERATING PROVENANCE
[assemble-bundle]   provenance.json written
[assemble-bundle] ==> EXTENDING MANIFEST TO COVER METADATA FILES
[assemble-bundle]   manifest.sha256 += manifest.json
[assemble-bundle]   manifest.sha256 += sbom.spdx.json
[assemble-bundle]   manifest.sha256 += provenance.json
[assemble-bundle] ==> SIGNING
Signed: /tmp/tmp.qao4xrCd4U/exocomp-complete-0.1.0-rc.23-linux-arm64/bundle.minisig
[assemble-bundle]   bundle.minisig written
[assemble-bundle] ==> CREATING ARCHIVE
[assemble-bundle]   created: /var/lib/exocomp-qualification/rc23/bundle-build2/exocomp-complete-0.1.0-rc.23-linux-arm64.tar.gz
[assemble-bundle]   created: /var/lib/exocomp-qualification/rc23/bundle-build2/exocomp-complete-0.1.0-rc.23-linux-arm64.tar.gz.sha256
[assemble-bundle] 
[assemble-bundle] ==> DONE
[assemble-bundle]     archive:  /var/lib/exocomp-qualification/rc23/bundle-build2/exocomp-complete-0.1.0-rc.23-linux-arm64.tar.gz
[assemble-bundle]     checksum: /var/lib/exocomp-qualification/rc23/bundle-build2/exocomp-complete-0.1.0-rc.23-linux-arm64.tar.gz.sha256
[PASS] Two complete signed bundle assemblies are byte-identical
=== 2026-07-27T09:22:13Z Phase 6: Preflight ===
candidate=0.1.0-rc.23 architecture=arm64 commit=902bee1a52bf037fdaab50bd0c71ba82fa51a8d6
[verify-bundle] Bundle dir: /var/lib/exocomp-qualification/rc23/final-dist/exocomp-complete-0.1.0-rc.23-linux-arm64
[verify-bundle] Manifest: 50 entries
[verify-bundle] ==> Verifying file checksums...
[verify-bundle]   all 50 checksums OK
[verify-bundle] ==> Verifying SBOM...
[verify-bundle]   SBOM structure OK
[verify-bundle] ==> Verifying provenance...
[verify-bundle]   provenance structure OK
[verify-bundle] ==> Verifying metadata coverage in manifest.sha256...
[verify-bundle]   metadata coverage OK
[verify-bundle] ==> Verifying LICENSES directory...
[verify-bundle]   LICENSES/: 3 file(s)
[verify-bundle] ==> Verifying signature...
Signature and comment signature verified
Trusted comment: exocomp bundle manifest signature
[verify-bundle]   signature OK
[verify-bundle] 
[verify-bundle] ==> VERIFICATION PASSED
[PASS] strict verification succeeds with no network namespace
[uninstall] ==> VALIDATION
[uninstall]   component: node
[uninstall]   purge:     system-cache
[uninstall]   dry-run:   0
[uninstall] ==> DISCOVER VERSION
[uninstall]   current version: 0.1.0-rc.18
[uninstall] ==> STOP SERVICE
[uninstall]   exocomp-node is not running (skip stop)
[uninstall]   exocomp-node is not enabled (skip disable)
[uninstall] ==> REMOVE INSTALLED FILES
[uninstall]   rm -f /etc/systemd/system/exocomp-node.service
[uninstall]   rm -f /etc/sudoers.d/exocomp-node
[uninstall]   rm -f /opt/exocomp/node/current  (symlink)
[uninstall]   rm -rf /opt/exocomp/node/releases/0.1.0-rc.18
[uninstall]   rm -f /opt/exocomp/node/manifest-0.1.0-rc.18.txt
[uninstall] ==> PURGE SYSTEM CACHE
[uninstall]   system cache purged
[uninstall] ==> RELOAD SYSTEMD
[uninstall]   systemctl daemon-reload
[uninstall] ==> PRESERVED (operator state — NOT removed)
[uninstall]   /opt/exocomp/node/config
[uninstall]   /opt/exocomp/node/log
[uninstall]   /var/lib/exocomp-node

[uninstall] ==> exocomp-node uninstalled
[uninstall]     operator state preserved in /opt/exocomp/node/config/
[uninstall] ==> VALIDATION
[uninstall]   component: coordinator
[uninstall]   purge:     system-cache
[uninstall]   dry-run:   0
[uninstall] ==> DISCOVER VERSION
[uninstall]   current version: 0.1.0-rc.18
[uninstall] ==> STOP SERVICE
[uninstall]   exocomp-coordinator is not running (skip stop)
[uninstall]   exocomp-coordinator is not enabled (skip disable)
[uninstall] ==> REMOVE INSTALLED FILES
[uninstall]   rm -f /etc/systemd/system/exocomp-coordinator.service
[uninstall]   rm -f /etc/sudoers.d/exocomp-coordinator
[uninstall]   rm -f /opt/exocomp/coordinator/current  (symlink)
[uninstall]   rm -rf /opt/exocomp/coordinator/releases/0.1.0-rc.18
[uninstall]   rm -f /opt/exocomp/coordinator/manifest-0.1.0-rc.18.txt
[uninstall] ==> PURGE SYSTEM CACHE
[uninstall]   system cache purged
[uninstall] ==> RELOAD SYSTEMD
[uninstall]   systemctl daemon-reload
[uninstall] ==> PRESERVED (operator state — NOT removed)
[uninstall]   /opt/exocomp/coordinator/config
[uninstall]   /opt/exocomp/coordinator/log
[uninstall]   /var/lib/exocomp-coordinator

[uninstall] ==> exocomp-coordinator uninstalled
[uninstall]     operator state preserved in /opt/exocomp/coordinator/config/
[install] ==> PREFLIGHT
[install]   bundle:    /var/lib/exocomp-qualification/rc23/final-dist/exocomp-complete-0.1.0-rc.23-linux-arm64/releases/exocomp-coordinator-0.1.0-rc.23-linux-arm64.tar.gz
[install]   version:   0.1.0-rc.23
[install]   component: coordinator
[install]   arch:      aarch64
[install]   checksums: /var/lib/exocomp-qualification/rc23/final-dist/exocomp-complete-0.1.0-rc.23-linux-arm64/manifest.sha256
[install]   verifying checksums...
[install]   checksum OK: 55b9a8d3acb0eb24a118a1fed199c202c438656020a7606f3d01d35bc9ccd94b
[install]   preflight passed
[install] ==> USERS AND DIRECTORIES
[install]   user exists: exocomp-coordinator
[install]   creating directories
[install]   directories configured
[install] ==> INSTALL RELEASE
[install]   extracting /var/lib/exocomp-qualification/rc23/final-dist/exocomp-complete-0.1.0-rc.23-linux-arm64/releases/exocomp-coordinator-0.1.0-rc.23-linux-arm64.tar.gz
[install]   staged protected-state backup utility
[install]   release 0.1.0-rc.23 staged
[install] ==> CONFIGURATION
[install]   installing config template: /opt/exocomp/coordinator/config/coordinator.json
[install] ==> RELEASE COOKIE
[install]   protected release cookie provisioned
[install] ==> CONFIG VALIDATION
[install]   staged release accepted configuration
[install] ==> CURRENT VERSION SWITCH
[install]   current -> releases/0.1.0-rc.23
[install] ==> SUDOERS POLICY
[install]   validating with visudo...
/etc/sudoers.d/exocomp-coordinator: parsed OK
[install]   visudo check passed
[install]   sudoers policy installed: /etc/sudoers.d/exocomp-coordinator
[install] ==> SYSTEMD UNIT
[install]   unit installed: /etc/systemd/system/exocomp-coordinator.service
[install] ==> ACTIVATE
[install]   --no-start set; skipping service start
[install] ==> MANIFEST
[install]   manifest written: /opt/exocomp/coordinator/manifest-0.1.0-rc.23.txt

[install] ==> exocomp-coordinator 0.1.0-rc.23 installed successfully
[install]     install: /opt/exocomp/coordinator
[install]     config:  /opt/exocomp/coordinator/config/coordinator.json
[install]     log:     /opt/exocomp/coordinator/log/
[PASS] coordinator installs without network access
disposition=initialized
root_fingerprint=4A:F2:79:BC:24:59:DE:B8:48:FE:CD:3E:EC:8A:31:B4:78:C8:43:E1:10:B2:66:1F:D6:E7:35:36:79:36:6A:C7
[PASS] production PKI initializes from the shipped coordinator
[PASS] offline root was removed before production startup
Created symlink /etc/systemd/system/multi-user.target.wants/exocomp-coordinator.service → /etc/systemd/system/exocomp-coordinator.service.
coordinator_ready=true
token_issued=true token_length=70 token_value=[REDACTED]
[install] ==> PREFLIGHT
[install]   bundle:    /var/lib/exocomp-qualification/rc23/final-dist/exocomp-complete-0.1.0-rc.23-linux-arm64/releases/exocomp-node-0.1.0-rc.23-linux-arm64.tar.gz
[install]   version:   0.1.0-rc.23
[install]   component: node
[install]   peer:      coordinator 0.1.0-rc.23 (compatible major version)
[install]   arch:      aarch64
[install]   checksums: /var/lib/exocomp-qualification/rc23/final-dist/exocomp-complete-0.1.0-rc.23-linux-arm64/manifest.sha256
[install]   verifying checksums...
[install]   checksum OK: 668ecc3eeec82c0f25af82280f0b0d7c2bd85b19633e666aaeb7154276d5121a
[install]   preflight passed
[install] ==> USERS AND DIRECTORIES
[install]   user exists: exocomp-node
[install]   creating directories
[install]   directories configured
[install] ==> INSTALL RELEASE
[install]   extracting /var/lib/exocomp-qualification/rc23/final-dist/exocomp-complete-0.1.0-rc.23-linux-arm64/releases/exocomp-node-0.1.0-rc.23-linux-arm64.tar.gz
[install]   staged bundled llama-server runtime
[install]   staged protected-state backup utility
[install]   release 0.1.0-rc.23 staged
[install] ==> CONFIGURATION
[install]   installing config template: /opt/exocomp/node/config/node.json
[install] ==> RELEASE COOKIE
[install]   protected release cookie provisioned
[install] ==> CONFIG VALIDATION
[install]   staged release accepted configuration
[install] ==> CURRENT VERSION SWITCH
[install]   current -> releases/0.1.0-rc.23
[install] ==> SUDOERS POLICY
[install]   validating with visudo...
/etc/sudoers.d/exocomp-node: parsed OK
[install]   visudo check passed
[install]   sudoers policy installed: /etc/sudoers.d/exocomp-node
[install] ==> SYSTEMD UNIT
[install]   unit installed: /etc/systemd/system/exocomp-node.service
[install] ==> ACTIVATE
[install]   --no-start set; skipping service start
[install] ==> MANIFEST
[install]   manifest written: /opt/exocomp/node/manifest-0.1.0-rc.23.txt

[install] ==> exocomp-node 0.1.0-rc.23 installed successfully
[install]     install: /opt/exocomp/node
[install]     config:  /opt/exocomp/node/config/node.json
[install]     log:     /opt/exocomp/node/log/
[PASS] node installs without network access
enrollment=ok
generation=generation-0AgWe8KXAZd50WtE
Created symlink /etc/systemd/system/multi-user.target.wants/exocomp-node.service → /etc/systemd/system/exocomp-node.service.
[PASS] enrolled node starts from the shipped release
[PASS] live preflight complete
[PASS] Preflight complete
=== 2026-07-27T09:28:52Z Phase 7: Operational ===
candidate=0.1.0-rc.23 architecture=arm64 commit=902bee1a52bf037fdaab50bd0c71ba82fa51a8d6

09:29:46.998 [notice] TLS :client: In state :wait_cert at ssl_handshake.erl:2213 generated CLIENT ALERT: Fatal - Unknown CA

untrusted_root=denied
wrong_node_token=denied
single_use_first_request=accepted
single_use_replay=denied
[PASS] enrollment rejects wrong-node, replayed, and untrusted requests
renewal_without_client_cert=denied
renewal=before-restart:ok
renewed_generation=generation-kfiZEBA0sFidUsY-
certificate_changed=true
[PASS] mTLS renewal succeeds and missing-client-certificate renewal fails
coordinator_after_restart=healthy
renewal=after-restart:ok
renewed_generation=generation-RWRZFXFXg-6wuFV0
certificate_changed=true
[PASS] PKI and enrollment state survive service restarts and repeated renewal
inventory=restored
audit_unavailable=state_change_denied
audit_unavailable=health_degraded
audit_after_restart=healthy
[PASS] audit failure blocks mutation and degrades health
multi_node_goal=completed
reachable_node=succeeded
unreachable_node=explicit
partial_artifact_preserved=true
correlation_id=8b290683-491e-474c-9b19-0d0997d4fb3e
[PASS] multi-node diagnostics preserve reachable and explicit partial outcomes
make: Entering directory '/var/lib/exocomp-qualification/src'
bash test/fixtures/exocomp_fixture/install.sh
Installing exocomp-fixture fixture service...
  → /usr/local/bin/exocomp-fixture
  → /etc/systemd/system/exocomp-fixture.service
  → systemctl daemon-reload
  → systemctl enable exocomp-fixture
Created symlink /etc/systemd/system/multi-user.target.wants/exocomp-fixture.service → /etc/systemd/system/exocomp-fixture.service.
  → systemctl start exocomp-fixture

exocomp-fixture fixture service installed and started successfully.
● exocomp-fixture.service - Exocomp Integration Test Fixture Service
     Loaded: loaded (/etc/systemd/system/exocomp-fixture.service; enabled; preset: enabled)
    Drop-In: /etc/systemd/system/exocomp-fixture.service.d
             └─qualification.conf
     Active: active (running) since Mon 2026-07-27 09:33:49 UTC; 391ms ago
       Docs: file:/usr/local/bin/exocomp-fixture
    Process: 743548 ExecStartPost=/bin/sh -c     for i in $(seq 1 10); do      if curl -sf http://127.0.0.1:8877/health >/dev/null 2>&1; then        exit 0;      fi;      sleep 0.5;    done;    echo "exocomp-fixture: health probe failed after 5s" >&2;    exit 1 (code=exited, status=0/SUCCESS)
   Main PID: 743547 (python3)
      Tasks: 2 (limit: 9412)
     Memory: 10.9M (peak: 13.1M)
        CPU: 3.324s
     CGroup: /system.slice/exocomp-fixture.service
             └─743547 python3 /usr/local/bin/exocomp-fixture

Jul 27 09:33:47 exocomp-arm64 systemd[1]: Starting exocomp-fixture.service - Exocomp Integration Test Fixture Service...
Jul 27 09:33:49 exocomp-arm64 exocomp-fixture[743547]: 2026-07-27 09:33:49,251 exocomp-fixture [INFO] starting with mode=active
Jul 27 09:33:49 exocomp-arm64 exocomp-fixture[743547]: 2026-07-27 09:33:49,297 exocomp-fixture [INFO] health endpoint: http://127.0.0.1:8877/health  marker: /run/exocomp-fixture/workload.marker
Jul 27 09:33:49 exocomp-arm64 systemd[1]: Started exocomp-fixture.service - Exocomp Integration Test Fixture Service.
make: Leaving directory '/var/lib/exocomp-qualification/src'

09:34:36.239 [info] [ApprovalGate] start correlation_id=ca52f26a1bc27956cb19d4ad0d8cf494 action=restart_service target=exocomp-fixture.service

09:34:36.267 [info] [ApprovalGate] token_valid correlation_id=ca52f26a1bc27956cb19d4ad0d8cf494 nonce=wS3YsuNo... action=restart_service

09:34:36.658 [info] [ApprovalGate] preconditions_ok correlation_id=ca52f26a1bc27956cb19d4ad0d8cf494 nonce=wS3YsuNo... action=restart_service

09:34:36.738 [info] [ApprovalGate] replay_claimed correlation_id=ca52f26a1bc27956cb19d4ad0d8cf494 nonce=wS3YsuNo... action=restart_service

09:34:36.759 [debug] [Executor] action=restart_service target="exocomp-fixture.service" exec=/usr/bin/sudo argv=["/usr/bin/systemctl", "restart", "exocomp-fixture.service"]

09:34:40.683 [info] [ApprovalGate] execution_success correlation_id=ca52f26a1bc27956cb19d4ad0d8cf494 nonce=wS3YsuNo... action=restart_service

09:34:42.365 [info] [ApprovalGate] start correlation_id=ca52f26a1bc27956cb19d4ad0d8cf494 action=restart_service target=exocomp-fixture.service

09:34:42.389 [info] [ApprovalGate] token_valid correlation_id=ca52f26a1bc27956cb19d4ad0d8cf494 nonce=wS3YsuNo... action=restart_service

09:34:42.829 [info] [ApprovalGate] preconditions_ok correlation_id=ca52f26a1bc27956cb19d4ad0d8cf494 nonce=wS3YsuNo... action=restart_service
active_service_approval=completed

09:34:42.847 [info] [ApprovalGate] replay_already_executed correlation_id=ca52f26a1bc27956cb19d4ad0d8cf494 nonce=wS3YsuNo... action=restart_service
approval_execution=one_restricted_restart
approval_replay=denied
[PASS] active-service restart requires a valid bound approval and rejects replay

09:34:58.133 [debug] [Executor] action=restart_service target="exocomp-fixture.service" exec=/usr/bin/sudo argv=["/usr/bin/systemctl", "restart", "exocomp-fixture.service"]
recovery_state=completed
recovery_audit_events=6
recovery_execution=one_restricted_restart
[PASS] failed fixture recovers exactly once through shipped restricted executor

09:35:15.666 [debug] [Executor] action=vacuum_logs target=nil exec=/usr/bin/sudo argv=["/usr/bin/journalctl", "--vacuum-size=100M"]
bounded_journal_cleanup=completed
user_data_cleanup=denied
unknown_action=denied
unlisted_service_sudo=denied
shell_sudo=denied
[PASS] bounded cleanup succeeds while unsafe action modes fail closed
[PASS] systemd hardening, exact sudoers, ownership, and key modes inspected
make: Entering directory '/var/lib/exocomp-qualification/src'
bash test/fixtures/exocomp_fixture/cleanup.sh
Removing exocomp-fixture fixture service...
  → systemctl stop exocomp-fixture
  → systemctl disable exocomp-fixture
Removed "/etc/systemd/system/multi-user.target.wants/exocomp-fixture.service".
  → rm -f /etc/systemd/system/exocomp-fixture.service
  → rm -f /usr/local/bin/exocomp-fixture
  → /run/exocomp-fixture not present (skip)
  → systemctl daemon-reload

exocomp-fixture fixture service removed.
make: Leaving directory '/var/lib/exocomp-qualification/src'
[PASS] documented systemd fixture cleanup removes all fixture-owned paths
[PASS] operational live qualification complete
[PASS] Operational complete
=== 2026-07-27T09:35:45Z Phase 8: M5 bench short ===
podman run --rm --init --user "$(id -u):$(id -g)" --platform linux/arm64 --pull always --env ELIXIR_VERSION=1.20.2 --env OTP_VERSION=28.5.0.3 --env GLIBC_BASELINE=2.36 --env MIX_HOME=/workspace/.mix-home --env HEX_HOME=/workspace/.hex-home --volume "/var/lib/exocomp-qualification/src:/workspace" --workdir /workspace docker.io/hexpm/elixir:1.20.2-erlang-28.5.0.3-debian-bookworm-20260713-slim@sha256:0ae929af91a43a4ae2563b5de6e2f71be0a8181bce93cfcb09690bc037e5eecc sh -c 'mix local.hex --force --quiet && MIX_ENV=prod mix deps.get && \
	MIX_ENV=prod mix do --app bench cmd mix release bench_harness --overwrite'
Trying to pull docker.io/hexpm/elixir@sha256:0ae929af91a43a4ae2563b5de6e2f71be0a8181bce93cfcb09690bc037e5eecc...
Getting image source signatures
Copying blob sha256:3e10193b55e9f0e98961d4bc9ba1d3f8bedcd5bf9a78d75914edf319ecd6cc2d
Copying blob sha256:ff4ac08643b061cc0f2eed153ff4d36745423880e135b84f6a904c288bb9fb3b
Copying blob sha256:d7cbca7f530ec625da4a84bf5be022d12f6c0dd615d1244f6b36641513cec5a7
Copying blob sha256:53bb9e501f1803aca595be8d902a62cea6bf4d996ce6f7dfe16c1c97be343e6c
Copying config sha256:5d634838ce321f25a6e2fba1487e55a96529beb7bf783f423cc5e2829baf7cdd
Writing manifest to image destination
* creating .mix-home/archives/hex-2.5.1
warning: path "apps/fixtures" is a directory but it has no mix.exs. Mix won't consider this directory as part of your umbrella application. Please add a "mix.exs" or set the ":apps" key in your umbrella configuration with all relevant apps names as atoms
Resolving Hex dependencies...
Resolution completed in 1.172s
Unchanged:
  bandit 1.12.1
  hpax 1.0.4
  jason 1.4.5
  mime 2.0.7
  nimble_options 1.1.1
  plug 1.20.3
  plug_crypto 2.2.0
  telemetry 1.4.2
  thousand_island 1.5.0
  websock 0.5.3
  x509 0.9.2
warning: path "apps/fixtures" is a directory but it has no mix.exs. Mix won't consider this directory as part of your umbrella application. Please add a "mix.exs" or set the ":apps" key in your umbrella configuration with all relevant apps names as atoms
==> bench
* assembling bench_harness-0.1.0 on MIX_ENV=prod
* using ../../config/runtime.exs to configure the release at runtime

Release created at /workspace/_build/prod/rel/bench_harness

    # To start your system
    /workspace/_build/prod/rel/bench_harness/bin/bench_harness start

Once the release is running:

    # To connect to it remotely
    /workspace/_build/prod/rel/bench_harness/bin/bench_harness remote

    # To stop it gracefully (you may also send SIGINT/SIGTERM)
    /workspace/_build/prod/rel/bench_harness/bin/bench_harness stop

To list all commands:

    /workspace/_build/prod/rel/bench_harness/bin/bench_harness

env \
	BENCH_MODE=short \
	LLAMA_SERVER="/var/lib/exocomp-qualification/inputs/llama-b10107-no-openmp/build/bin/llama-server" \
	LLAMA_LIB_DIR="/var/lib/exocomp-qualification/inputs/llama-b10107-no-openmp/build/bin" \
	NODE_RELEASE="/opt/exocomp/node/current" \
	COORD_RELEASE="/opt/exocomp/coordinator/current" \
	MODEL_PATH="/var/lib/exocomp-qualification/inputs/qwen2.5-1.5b-instruct-q4_k_m.gguf" \
	MODEL_SHA256="6a1a2eb6d15622bf3c96857206351ba97e1af16c30d7a74ee38970e434e9407e" \
	BENCH_EVIDENCE_DIR="/var/lib/exocomp-qualification/rc23/evidence/raw/arm64/bench-short" \
	 \
	 \
	 \
	 \
	BENCH_INFERENCE_TIMEOUT_MS="600000" \
	 \
	"_build/prod/rel/bench_harness/bin/bench_harness" eval 'System.halt(Bench.Qualification.CLI.main())'
M5 gate PASS
  evidence: /var/lib/exocomp-qualification/rc23/evidence/raw/arm64/bench-short
[PASS] M5 bench short gate complete
=== 2026-07-27T09:47:39Z Phase 9: M5 bench full ===
podman run --rm --init --user "$(id -u):$(id -g)" --platform linux/arm64 --pull always --env ELIXIR_VERSION=1.20.2 --env OTP_VERSION=28.5.0.3 --env GLIBC_BASELINE=2.36 --env MIX_HOME=/workspace/.mix-home --env HEX_HOME=/workspace/.hex-home --volume "/var/lib/exocomp-qualification/src:/workspace" --workdir /workspace docker.io/hexpm/elixir:1.20.2-erlang-28.5.0.3-debian-bookworm-20260713-slim@sha256:0ae929af91a43a4ae2563b5de6e2f71be0a8181bce93cfcb09690bc037e5eecc sh -c 'mix local.hex --force --quiet && MIX_ENV=prod mix deps.get && \
	MIX_ENV=prod mix do --app bench cmd mix release bench_harness --overwrite'
Trying to pull docker.io/hexpm/elixir@sha256:0ae929af91a43a4ae2563b5de6e2f71be0a8181bce93cfcb09690bc037e5eecc...
Getting image source signatures
Copying blob sha256:ff4ac08643b061cc0f2eed153ff4d36745423880e135b84f6a904c288bb9fb3b
Copying blob sha256:d7cbca7f530ec625da4a84bf5be022d12f6c0dd615d1244f6b36641513cec5a7
Copying blob sha256:3e10193b55e9f0e98961d4bc9ba1d3f8bedcd5bf9a78d75914edf319ecd6cc2d
Copying blob sha256:53bb9e501f1803aca595be8d902a62cea6bf4d996ce6f7dfe16c1c97be343e6c
Copying config sha256:5d634838ce321f25a6e2fba1487e55a96529beb7bf783f423cc5e2829baf7cdd
Writing manifest to image destination
* creating .mix-home/archives/hex-2.5.1
warning: path "apps/fixtures" is a directory but it has no mix.exs. Mix won't consider this directory as part of your umbrella application. Please add a "mix.exs" or set the ":apps" key in your umbrella configuration with all relevant apps names as atoms
Resolving Hex dependencies...
Resolution completed in 1.143s
Unchanged:
  bandit 1.12.1
  hpax 1.0.4
  jason 1.4.5
  mime 2.0.7
  nimble_options 1.1.1
  plug 1.20.3
  plug_crypto 2.2.0
  telemetry 1.4.2
  thousand_island 1.5.0
  websock 0.5.3
  x509 0.9.2
warning: path "apps/fixtures" is a directory but it has no mix.exs. Mix won't consider this directory as part of your umbrella application. Please add a "mix.exs" or set the ":apps" key in your umbrella configuration with all relevant apps names as atoms
==> bench
* assembling bench_harness-0.1.0 on MIX_ENV=prod
* using ../../config/runtime.exs to configure the release at runtime

Release created at /workspace/_build/prod/rel/bench_harness

    # To start your system
    /workspace/_build/prod/rel/bench_harness/bin/bench_harness start

Once the release is running:

    # To connect to it remotely
    /workspace/_build/prod/rel/bench_harness/bin/bench_harness remote

    # To stop it gracefully (you may also send SIGINT/SIGTERM)
    /workspace/_build/prod/rel/bench_harness/bin/bench_harness stop

To list all commands:

    /workspace/_build/prod/rel/bench_harness/bin/bench_harness

env \
	BENCH_MODE=full \
	LLAMA_SERVER="/var/lib/exocomp-qualification/inputs/llama-b10107-no-openmp/build/bin/llama-server" \
	LLAMA_LIB_DIR="/var/lib/exocomp-qualification/inputs/llama-b10107-no-openmp/build/bin" \
	NODE_RELEASE="/opt/exocomp/node/current" \
	COORD_RELEASE="/opt/exocomp/coordinator/current" \
	MODEL_PATH="/var/lib/exocomp-qualification/inputs/qwen2.5-1.5b-instruct-q4_k_m.gguf" \
	MODEL_SHA256="6a1a2eb6d15622bf3c96857206351ba97e1af16c30d7a74ee38970e434e9407e" \
	BENCH_EVIDENCE_DIR="/var/lib/exocomp-qualification/rc23/evidence/raw/arm64/bench" \
	 \
	 \
	 \
	 \
	BENCH_INFERENCE_TIMEOUT_MS="600000" \
	 \
	"_build/prod/rel/bench_harness/bin/bench_harness" eval 'System.halt(Bench.Qualification.CLI.main())'
M5 gate PASS
  evidence: /var/lib/exocomp-qualification/rc23/evidence/raw/arm64/bench
[PASS] M5 bench full gate complete
=== 2026-07-27T10:53:44Z Phase 10: Lifecycle ===
candidate=0.1.0-rc.23 architecture=arm64 commit=902bee1a52bf037fdaab50bd0c71ba82fa51a8d6
[state-backup] created protected state backup: /var/lib/exocomp-qualification/rc23/lifecycle-backups/arm64/coordinator-state.tar.gz
[state-backup] store this archive encrypted; it may contain private keys and release credentials
/var/lib/exocomp-qualification/rc23/lifecycle-backups/arm64/coordinator-state.tar.gz: OK
/var/lib/exocomp-qualification/rc23/lifecycle-backups/arm64/coordinator-state.tar.gz: OK
[state-backup] restored protected state from /var/lib/exocomp-qualification/rc23/lifecycle-backups/arm64/coordinator-state.tar.gz
[state-backup] validate permissions and service health before starting exocomp-coordinator
[PASS] installed backup utility restores protected coordinator PKI and state
coordinator_after_restore=healthy
[install] ==> PREFLIGHT
[install]   bundle:    /var/lib/exocomp-qualification/rc23/final-dist/exocomp-complete-0.1.0-rc.23-linux-arm64/releases/exocomp-node-0.1.0-rc.23-linux-arm64.tar.gz
[install]   version:   0.1.0-rc.23-qualification-previous
[install]   component: node
[install]   peer:      coordinator 0.1.0-rc.23 (compatible major version)
[install]   arch:      aarch64
[install]   checksums: /var/lib/exocomp-qualification/rc23/final-dist/exocomp-complete-0.1.0-rc.23-linux-arm64/manifest.sha256
[install]   verifying checksums...
[install]   checksum OK: 668ecc3eeec82c0f25af82280f0b0d7c2bd85b19633e666aaeb7154276d5121a
[install]   preflight passed
[install] ==> USERS AND DIRECTORIES
[install]   user exists: exocomp-node
[install]   creating directories
[install]   directories configured
[install] ==> INSTALL RELEASE
[install]   previous current target: releases/0.1.0-rc.23
[install]   extracting /var/lib/exocomp-qualification/rc23/final-dist/exocomp-complete-0.1.0-rc.23-linux-arm64/releases/exocomp-node-0.1.0-rc.23-linux-arm64.tar.gz
[install]   staged bundled llama-server runtime
[install]   staged protected-state backup utility
[install]   release 0.1.0-rc.23-qualification-previous staged
[install] ==> CONFIGURATION
[install]   config exists; preserving (not overwriting): /opt/exocomp/node/config/node.json
[install] ==> RELEASE COOKIE
[install]   release cookie exists; preserving across upgrade
[install] ==> CONFIG VALIDATION
[install]   staged release accepted configuration
[install] ==> CURRENT VERSION SWITCH
[install]   current -> releases/0.1.0-rc.23-qualification-previous
[install] ==> SUDOERS POLICY
[install]   validating with visudo...
/etc/sudoers.d/exocomp-node: parsed OK
[install]   visudo check passed
[install]   sudoers policy installed: /etc/sudoers.d/exocomp-node
[install] ==> SYSTEMD UNIT
[install]   unit installed: /etc/systemd/system/exocomp-node.service
[install] ==> ACTIVATE
[install]   systemctl daemon-reload
[install]   systemctl enable exocomp-node
[install]   systemctl restart exocomp-node  (already running)
--rpc-eval : RPC failed with reason :noconnection
--rpc-eval : RPC failed with reason :noconnection
[install]   service passed systemd and application health gate
● exocomp-node.service - Exocomp Node Agent
     Loaded: loaded (/etc/systemd/system/exocomp-node.service; enabled; preset: enabled)
     Active: active (running) since Mon 2026-07-27 10:55:27 UTC; 37s ago
       Docs: https://github.com/NVShawn/exocomp
   Main PID: 770253 (beam.smp)
      Tasks: 33 (limit: 9412)
     Memory: 124.6M (peak: 128.7M)
        CPU: 1min 14.415s
     CGroup: /system.slice/exocomp-node.service
             ├─770253 /opt/exocomp/node/releases/0.1.0-rc.23-qualification-previous/erts-16.4.0.3/bin/beam.smp -- -root /opt/exocomp/node/releases/0.1.0-rc.23-qualification-previous -bindir /opt/exocomp/node/releases/0.1.0-rc.23-qualification-previous/erts-16.4.0.3/bin -progname erl -- -home /opt/exocomp/node -- -noshell -s elixir start_cli -mode embedded -setcookie b8bd44774f81d134a526509ae7671c8a472258225e57d832cd5d74e3b4b7b7cc -sname exocomp_node -config /opt/exocomp/node/releases/0.1.0-rc.23-qualification-previous/releases/0.1.0/sys -boot /opt/exocomp/node/releases/0.1.0-rc.23-qualification-previous/releases/0.1.0/start -boot_var RELEASE_LIB /opt/exocomp/node/releases/0.1.0-rc.23-qualification-previous/lib -- -- -extra --no-halt
             └─770334 erl_child_setup 65536

Jul 27 10:55:26 exocomp-arm64 systemd[1]: Starting exocomp-node.service - Exocomp Node Agent...
Jul 27 10:55:27 exocomp-arm64 systemd[1]: Started exocomp-node.service - Exocomp Node Agent.
[install] ==> MANIFEST
[install]   manifest written: /opt/exocomp/node/manifest-0.1.0-rc.23-qualification-previous.txt

[install] ==> exocomp-node 0.1.0-rc.23-qualification-previous installed successfully
[install]     service: exocomp-node.service (active)
[install]     install: /opt/exocomp/node
[install]     config:  /opt/exocomp/node/config/node.json
[install]     log:     /opt/exocomp/node/log/
rolled_back_node=healthy
[PASS] failed candidate health gate automatically restores the prior release
[PASS] upgrade and rollback preserve credentials, PKI, config, and durable state
[uninstall] ==> VALIDATION
[uninstall]   component: node
[uninstall]   purge:     none
[uninstall]   dry-run:   0
[uninstall] ==> DISCOVER VERSION
[uninstall]   current version: 0.1.0-rc.23-qualification-previous
[uninstall] ==> STOP SERVICE
[uninstall]   systemctl stop exocomp-node
[uninstall]   systemctl disable exocomp-node
Removed "/etc/systemd/system/multi-user.target.wants/exocomp-node.service".
[uninstall] ==> REMOVE INSTALLED FILES
[uninstall]   rm -f /etc/systemd/system/exocomp-node.service
[uninstall]   rm -f /etc/sudoers.d/exocomp-node
[uninstall]   rm -f /opt/exocomp/node/current  (symlink)
[uninstall]   rm -rf /opt/exocomp/node/releases/0.1.0-rc.23-qualification-previous
[uninstall]   rm -f /opt/exocomp/node/manifest-0.1.0-rc.23-qualification-previous.txt
[uninstall] ==> RELOAD SYSTEMD
[uninstall]   systemctl daemon-reload
[uninstall] ==> PRESERVED (operator state — NOT removed)
[uninstall]   /opt/exocomp/node/config
[uninstall]   /opt/exocomp/node/log
[uninstall]   /var/lib/exocomp-node
[uninstall]   (use --purge categories to remove specific data classes)

[uninstall] ==> exocomp-node uninstalled
[uninstall]     operator state preserved in /opt/exocomp/node/config/
[uninstall] ==> VALIDATION
[uninstall]   component: coordinator
[uninstall]   purge:     none
[uninstall]   dry-run:   0
[uninstall] ==> DISCOVER VERSION
[uninstall]   current version: 0.1.0-rc.23
[uninstall] ==> STOP SERVICE
[uninstall]   systemctl stop exocomp-coordinator
[uninstall]   systemctl disable exocomp-coordinator
Removed "/etc/systemd/system/multi-user.target.wants/exocomp-coordinator.service".
[uninstall] ==> REMOVE INSTALLED FILES
[uninstall]   rm -f /etc/systemd/system/exocomp-coordinator.service
[uninstall]   rm -f /etc/sudoers.d/exocomp-coordinator
[uninstall]   rm -f /opt/exocomp/coordinator/current  (symlink)
[uninstall]   rm -rf /opt/exocomp/coordinator/releases/0.1.0-rc.23
[uninstall]   rm -f /opt/exocomp/coordinator/manifest-0.1.0-rc.23.txt
[uninstall] ==> RELOAD SYSTEMD
[uninstall]   systemctl daemon-reload
[uninstall] ==> PRESERVED (operator state — NOT removed)
[uninstall]   /opt/exocomp/coordinator/config
[uninstall]   /opt/exocomp/coordinator/log
[uninstall]   /var/lib/exocomp-coordinator
[uninstall]   (use --purge categories to remove specific data classes)

[uninstall] ==> exocomp-coordinator uninstalled
[uninstall]     operator state preserved in /opt/exocomp/coordinator/config/
[PASS] default uninstall preserves protected and unrelated state
[install] ==> PREFLIGHT
[install]   bundle:    /var/lib/exocomp-qualification/rc23/final-dist/exocomp-complete-0.1.0-rc.23-linux-arm64/releases/exocomp-node-0.1.0-rc.23-linux-arm64.tar.gz
[install]   version:   0.1.0-rc.23
[install]   component: node
[install]   arch:      aarch64
[install]   checksums: /var/lib/exocomp-qualification/rc23/final-dist/exocomp-complete-0.1.0-rc.23-linux-arm64/manifest.sha256
[install]   verifying checksums...
[install]   checksum OK: 668ecc3eeec82c0f25af82280f0b0d7c2bd85b19633e666aaeb7154276d5121a
[install]   preflight passed
[install] ==> USERS AND DIRECTORIES
[install]   user exists: exocomp-node
[install]   creating directories
[install]   directories configured
[install] ==> INSTALL RELEASE
[install]   version 0.1.0-rc.23 already installed; overwriting
[install]   extracting /var/lib/exocomp-qualification/rc23/final-dist/exocomp-complete-0.1.0-rc.23-linux-arm64/releases/exocomp-node-0.1.0-rc.23-linux-arm64.tar.gz
[install]   staged bundled llama-server runtime
[install]   staged protected-state backup utility
[install]   release 0.1.0-rc.23 staged
[install] ==> CONFIGURATION
[install]   config exists; preserving (not overwriting): /opt/exocomp/node/config/node.json
[install] ==> RELEASE COOKIE
[install]   release cookie exists; preserving across upgrade
[install] ==> CONFIG VALIDATION
[install]   staged release accepted configuration
[install] ==> CURRENT VERSION SWITCH
[install]   current -> releases/0.1.0-rc.23
[install] ==> SUDOERS POLICY
[install]   validating with visudo...
/etc/sudoers.d/exocomp-node: parsed OK
[install]   visudo check passed
[install]   sudoers policy installed: /etc/sudoers.d/exocomp-node
[install] ==> SYSTEMD UNIT
[install]   unit installed: /etc/systemd/system/exocomp-node.service
[install] ==> ACTIVATE
[install]   --no-start set; skipping service start
[install] ==> MANIFEST
[install]   manifest written: /opt/exocomp/node/manifest-0.1.0-rc.23.txt

[install] ==> exocomp-node 0.1.0-rc.23 installed successfully
[install]     install: /opt/exocomp/node
[install]     config:  /opt/exocomp/node/config/node.json
[install]     log:     /opt/exocomp/node/log/
[install] ==> PREFLIGHT
[install]   bundle:    /var/lib/exocomp-qualification/rc23/final-dist/exocomp-complete-0.1.0-rc.23-linux-arm64/releases/exocomp-coordinator-0.1.0-rc.23-linux-arm64.tar.gz
[install]   version:   0.1.0-rc.23
[install]   component: coordinator
[install]   peer:      node 0.1.0-rc.23 (compatible major version)
[install]   arch:      aarch64
[install]   checksums: /var/lib/exocomp-qualification/rc23/final-dist/exocomp-complete-0.1.0-rc.23-linux-arm64/manifest.sha256
[install]   verifying checksums...
[install]   checksum OK: 55b9a8d3acb0eb24a118a1fed199c202c438656020a7606f3d01d35bc9ccd94b
[install]   preflight passed
[install] ==> USERS AND DIRECTORIES
[install]   user exists: exocomp-coordinator
[install]   creating directories
[install]   directories configured
[install] ==> INSTALL RELEASE
[install]   extracting /var/lib/exocomp-qualification/rc23/final-dist/exocomp-complete-0.1.0-rc.23-linux-arm64/releases/exocomp-coordinator-0.1.0-rc.23-linux-arm64.tar.gz
[install]   staged protected-state backup utility
[install]   release 0.1.0-rc.23 staged
[install] ==> CONFIGURATION
[install]   config exists; preserving (not overwriting): /opt/exocomp/coordinator/config/coordinator.json
[install] ==> RELEASE COOKIE
[install]   release cookie exists; preserving across upgrade
[install] ==> CONFIG VALIDATION
[install]   staged release accepted configuration
[install] ==> CURRENT VERSION SWITCH
[install]   current -> releases/0.1.0-rc.23
[install] ==> SUDOERS POLICY
[install]   validating with visudo...
/etc/sudoers.d/exocomp-coordinator: parsed OK
[install]   visudo check passed
[install]   sudoers policy installed: /etc/sudoers.d/exocomp-coordinator
[install] ==> SYSTEMD UNIT
[install]   unit installed: /etc/systemd/system/exocomp-coordinator.service
[install] ==> ACTIVATE
[install]   --no-start set; skipping service start
[install] ==> MANIFEST
[install]   manifest written: /opt/exocomp/coordinator/manifest-0.1.0-rc.23.txt

[install] ==> exocomp-coordinator 0.1.0-rc.23 installed successfully
[install]     install: /opt/exocomp/coordinator
[install]     config:  /opt/exocomp/coordinator/config/coordinator.json
[install]     log:     /opt/exocomp/coordinator/log/
[uninstall] ==> VALIDATION
[uninstall]   component: node
[uninstall]   purge:     system-cache
[uninstall]   dry-run:   0
[uninstall] ==> DISCOVER VERSION
[uninstall]   current version: 0.1.0-rc.23
[uninstall] ==> STOP SERVICE
[uninstall]   exocomp-node is not running (skip stop)
[uninstall]   exocomp-node is not enabled (skip disable)
[uninstall] ==> REMOVE INSTALLED FILES
[uninstall]   rm -f /etc/systemd/system/exocomp-node.service
[uninstall]   rm -f /etc/sudoers.d/exocomp-node
[uninstall]   rm -f /opt/exocomp/node/current  (symlink)
[uninstall]   rm -rf /opt/exocomp/node/releases/0.1.0-rc.23
[uninstall]   rm -f /opt/exocomp/node/manifest-0.1.0-rc.23.txt
[uninstall] ==> PURGE SYSTEM CACHE
[uninstall]   system cache purged
[uninstall] ==> RELOAD SYSTEMD
[uninstall]   systemctl daemon-reload
[uninstall] ==> PRESERVED (operator state — NOT removed)
[uninstall]   /opt/exocomp/node/config
[uninstall]   /opt/exocomp/node/log
[uninstall]   /var/lib/exocomp-node

[uninstall] ==> exocomp-node uninstalled
[uninstall]     operator state preserved in /opt/exocomp/node/config/
[uninstall] ==> VALIDATION
[uninstall]   component: coordinator
[uninstall]   purge:     system-cache
[uninstall]   dry-run:   0
[uninstall] ==> DISCOVER VERSION
[uninstall]   current version: 0.1.0-rc.23
[uninstall] ==> STOP SERVICE
[uninstall]   exocomp-coordinator is not running (skip stop)
[uninstall]   exocomp-coordinator is not enabled (skip disable)
[uninstall] ==> REMOVE INSTALLED FILES
[uninstall]   rm -f /etc/systemd/system/exocomp-coordinator.service
[uninstall]   rm -f /etc/sudoers.d/exocomp-coordinator
[uninstall]   rm -f /opt/exocomp/coordinator/current  (symlink)
[uninstall]   rm -rf /opt/exocomp/coordinator/releases/0.1.0-rc.23
[uninstall]   rm -f /opt/exocomp/coordinator/manifest-0.1.0-rc.23.txt
[uninstall] ==> PURGE SYSTEM CACHE
[uninstall]   system cache purged
[uninstall] ==> RELOAD SYSTEMD
[uninstall]   systemctl daemon-reload
[uninstall] ==> PRESERVED (operator state — NOT removed)
[uninstall]   /opt/exocomp/coordinator/config
[uninstall]   /opt/exocomp/coordinator/log
[uninstall]   /var/lib/exocomp-coordinator

[uninstall] ==> exocomp-coordinator uninstalled
[uninstall]     operator state preserved in /opt/exocomp/coordinator/config/
find: ‘/opt/exocomp/node/releases’: No such file or directory
find: ‘/opt/exocomp/coordinator/releases’: No such file or directory
[PASS] system-cache purge removes releases and preserves all protected state
[PASS] lifecycle qualification complete
[PASS] Lifecycle complete
=== 2026-07-27T11:00:12Z ALL arm64 PHASES COMPLETE ===
STATUS=PASS
