=== 2026-07-27T06:36:18Z START rc.23 amd64 qualification ===
[PASS] Source at 902bee1a52bf037fdaab50bd0c71ba82fa51a8d6
[PASS] Candidate tag verified
=== 2026-07-27T06:36:18Z Repository gate: fmt-check ===
podman run --rm --init --user "$(id -u):$(id -g)" --platform linux/amd64 --pull always --env ELIXIR_VERSION=1.20.2 --env OTP_VERSION=28.5.0.3 --env GLIBC_BASELINE=2.36 --env MIX_HOME=/workspace/.mix-home --env HEX_HOME=/workspace/.hex-home --volume "/var/lib/exocomp-qualification/rc11-preflight:/workspace" --workdir /workspace docker.io/hexpm/elixir:1.20.2-erlang-28.5.0.3-debian-bookworm-20260713-slim@sha256:9f522dfe44ec958c4c40a8f8d1bb6912ef11a77a36f7ef6db2878ade9608216d sh -c 'mix local.hex --force --quiet && mix format --check-formatted'
Trying to pull docker.io/hexpm/elixir@sha256:9f522dfe44ec958c4c40a8f8d1bb6912ef11a77a36f7ef6db2878ade9608216d...
Getting image source signatures
Copying blob sha256:16e57f2155195f94ec12ea1eb79b603096b03a5789286ffe0217d09c8b87e2e5
Copying blob sha256:597c6c618d36213af657a6a8444a5d87801f9a219682b206ad21ccb8f3e57bbd
Copying blob sha256:f95715d6933c19c18e586b251433fca77a03468a6c13cd99108d9a4a8565406d
Copying blob sha256:488e88728a38e428780df163699d1a95002bde9682eed3c51c26d504ec6d4c37
Copying config sha256:ccdc131ebc3d8727e3046e82aaa61af3e4aa3b85dc9879c87c3dff4c6291c10c
Writing manifest to image destination
* creating .mix-home/archives/hex-2.5.1
[PASS] fmt-check
=== 2026-07-27T06:36:22Z Repository gate: lint ===
./scripts/test-release-builders.sh
Test 1: valid release (amd64) — expect PASS
  PASS: valid amd64 release accepted
Test 2: valid release (arm64) — expect PASS
  PASS: valid arm64 release accepted
Test 3: release with undeclared dependency — expect FAIL
  PASS: release with undeclared dependency correctly rejected
Test 4: dep-report.json produced after valid run
  PASS: dep-report.json includes parsed dependencies and interpreter
Test 5: dep-report.json produced after failing run
  PASS: dep-report.json produced on failure and starts with '{'
Test 6: release without ERTS directory — expect exit 2
  PASS: missing ERTS directory correctly rejected with exit code 2
Test 7: unsupported architecture — expect exit 2
  PASS: unsupported architecture correctly rejected
Test 8: missing baseline file — expect exit 2
  PASS: missing baseline file correctly rejected
Test 9: readelf failure — expect exit 2
  PASS: readelf failure correctly rejected with exit code 2

Results: 9 passed, 0 failed

=== Offline structural checks ===
  PASS: test-clean-container.sh exists and is executable
  PASS: test-release-matrix.sh is non-interactive
  PASS: test-clean-container.sh is non-interactive
  PASS: docs/release-qualification.md exists
  PASS: docs/release-qualification.md documents emulated execution
  PASS: docs/release-qualification.md documents wrong-arch diagnostic
  PASS: Makefile has test-release-matrix target

=== Offline fixture: wrong-arch detection ===
  PASS: wrong-arch produces actionable diagnostic

=== Offline fixture: missing runtime dependency detection ===
  PASS: missing dep produces actionable diagnostic

=== Offline fixture: path-independent content digest ===
  PASS: identical trees at different root paths have matching digests
  PASS: one-byte runtime cookie change produces a different tree digest
  PASS: deterministic release packagers exist and are executable
  PASS: packager excludes reusable release cookies

=== Offline mode: skipping build, container, and live negative tests ===

==========================================
Results: 13 passed, 0 failed
==========================================
test_archive_metadata_is_normalized_to_source_epoch (test_package_release.PackageReleaseTest.test_archive_metadata_is_normalized_to_source_epoch) ... ok
test_archive_omits_cookie_and_embeds_identity (test_package_release.PackageReleaseTest.test_archive_omits_cookie_and_embeds_identity) ... ok
test_equivalent_inputs_produce_byte_identical_archives (test_package_release.PackageReleaseTest.test_equivalent_inputs_produce_byte_identical_archives) ... ok
test_manifest_records_identity_archive_hash_and_complete_payload (test_package_release.PackageReleaseTest.test_manifest_records_identity_archive_hash_and_complete_payload) ... ok
test_product_and_architecture_naming_matrix (test_package_release.PackageReleaseTest.test_product_and_architecture_naming_matrix) ... ok
test_annotated_tag_uses_peeled_commit_timestamp (test_package_release.PackageReleasesScriptTest.test_annotated_tag_uses_peeled_commit_timestamp) ... ok

----------------------------------------------------------------------
Ran 6 tests in 0.482s

OK
test_adds_stable_sort_and_is_idempotent (test_release_input_normalizer.ReleaseInputNormalizerTest.test_adds_stable_sort_and_is_idempotent) ... ok
test_changed_lock_identity_fails_closed_without_editing_source (test_release_input_normalizer.ReleaseInputNormalizerTest.test_changed_lock_identity_fails_closed_without_editing_source) ... ok
test_changed_source_shape_fails_closed (test_release_input_normalizer.ReleaseInputNormalizerTest.test_changed_source_shape_fails_closed) ... ok

----------------------------------------------------------------------
Ran 3 tests in 0.021s

OK
test_all_shell_command_blocks_parse (test_operator_docs.OperatorDocumentationTest.test_all_shell_command_blocks_parse) ... ok
test_documented_lifecycle_flags_exist_in_shipped_scripts (test_operator_docs.OperatorDocumentationTest.test_documented_lifecycle_flags_exist_in_shipped_scripts) ... ok
test_guides_cover_required_safety_and_lifecycle_topics (test_operator_docs.OperatorDocumentationTest.test_guides_cover_required_safety_and_lifecycle_topics) ... ok
test_install_commands_match_the_delivered_bundle_layout (test_operator_docs.OperatorDocumentationTest.test_install_commands_match_the_delivered_bundle_layout) ... ok
test_pki_ceremony_uses_installed_working_directory_and_cookie (test_operator_docs.OperatorDocumentationTest.test_pki_ceremony_uses_installed_working_directory_and_cookie) ... ok
test_qualification_accepts_full_system_vms_and_discloses_emulation (test_operator_docs.OperatorDocumentationTest.test_qualification_accepts_full_system_vms_and_discloses_emulation) ... ok
test_required_guides_are_linked_from_index (test_operator_docs.OperatorDocumentationTest.test_required_guides_are_linked_from_index) ... ok

----------------------------------------------------------------------
Ran 7 tests in 0.025s

OK
release builder definitions are pinned and valid
podman run --rm --init --user "$(id -u):$(id -g)" --platform linux/amd64 --pull always --env ELIXIR_VERSION=1.20.2 --env OTP_VERSION=28.5.0.3 --env GLIBC_BASELINE=2.36 --env MIX_HOME=/workspace/.mix-home --env HEX_HOME=/workspace/.hex-home --volume "/var/lib/exocomp-qualification/rc11-preflight:/workspace" --workdir /workspace docker.io/hexpm/elixir:1.20.2-erlang-28.5.0.3-debian-bookworm-20260713-slim@sha256:9f522dfe44ec958c4c40a8f8d1bb6912ef11a77a36f7ef6db2878ade9608216d sh -c 'mix local.hex --force --quiet && mix deps.get && \
	mix format --check-formatted && \
	MIX_ENV=test mix compile --force --warnings-as-errors'
Trying to pull docker.io/hexpm/elixir@sha256:9f522dfe44ec958c4c40a8f8d1bb6912ef11a77a36f7ef6db2878ade9608216d...
Getting image source signatures
Copying blob sha256:16e57f2155195f94ec12ea1eb79b603096b03a5789286ffe0217d09c8b87e2e5
Copying blob sha256:597c6c618d36213af657a6a8444a5d87801f9a219682b206ad21ccb8f3e57bbd
Copying blob sha256:488e88728a38e428780df163699d1a95002bde9682eed3c51c26d504ec6d4c37
Copying blob sha256:f95715d6933c19c18e586b251433fca77a03468a6c13cd99108d9a4a8565406d
Copying config sha256:ccdc131ebc3d8727e3046e82aaa61af3e4aa3b85dc9879c87c3dff4c6291c10c
Writing manifest to image destination
* creating .mix-home/archives/hex-2.5.1
warning: path "apps/fixtures" is a directory but it has no mix.exs. Mix won't consider this directory as part of your umbrella application. Please add a "mix.exs" or set the ":apps" key in your umbrella configuration with all relevant apps names as atoms
Resolving Hex dependencies...
Resolution completed in 0.036s
Unchanged:
  bandit 1.12.1
  hpax 1.0.4
  jason 1.4.5
  mime 2.0.7
  nimble_options 1.1.1
  plug 1.20.3
  plug_crypto 2.2.0
  telemetry 1.4.2
  thousand_island 1.5.0
  websock 0.5.3
  x509 0.9.2
warning: path "apps/fixtures" is a directory but it has no mix.exs. Mix won't consider this directory as part of your umbrella application. Please add a "mix.exs" or set the ":apps" key in your umbrella configuration with all relevant apps names as atoms
==> bench
Compiling 18 files (.ex)
Generated bench app
==> exocomp_core
Compiling 22 files (.ex)
Generated exocomp_core app
==> exocomp_coordinator
Compiling 45 files (.ex)
Generated exocomp_coordinator app
==> exocomp_node
Compiling 55 files (.ex)
Generated exocomp_node app
make[1]: Entering directory '/var/lib/exocomp-qualification/rc11-preflight'
compliance: all checks passed
make[1]: Leaving directory '/var/lib/exocomp-qualification/rc11-preflight'
[PASS] lint
=== 2026-07-27T06:36:33Z Repository gate: release-check ===
make[1]: Entering directory '/var/lib/exocomp-qualification/rc11-preflight'
compliance: all checks passed
make[1]: Leaving directory '/var/lib/exocomp-qualification/rc11-preflight'
make[1]: Entering directory '/var/lib/exocomp-qualification/rc11-preflight'
test_broken_documentation_link_is_rejected (test_check_compliance.ComplianceChecksTest.test_broken_documentation_link_is_rejected) ... ok
test_incompatible_license_is_rejected (test_check_compliance.ComplianceChecksTest.test_incompatible_license_is_rejected) ... ok
test_missing_governance_file_is_rejected (test_check_compliance.ComplianceChecksTest.test_missing_governance_file_is_rejected) ... ok
test_missing_human_notice_is_rejected (test_check_compliance.ComplianceChecksTest.test_missing_human_notice_is_rejected) ... ok
test_missing_notice_inventory_entry_is_rejected (test_check_compliance.ComplianceChecksTest.test_missing_notice_inventory_entry_is_rejected) ... ok
test_missing_source_header_is_rejected (test_check_compliance.ComplianceChecksTest.test_missing_source_header_is_rejected) ... ok
test_modified_apache_license_is_rejected (test_check_compliance.ComplianceChecksTest.test_modified_apache_license_is_rejected) ... ok
test_repository_passes_all_checks (test_check_compliance.ComplianceChecksTest.test_repository_passes_all_checks) ... ok
test_uninventoried_locked_dependency_is_rejected (test_check_compliance.ComplianceChecksTest.test_uninventoried_locked_dependency_is_rejected) ... ok
test_checked_in_baselines_pin_identity_and_both_hard_gates (test_m5_qualification.M5QualificationWorkflowTest.test_checked_in_baselines_pin_identity_and_both_hard_gates) ... ok
test_workflow_actions_are_commit_pinned (test_m5_qualification.M5QualificationWorkflowTest.test_workflow_actions_are_commit_pinned) ... ok
test_workflow_runs_the_real_short_gate_for_an_exact_candidate (test_m5_qualification.M5QualificationWorkflowTest.test_workflow_runs_the_real_short_gate_for_an_exact_candidate) ... ok
test_all_shell_command_blocks_parse (test_operator_docs.OperatorDocumentationTest.test_all_shell_command_blocks_parse) ... ok
test_documented_lifecycle_flags_exist_in_shipped_scripts (test_operator_docs.OperatorDocumentationTest.test_documented_lifecycle_flags_exist_in_shipped_scripts) ... ok
test_guides_cover_required_safety_and_lifecycle_topics (test_operator_docs.OperatorDocumentationTest.test_guides_cover_required_safety_and_lifecycle_topics) ... ok
test_install_commands_match_the_delivered_bundle_layout (test_operator_docs.OperatorDocumentationTest.test_install_commands_match_the_delivered_bundle_layout) ... ok
test_pki_ceremony_uses_installed_working_directory_and_cookie (test_operator_docs.OperatorDocumentationTest.test_pki_ceremony_uses_installed_working_directory_and_cookie) ... ok
test_qualification_accepts_full_system_vms_and_discloses_emulation (test_operator_docs.OperatorDocumentationTest.test_qualification_accepts_full_system_vms_and_discloses_emulation) ... ok
test_required_guides_are_linked_from_index (test_operator_docs.OperatorDocumentationTest.test_required_guides_are_linked_from_index) ... ok
test_archive_metadata_is_normalized_to_source_epoch (test_package_release.PackageReleaseTest.test_archive_metadata_is_normalized_to_source_epoch) ... ok
test_archive_omits_cookie_and_embeds_identity (test_package_release.PackageReleaseTest.test_archive_omits_cookie_and_embeds_identity) ... ok
test_equivalent_inputs_produce_byte_identical_archives (test_package_release.PackageReleaseTest.test_equivalent_inputs_produce_byte_identical_archives) ... ok
test_manifest_records_identity_archive_hash_and_complete_payload (test_package_release.PackageReleaseTest.test_manifest_records_identity_archive_hash_and_complete_payload) ... ok
test_product_and_architecture_naming_matrix (test_package_release.PackageReleaseTest.test_product_and_architecture_naming_matrix) ... ok
test_annotated_tag_uses_peeled_commit_timestamp (test_package_release.PackageReleasesScriptTest.test_annotated_tag_uses_peeled_commit_timestamp) ... ok
test_adds_stable_sort_and_is_idempotent (test_release_input_normalizer.ReleaseInputNormalizerTest.test_adds_stable_sort_and_is_idempotent) ... ok
test_changed_lock_identity_fails_closed_without_editing_source (test_release_input_normalizer.ReleaseInputNormalizerTest.test_changed_lock_identity_fails_closed_without_editing_source) ... ok
test_changed_source_shape_fails_closed (test_release_input_normalizer.ReleaseInputNormalizerTest.test_changed_source_shape_fails_closed) ... ok

----------------------------------------------------------------------
Ran 28 tests in 2.643s

OK
make[1]: Leaving directory '/var/lib/exocomp-qualification/rc11-preflight'
[PASS] release-check
=== 2026-07-27T06:36:36Z Repository gate: test-release-packaging ===
python3 -m unittest discover -s tests -p 'test_package_release.py' -v
test_archive_metadata_is_normalized_to_source_epoch (test_package_release.PackageReleaseTest.test_archive_metadata_is_normalized_to_source_epoch) ... ok
test_archive_omits_cookie_and_embeds_identity (test_package_release.PackageReleaseTest.test_archive_omits_cookie_and_embeds_identity) ... ok
test_equivalent_inputs_produce_byte_identical_archives (test_package_release.PackageReleaseTest.test_equivalent_inputs_produce_byte_identical_archives) ... ok
test_manifest_records_identity_archive_hash_and_complete_payload (test_package_release.PackageReleaseTest.test_manifest_records_identity_archive_hash_and_complete_payload) ... ok
test_product_and_architecture_naming_matrix (test_package_release.PackageReleaseTest.test_product_and_architecture_naming_matrix) ... ok
test_annotated_tag_uses_peeled_commit_timestamp (test_package_release.PackageReleasesScriptTest.test_annotated_tag_uses_peeled_commit_timestamp) ... ok

----------------------------------------------------------------------
Ran 6 tests in 0.524s

OK
python3 -m unittest discover -s tests -p 'test_release_input_normalizer.py' -v
test_adds_stable_sort_and_is_idempotent (test_release_input_normalizer.ReleaseInputNormalizerTest.test_adds_stable_sort_and_is_idempotent) ... ok
test_changed_lock_identity_fails_closed_without_editing_source (test_release_input_normalizer.ReleaseInputNormalizerTest.test_changed_lock_identity_fails_closed_without_editing_source) ... ok
test_changed_source_shape_fails_closed (test_release_input_normalizer.ReleaseInputNormalizerTest.test_changed_source_shape_fails_closed) ... ok

----------------------------------------------------------------------
Ran 3 tests in 0.021s

OK
python3 -m unittest discover -s tests -p 'test_operator_docs.py' -v
test_all_shell_command_blocks_parse (test_operator_docs.OperatorDocumentationTest.test_all_shell_command_blocks_parse) ... ok
test_documented_lifecycle_flags_exist_in_shipped_scripts (test_operator_docs.OperatorDocumentationTest.test_documented_lifecycle_flags_exist_in_shipped_scripts) ... ok
test_guides_cover_required_safety_and_lifecycle_topics (test_operator_docs.OperatorDocumentationTest.test_guides_cover_required_safety_and_lifecycle_topics) ... ok
test_install_commands_match_the_delivered_bundle_layout (test_operator_docs.OperatorDocumentationTest.test_install_commands_match_the_delivered_bundle_layout) ... ok
test_pki_ceremony_uses_installed_working_directory_and_cookie (test_operator_docs.OperatorDocumentationTest.test_pki_ceremony_uses_installed_working_directory_and_cookie) ... ok
test_qualification_accepts_full_system_vms_and_discloses_emulation (test_operator_docs.OperatorDocumentationTest.test_qualification_accepts_full_system_vms_and_discloses_emulation) ... ok
test_required_guides_are_linked_from_index (test_operator_docs.OperatorDocumentationTest.test_required_guides_are_linked_from_index) ... ok

----------------------------------------------------------------------
Ran 7 tests in 0.023s

OK
[PASS] test-release-packaging
=== 2026-07-27T06:36:37Z Repository gate: test-installer ===
python3 -m pytest test/installer/test_installer.py -v
============================= test session starts ==============================
platform linux -- Python 3.12.3, pytest-7.4.4, pluggy-1.4.0 -- /usr/bin/python3
cachedir: .pytest_cache
rootdir: /var/lib/exocomp-qualification/rc11-preflight
collecting ... collected 78 items

test/installer/test_installer.py::TestCleanInstall::test_versioned_directory_created PASSED [  1%]
test/installer/test_installer.py::TestCleanInstall::test_current_symlink_points_to_versioned PASSED [  2%]
test/installer/test_installer.py::TestCleanInstall::test_config_template_installed PASSED [  3%]
test/installer/test_installer.py::TestCleanInstall::test_systemd_unit_installed PASSED [  5%]
test/installer/test_installer.py::TestCleanInstall::test_sudoers_installed_with_exact_entries PASSED [  6%]
test/installer/test_installer.py::TestCleanInstall::test_manifest_written PASSED [  7%]
test/installer/test_installer.py::TestCleanInstall::test_config_directory_exists PASSED [  8%]
test/installer/test_installer.py::TestCleanInstall::test_log_directory_exists PASSED [ 10%]
test/installer/test_installer.py::TestCleanInstall::test_durable_state_directory_is_writable_and_matches_runtime_config PASSED [ 11%]
test/installer/test_installer.py::TestCleanInstall::test_systemd_unit_grants_only_the_installer_owned_state_path PASSED [ 12%]
test/installer/test_installer.py::TestCleanInstall::test_backup_utility_is_installed_in_the_versioned_release PASSED [ 14%]
test/installer/test_installer.py::TestCleanInstall::test_release_cookie_is_random_protected_and_not_in_release_payload PASSED [ 15%]
test/installer/test_installer.py::TestBundledLlamaRuntimeInstall::test_node_install_copies_the_shipped_runtime_into_the_atomic_release PASSED [ 16%]
test/installer/test_installer.py::TestRuntimePayloadPreflight::test_missing_backup_utility_is_rejected_before_host_mutation PASSED [ 17%]
test/installer/test_installer.py::TestRuntimePayloadPreflight::test_incomplete_llama_runtime_is_rejected_before_host_mutation PASSED [ 19%]
test/installer/test_installer.py::TestRepeatInstall::test_second_install_overwrites_release_preserves_config PASSED [ 20%]
test/installer/test_installer.py::TestRepeatInstall::test_second_install_idempotent_exit_zero PASSED [ 21%]
test/installer/test_installer.py::TestPermissions::test_release_dir_not_world_writable PASSED [ 23%]
test/installer/test_installer.py::TestPermissions::test_systemd_unit_mode_644 PASSED [ 24%]
test/installer/test_installer.py::TestPermissions::test_coordinator_unit_uses_bootstrap_managed_pki_state PASSED [ 25%]
test/installer/test_installer.py::TestPermissions::test_sudoers_mode_440_when_installed PASSED [ 26%]
test/installer/test_installer.py::TestPermissions::test_config_file_mode_640 PASSED [ 28%]
test/installer/test_installer.py::TestInvalidChecksum::test_tampered_bundle_rejected PASSED [ 29%]
test/installer/test_installer.py::TestInvalidChecksum::test_host_not_mutated_on_checksum_failure PASSED [ 30%]
test/installer/test_installer.py::TestInvalidChecksum::test_missing_checksums_entry_rejected PASSED [ 32%]
test/installer/test_installer.py::TestExactPrivileges::test_empty_allow_list_produces_no_sudoers_file PASSED [ 33%]
test/installer/test_installer.py::TestExactPrivileges::test_single_service_exact_entry PASSED [ 34%]
test/installer/test_installer.py::TestExactPrivileges::test_multiple_services_all_present PASSED [ 35%]
test/installer/test_installer.py::TestExactPrivileges::test_no_wildcard_in_sudoers PASSED [ 37%]
test/installer/test_installer.py::TestExactPrivileges::test_shell_metacharacter_in_service_name_rejected PASSED [ 38%]
test/installer/test_installer.py::TestUpgradePreparation::test_upgrade_creates_new_version_alongside_old PASSED [ 39%]
test/installer/test_installer.py::TestUpgradePreparation::test_current_link_updated_atomically PASSED [ 41%]
test/installer/test_installer.py::TestUpgradePreparation::test_config_preserved_across_upgrade PASSED [ 42%]
test/installer/test_installer.py::TestUpgradePreparation::test_release_cookie_is_preserved_across_upgrade PASSED [ 43%]
test/installer/test_installer.py::TestUpgradePreparation::test_protected_file_ownership_is_preserved_across_upgrade PASSED [ 44%]
test/installer/test_installer.py::TestUpgradePreparation::test_failed_health_gate_rolls_back_to_prior_healthy_version PASSED [ 46%]
test/installer/test_installer.py::TestUpgradePreparation::test_rollback_stops_failed_release_then_waits_for_prior_health PASSED [ 47%]
test/installer/test_installer.py::TestUpgradePreparation::test_invalid_existing_config_blocks_switch PASSED [ 48%]
test/installer/test_installer.py::TestUpgradePreparation::test_interrupted_extraction_never_changes_current PASSED [ 50%]
test/installer/test_installer.py::TestVersionCompatibility::test_different_major_node_and_coordinator_versions_are_rejected PASSED [ 51%]
test/installer/test_installer.py::TestProtectedStateBackupRestore::test_backup_restore_recovers_config_pki_audit_and_execution_state PASSED [ 52%]
test/installer/test_installer.py::TestDefaultUninstall::test_uninstall_exits_zero PASSED [ 53%]
test/installer/test_installer.py::TestDefaultUninstall::test_unit_file_removed PASSED [ 55%]
test/installer/test_installer.py::TestDefaultUninstall::test_sudoers_removed PASSED [ 56%]
test/installer/test_installer.py::TestDefaultUninstall::test_current_symlink_removed PASSED [ 57%]
test/installer/test_installer.py::TestDefaultUninstall::test_config_preserved PASSED [ 58%]
test/installer/test_installer.py::TestDefaultUninstall::test_log_dir_preserved PASSED [ 60%]
test/installer/test_installer.py::TestDefaultUninstall::test_config_dir_preserved PASSED [ 61%]
test/installer/test_installer.py::TestSystemCachePurge::test_purge_removes_all_release_dirs PASSED [ 62%]
test/installer/test_installer.py::TestSystemCachePurge::test_purge_preserves_config PASSED [ 64%]
test/installer/test_installer.py::TestSystemCachePurge::test_purge_preserves_log_dir PASSED [ 65%]
test/installer/test_installer.py::TestUserDataPreservation::test_unrelated_dirs_not_touched PASSED [ 66%]
test/installer/test_installer.py::TestUserDataPreservation::test_var_lib_dir_preserved PASSED [ 67%]
test/installer/test_installer.py::TestUserDataPreservation::test_pki_dir_preserved PASSED [ 69%]
test/installer/test_installer.py::TestUserDataPreservation::test_unknown_purge_category_rejected PASSED [ 70%]
test/installer/test_installer.py::TestDryRun::test_dry_run_exits_zero PASSED [ 71%]
test/installer/test_installer.py::TestDryRun::test_dry_run_creates_no_files PASSED [ 73%]
test/installer/test_installer.py::TestMissingComponentFlag::test_missing_component_exits_nonzero PASSED [ 74%]
test/installer/test_installer.py::TestVersionValidation::test_unsafe_or_non_semver_version_is_rejected_before_mutation[1.2.3/../../escape] PASSED [ 75%]
test/installer/test_installer.py::TestVersionValidation::test_unsafe_or_non_semver_version_is_rejected_before_mutation[1.2] PASSED [ 76%]
test/installer/test_installer.py::TestVersionValidation::test_unsafe_or_non_semver_version_is_rejected_before_mutation[1.2.3;touch-pwned] PASSED [ 78%]
test/installer/test_installer.py::TestVersionValidation::test_unsafe_or_non_semver_version_is_rejected_before_mutation[v1.2.3] PASSED [ 79%]
test/installer/test_installer.py::TestVersionValidation::test_version_detected_from_archive_name[0.1.0] PASSED [ 80%]
test/installer/test_installer.py::TestVersionValidation::test_version_detected_from_archive_name[1.2.3] PASSED [ 82%]
test/installer/test_installer.py::TestVersionValidation::test_version_detected_from_archive_name[0.1.0-rc.7] PASSED [ 83%]
test/installer/test_installer.py::TestVersionValidation::test_version_detected_from_archive_name[1.0.0-beta.1] PASSED [ 84%]
test/installer/test_installer.py::TestVersionValidation::test_version_detected_from_archive_name[2.3.4-alpha.12] PASSED [ 85%]
test/installer/test_installer.py::TestUnitHardeningDirectives::test_all_hardening_directives_present[node] PASSED [ 87%]
test/installer/test_installer.py::TestUnitHardeningDirectives::test_all_hardening_directives_present[coordinator] PASSED [ 88%]
test/installer/test_installer.py::TestUnitHardeningDirectives::test_unit_runs_as_dedicated_user[node] PASSED [ 89%]
test/installer/test_installer.py::TestUnitHardeningDirectives::test_unit_runs_as_dedicated_user[coordinator] PASSED [ 91%]
test/installer/test_installer.py::TestUnitHardeningDirectives::test_unit_has_system_call_filter[node] PASSED [ 92%]
test/installer/test_installer.py::TestUnitHardeningDirectives::test_unit_has_system_call_filter[coordinator] PASSED [ 93%]
test/installer/test_installer.py::TestUnitHardeningDirectives::test_unit_passes_config_path_expected_by_runtime[node-EXOCOMP_CONFIG_FILE] PASSED [ 94%]
test/installer/test_installer.py::TestUnitHardeningDirectives::test_unit_passes_config_path_expected_by_runtime[coordinator-EXOCOMP_COORDINATOR_CONFIG_FILE] PASSED [ 96%]
test/installer/test_installer.py::TestUnitHardeningDirectives::test_coordinator_unit_passes_bootstrap_managed_pki_paths PASSED [ 97%]
test/installer/test_installer.py::TestConfigTemplates::test_template_is_valid_json[node-expected_keys0] PASSED [ 98%]
test/installer/test_installer.py::TestConfigTemplates::test_template_is_valid_json[coordinator-expected_keys1] PASSED [100%]

============================== 78 passed in 8.16s ==============================
[PASS] test-installer
=== 2026-07-27T06:36:46Z Repository gate: test-bundle ===
python3 -m pytest tests/test_bundle.py -v
============================= test session starts ==============================
platform linux -- Python 3.12.3, pytest-7.4.4, pluggy-1.4.0 -- /usr/bin/python3
cachedir: .pytest_cache
rootdir: /var/lib/exocomp-qualification/rc11-preflight
collecting ... collected 103 items

tests/test_bundle.py::TestCompleteBundleAssembly::test_archive_created PASSED [  0%]
tests/test_bundle.py::TestCompleteBundleAssembly::test_archive_checksum_file_created PASSED [  1%]
tests/test_bundle.py::TestCompleteBundleAssembly::test_archive_checksum_matches PASSED [  2%]
tests/test_bundle.py::TestCompleteBundleAssembly::test_manifest_sha256_present PASSED [  3%]
tests/test_bundle.py::TestCompleteBundleAssembly::test_manifest_json_present PASSED [  4%]
tests/test_bundle.py::TestCompleteBundleAssembly::test_sbom_present PASSED [  5%]
tests/test_bundle.py::TestCompleteBundleAssembly::test_provenance_present PASSED [  6%]
tests/test_bundle.py::TestCompleteBundleAssembly::test_install_sh_present PASSED [  7%]
tests/test_bundle.py::TestCompleteBundleAssembly::test_uninstall_sh_present PASSED [  8%]
tests/test_bundle.py::TestCompleteBundleAssembly::test_verify_bundle_sh_present PASSED [  9%]
tests/test_bundle.py::TestCompleteBundleAssembly::test_state_backup_sh_present PASSED [ 10%]
tests/test_bundle.py::TestCompleteBundleAssembly::test_state_backup_restore_uses_same_owner PASSED [ 11%]
tests/test_bundle.py::TestCompleteBundleAssembly::test_llama_server_present PASSED [ 12%]
tests/test_bundle.py::TestCompleteBundleAssembly::test_llama_server_is_executable PASSED [ 13%]
tests/test_bundle.py::TestCompleteBundleAssembly::test_llama_server_executable_and_runtime_libraries_present PASSED [ 14%]
tests/test_bundle.py::TestCompleteBundleAssembly::test_llama_launcher_starts_using_only_the_shipped_runtime PASSED [ 15%]
tests/test_bundle.py::TestCompleteBundleAssembly::test_model_present_in_complete_bundle PASSED [ 16%]
tests/test_bundle.py::TestCompleteBundleAssembly::test_node_release_archive_present PASSED [ 17%]
tests/test_bundle.py::TestCompleteBundleAssembly::test_coordinator_release_archive_present PASSED [ 18%]
tests/test_bundle.py::TestCompleteBundleAssembly::test_systemd_node_unit_present PASSED [ 19%]
tests/test_bundle.py::TestCompleteBundleAssembly::test_systemd_coordinator_unit_present PASSED [ 20%]
tests/test_bundle.py::TestCompleteBundleAssembly::test_systemd_start_limits_are_in_unit_section[node] PASSED [ 21%]
tests/test_bundle.py::TestCompleteBundleAssembly::test_systemd_start_limits_are_in_unit_section[coordinator] PASSED [ 22%]
tests/test_bundle.py::TestCompleteBundleAssembly::test_systemd_stop_does_not_depend_on_release_rpc[node] PASSED [ 23%]
tests/test_bundle.py::TestCompleteBundleAssembly::test_systemd_stop_does_not_depend_on_release_rpc[coordinator] PASSED [ 24%]
tests/test_bundle.py::TestCompleteBundleAssembly::test_license_file_present_when_repo_has_license PASSED [ 25%]
tests/test_bundle.py::TestCompleteBundleAssembly::test_verify_bundle_passes PASSED [ 26%]
tests/test_bundle.py::TestDocumentedCleanRootWorkflow::test_verbatim_install_commands_and_shipped_backup_restore PASSED [ 27%]
tests/test_bundle.py::TestManifestCoverage::test_all_files_in_manifest PASSED [ 28%]
tests/test_bundle.py::TestManifestCoverage::test_manifest_has_no_extra_entries PASSED [ 29%]
tests/test_bundle.py::TestSBOMStructure::test_spdx_version_2_3 PASSED    [ 30%]
tests/test_bundle.py::TestSBOMStructure::test_spdx_id_is_document PASSED [ 31%]
tests/test_bundle.py::TestSBOMStructure::test_data_license_cc0 PASSED    [ 32%]
tests/test_bundle.py::TestSBOMStructure::test_creation_info_present PASSED [ 33%]
tests/test_bundle.py::TestSBOMStructure::test_document_describes_bundle PASSED [ 33%]
tests/test_bundle.py::TestSBOMStructure::test_packages_present PASSED    [ 34%]
tests/test_bundle.py::TestSBOMStructure::test_exocomp_package_present PASSED [ 35%]
tests/test_bundle.py::TestSBOMStructure::test_erlang_otp_package_present PASSED [ 36%]
tests/test_bundle.py::TestSBOMStructure::test_llama_cpp_package_present PASSED [ 37%]
tests/test_bundle.py::TestSBOMStructure::test_qwen_model_package_in_complete_bundle PASSED [ 38%]
tests/test_bundle.py::TestSBOMStructure::test_all_packages_have_license PASSED [ 39%]
tests/test_bundle.py::TestSBOMStructure::test_relationships_present PASSED [ 40%]
tests/test_bundle.py::TestSBOMStructure::test_document_namespace_is_uri PASSED [ 41%]
tests/test_bundle.py::TestProvenanceStructure::test_statement_type_present PASSED [ 42%]
tests/test_bundle.py::TestProvenanceStructure::test_predicate_type_slsa PASSED [ 43%]
tests/test_bundle.py::TestProvenanceStructure::test_subject_present PASSED [ 44%]
tests/test_bundle.py::TestProvenanceStructure::test_predicate_present PASSED [ 45%]
tests/test_bundle.py::TestProvenanceStructure::test_builder_present PASSED [ 46%]
tests/test_bundle.py::TestProvenanceStructure::test_materials_present PASSED [ 47%]
tests/test_bundle.py::TestProvenanceStructure::test_source_commit_in_materials PASSED [ 48%]
tests/test_bundle.py::TestProvenanceStructure::test_toolchain_present PASSED [ 49%]
tests/test_bundle.py::TestProvenanceStructure::test_dependency_locks_present PASSED [ 50%]
tests/test_bundle.py::TestProvenanceStructure::test_invocation_identifies_source PASSED [ 51%]
tests/test_bundle.py::TestTamperDetectionModifiedFile::test_tampered_install_sh_fails_verification PASSED [ 52%]
tests/test_bundle.py::TestTamperDetectionModifiedFile::test_tampered_llama_server_fails_verification PASSED [ 53%]
tests/test_bundle.py::TestTamperDetectionModifiedFile::test_tampered_model_fails_verification PASSED [ 54%]
tests/test_bundle.py::TestTamperDetectionModifiedFile::test_tampered_systemd_unit_fails_verification PASSED [ 55%]
tests/test_bundle.py::TestTamperDetectionDeletedFile::test_deleted_file_fails_verification PASSED [ 56%]
tests/test_bundle.py::TestChecksumConsistency::test_archive_sha256_file_matches_archive PASSED [ 57%]
tests/test_bundle.py::TestLlamaRuntimeClosure::test_dynamic_server_starts_with_transitive_shipped_libraries PASSED [ 58%]
tests/test_bundle.py::TestLlamaRuntimeClosure::test_assembly_rejects_an_incomplete_dynamic_runtime PASSED [ 59%]
tests/test_bundle.py::TestRuntimeBundle::test_runtime_bundle_archive_name PASSED [ 60%]
tests/test_bundle.py::TestRuntimeBundle::test_model_absent_from_runtime_bundle PASSED [ 61%]
tests/test_bundle.py::TestRuntimeBundle::test_llama_server_present_in_runtime_bundle PASSED [ 62%]
tests/test_bundle.py::TestRuntimeBundle::test_verification_passes_for_runtime_bundle PASSED [ 63%]
tests/test_bundle.py::TestRuntimeBundle::test_sbom_excludes_model_package PASSED [ 64%]
tests/test_bundle.py::TestModelSHA256PreVerification::test_bad_model_sha256_fails_before_staging PASSED [ 65%]
tests/test_bundle.py::TestSBOMCompleteVsRuntime::test_complete_sbom_includes_model PASSED [ 66%]
tests/test_bundle.py::TestSBOMCompleteVsRuntime::test_runtime_sbom_excludes_model PASSED [ 66%]
tests/test_bundle.py::TestMissingRequiredArgs::test_missing_arch_fails PASSED [ 67%]
tests/test_bundle.py::TestMissingRequiredArgs::test_missing_version_fails PASSED [ 68%]
tests/test_bundle.py::TestMissingRequiredArgs::test_missing_model_for_complete_fails PASSED [ 69%]
tests/test_bundle.py::TestMissingRequiredArgs::test_invalid_arch_fails PASSED [ 70%]
tests/test_bundle.py::TestVerifyBundleStrictMode::test_non_strict_passes_unsigned PASSED [ 71%]
tests/test_bundle.py::TestVerifyBundleStrictMode::test_strict_fails_unsigned PASSED [ 72%]
tests/test_bundle.py::TestVerifyBundleStrictMode::test_signed_bundle_passes_strict_verification PASSED [ 73%]
tests/test_bundle.py::TestGenerateSBOMStandalone::test_generate_sbom_produces_valid_json PASSED [ 74%]
tests/test_bundle.py::TestGenerateSBOMStandalone::test_generate_sbom_arm64_bundle_name PASSED [ 75%]
tests/test_bundle.py::TestGenerateProvenanceStandalone::test_generate_provenance_produces_valid_json PASSED [ 76%]
tests/test_bundle.py::TestGenerateProvenanceStandalone::test_generate_provenance_source_commit_in_materials PASSED [ 77%]
tests/test_bundle.py::TestDoubleBuildReproducibility::test_identical_inputs_produce_byte_identical_archive PASSED [ 78%]
tests/test_bundle.py::TestDoubleBuildReproducibility::test_different_epoch_produces_different_archive PASSED [ 79%]
tests/test_bundle.py::TestDoubleBuildReproducibility::test_sbom_timestamp_is_deterministic PASSED [ 80%]
tests/test_bundle.py::TestDoubleBuildReproducibility::test_sbom_namespace_stable_across_builds PASSED [ 81%]
tests/test_bundle.py::TestSignedMetadataTamperDetection::test_tampered_manifest_json_fails_verification PASSED [ 82%]
tests/test_bundle.py::TestSignedMetadataTamperDetection::test_tampered_sbom_fails_verification PASSED [ 83%]
tests/test_bundle.py::TestSignedMetadataTamperDetection::test_tampered_provenance_fails_verification PASSED [ 84%]
tests/test_bundle.py::TestSignedMetadataTamperDetection::test_deleted_manifest_json_fails_verification PASSED [ 85%]
tests/test_bundle.py::TestSignedMetadataTamperDetection::test_deleted_sbom_fails_verification PASSED [ 86%]
tests/test_bundle.py::TestSignedMetadataTamperDetection::test_deleted_provenance_fails_verification PASSED [ 87%]
tests/test_bundle.py::TestSignedMetadataTamperDetection::test_metadata_files_listed_in_manifest_sha256 PASSED [ 88%]
tests/test_bundle.py::TestLicenseCompleteness::test_licenses_directory_present PASSED [ 89%]
tests/test_bundle.py::TestLicenseCompleteness::test_licenses_directory_non_empty PASSED [ 90%]
tests/test_bundle.py::TestLicenseCompleteness::test_apache_2_license_present PASSED [ 91%]
tests/test_bundle.py::TestLicenseCompleteness::test_mit_license_present PASSED [ 92%]
tests/test_bundle.py::TestLicenseCompleteness::test_bsd_3_clause_license_present PASSED [ 93%]
tests/test_bundle.py::TestLicenseCompleteness::test_licenses_covered_by_manifest PASSED [ 94%]
tests/test_bundle.py::TestLicenseCompleteness::test_non_strict_verification_passes_with_populated_licenses PASSED [ 95%]
tests/test_bundle.py::TestAssemblyFailsOnMissingLicenses::test_assembly_fails_when_licenses_dir_absent PASSED [ 96%]
tests/test_bundle.py::TestAssemblyFailsOnMissingLicenses::test_assembly_fails_when_required_license_file_missing PASSED [ 97%]
tests/test_bundle.py::TestStrictVerificationRejectsUnauthenticatedMetadata::test_metadata_in_manifest_non_strict_passes PASSED [ 98%]
tests/test_bundle.py::TestStrictVerificationRejectsUnauthenticatedMetadata::test_strict_fails_when_manifest_json_removed_from_manifest PASSED [ 99%]
tests/test_bundle.py::TestStrictVerificationRejectsUnauthenticatedMetadata::test_strict_fails_when_licenses_dir_empty PASSED [100%]

=============================== warnings summary ===============================
tests/test_bundle.py: 88 warnings
  /usr/lib/python3.12/tarfile.py:2301: DeprecationWarning: Python 3.14 will, by default, filter extracted tar archives and reject files or modify their metadata. Use the filter argument to control this behavior.
    warnings.warn(

-- Docs: https://docs.pytest.org/en/stable/how-to/capture-warnings.html
====================== 103 passed, 88 warnings in 15.86s =======================
[PASS] test-bundle
=== 2026-07-27T06:37:02Z Repository gate: test ===
./scripts/test-release-builders.sh
Test 1: valid release (amd64) — expect PASS
  PASS: valid amd64 release accepted
Test 2: valid release (arm64) — expect PASS
  PASS: valid arm64 release accepted
Test 3: release with undeclared dependency — expect FAIL
  PASS: release with undeclared dependency correctly rejected
Test 4: dep-report.json produced after valid run
  PASS: dep-report.json includes parsed dependencies and interpreter
Test 5: dep-report.json produced after failing run
  PASS: dep-report.json produced on failure and starts with '{'
Test 6: release without ERTS directory — expect exit 2
  PASS: missing ERTS directory correctly rejected with exit code 2
Test 7: unsupported architecture — expect exit 2
  PASS: unsupported architecture correctly rejected
Test 8: missing baseline file — expect exit 2
  PASS: missing baseline file correctly rejected
Test 9: readelf failure — expect exit 2
  PASS: readelf failure correctly rejected with exit code 2

Results: 9 passed, 0 failed

=== Offline structural checks ===
  PASS: test-clean-container.sh exists and is executable
  PASS: test-release-matrix.sh is non-interactive
  PASS: test-clean-container.sh is non-interactive
  PASS: docs/release-qualification.md exists
  PASS: docs/release-qualification.md documents emulated execution
  PASS: docs/release-qualification.md documents wrong-arch diagnostic
  PASS: Makefile has test-release-matrix target

=== Offline fixture: wrong-arch detection ===
  PASS: wrong-arch produces actionable diagnostic

=== Offline fixture: missing runtime dependency detection ===
  PASS: missing dep produces actionable diagnostic

=== Offline fixture: path-independent content digest ===
  PASS: identical trees at different root paths have matching digests
  PASS: one-byte runtime cookie change produces a different tree digest
  PASS: deterministic release packagers exist and are executable
  PASS: packager excludes reusable release cookies

=== Offline mode: skipping build, container, and live negative tests ===

==========================================
Results: 13 passed, 0 failed
==========================================
test_archive_metadata_is_normalized_to_source_epoch (test_package_release.PackageReleaseTest.test_archive_metadata_is_normalized_to_source_epoch) ... ok
test_archive_omits_cookie_and_embeds_identity (test_package_release.PackageReleaseTest.test_archive_omits_cookie_and_embeds_identity) ... ok
test_equivalent_inputs_produce_byte_identical_archives (test_package_release.PackageReleaseTest.test_equivalent_inputs_produce_byte_identical_archives) ... ok
test_manifest_records_identity_archive_hash_and_complete_payload (test_package_release.PackageReleaseTest.test_manifest_records_identity_archive_hash_and_complete_payload) ... ok
test_product_and_architecture_naming_matrix (test_package_release.PackageReleaseTest.test_product_and_architecture_naming_matrix) ... ok
test_annotated_tag_uses_peeled_commit_timestamp (test_package_release.PackageReleasesScriptTest.test_annotated_tag_uses_peeled_commit_timestamp) ... ok

----------------------------------------------------------------------
Ran 6 tests in 0.588s

OK
test_adds_stable_sort_and_is_idempotent (test_release_input_normalizer.ReleaseInputNormalizerTest.test_adds_stable_sort_and_is_idempotent) ... ok
test_changed_lock_identity_fails_closed_without_editing_source (test_release_input_normalizer.ReleaseInputNormalizerTest.test_changed_lock_identity_fails_closed_without_editing_source) ... ok
test_changed_source_shape_fails_closed (test_release_input_normalizer.ReleaseInputNormalizerTest.test_changed_source_shape_fails_closed) ... ok

----------------------------------------------------------------------
Ran 3 tests in 0.025s

OK
test_all_shell_command_blocks_parse (test_operator_docs.OperatorDocumentationTest.test_all_shell_command_blocks_parse) ... ok
test_documented_lifecycle_flags_exist_in_shipped_scripts (test_operator_docs.OperatorDocumentationTest.test_documented_lifecycle_flags_exist_in_shipped_scripts) ... ok
test_guides_cover_required_safety_and_lifecycle_topics (test_operator_docs.OperatorDocumentationTest.test_guides_cover_required_safety_and_lifecycle_topics) ... ok
test_install_commands_match_the_delivered_bundle_layout (test_operator_docs.OperatorDocumentationTest.test_install_commands_match_the_delivered_bundle_layout) ... ok
test_pki_ceremony_uses_installed_working_directory_and_cookie (test_operator_docs.OperatorDocumentationTest.test_pki_ceremony_uses_installed_working_directory_and_cookie) ... ok
test_qualification_accepts_full_system_vms_and_discloses_emulation (test_operator_docs.OperatorDocumentationTest.test_qualification_accepts_full_system_vms_and_discloses_emulation) ... ok
test_required_guides_are_linked_from_index (test_operator_docs.OperatorDocumentationTest.test_required_guides_are_linked_from_index) ... ok

----------------------------------------------------------------------
Ran 7 tests in 0.028s

OK
release builder definitions are pinned and valid
podman run --rm --init --user "$(id -u):$(id -g)" --platform linux/amd64 --pull always --env ELIXIR_VERSION=1.20.2 --env OTP_VERSION=28.5.0.3 --env GLIBC_BASELINE=2.36 --env MIX_HOME=/workspace/.mix-home --env HEX_HOME=/workspace/.hex-home --volume "/var/lib/exocomp-qualification/rc11-preflight:/workspace" --workdir /workspace docker.io/hexpm/elixir:1.20.2-erlang-28.5.0.3-debian-bookworm-20260713-slim@sha256:9f522dfe44ec958c4c40a8f8d1bb6912ef11a77a36f7ef6db2878ade9608216d sh -c 'mix local.hex --force --quiet && MIX_ENV=test mix deps.get && \
	MIX_ENV=test mix test && \
	MIX_ENV=test mix release exocomp_node --overwrite && \
	MIX_ENV=test mix release exocomp_coordinator --overwrite && \
	scripts/smoke-releases.sh test'
Trying to pull docker.io/hexpm/elixir@sha256:9f522dfe44ec958c4c40a8f8d1bb6912ef11a77a36f7ef6db2878ade9608216d...
Getting image source signatures
Copying blob sha256:16e57f2155195f94ec12ea1eb79b603096b03a5789286ffe0217d09c8b87e2e5
Copying blob sha256:597c6c618d36213af657a6a8444a5d87801f9a219682b206ad21ccb8f3e57bbd
Copying blob sha256:488e88728a38e428780df163699d1a95002bde9682eed3c51c26d504ec6d4c37
Copying blob sha256:f95715d6933c19c18e586b251433fca77a03468a6c13cd99108d9a4a8565406d
Copying config sha256:ccdc131ebc3d8727e3046e82aaa61af3e4aa3b85dc9879c87c3dff4c6291c10c
Writing manifest to image destination
* creating .mix-home/archives/hex-2.5.1
warning: path "apps/fixtures" is a directory but it has no mix.exs. Mix won't consider this directory as part of your umbrella application. Please add a "mix.exs" or set the ":apps" key in your umbrella configuration with all relevant apps names as atoms
Resolving Hex dependencies...
Resolution completed in 0.056s
Unchanged:
  bandit 1.12.1
  hpax 1.0.4
  jason 1.4.5
  mime 2.0.7
  nimble_options 1.1.1
  plug 1.20.3
  plug_crypto 2.2.0
  telemetry 1.4.2
  thousand_island 1.5.0
  websock 0.5.3
  x509 0.9.2
warning: path "apps/fixtures" is a directory but it has no mix.exs. Mix won't consider this directory as part of your umbrella application. Please add a "mix.exs" or set the ":apps" key in your umbrella configuration with all relevant apps names as atoms
==> bench
warning: the following files do not match any of the configured `:test_load_filters` / `:test_ignore_filters`:

test/support/fake_llama_server.ex

This might indicate a typo in a test file name (for example, using "foo_tests.exs" instead of "foo_test.exs").

See the configuration for `:test_pattern` under `mix help test` for more information.

Running ExUnit with seed: 411508, max_cases: 16

.................................................................................................................
Finished in 11.8 seconds (0.3s async, 11.5s sync)

Result: 113 passed
==> exocomp_core
Running ExUnit with seed: 411508, max_cases: 16

................................................................................................................................................................................................
Finished in 0.8 seconds (0.8s async, 0.00s sync)

Result: 192 passed
==> exocomp_coordinator
Running ExUnit with seed: 411508, max_cases: 16

..........    warning: default values for the optional arguments in the private function clock_agent/1 are never used
    │
 17 │   defp clock_agent(initial \\ nil) do
    │        ~
    │
    └─ test/exocomp/coordinator/enrollment_token_test.exs:17:8: Exocomp.Coordinator.EnrollmentTokenTest (module)

............................................     warning: default values for the optional arguments in the private function start_client_agent/1 are never used
     │
 169 │   defp start_client_agent(responses \\ %{}) do
     │        ~
     │
     └─ test/exocomp/coordinator/multi_node_orchestration_integration_test.exs:169:8: Exocomp.Coordinator.MultiNodeOrchestrationIntegrationTest (module)

.................................................................................................................................    warning: unused alias NodeOutcome
    │
 10 │   alias Exocomp.Coordinator.{DiagnosticGoal, GoalStore, NodeOutcome, Orchestrator}
    │   ~
    │
    └─ test/exocomp/coordinator/orchestrator_test.exs:10:3

...    warning: default values for the optional arguments in the private function inventory_node/2 are never used
    │
 18 │   defp inventory_node(id, hostname \\ nil) do
    │        ~
    │
    └─ test/exocomp/coordinator/resolver_test.exs:18:8: Exocomp.Coordinator.ResolverTest (module)


06:37:24.315 [info] [CoordinatorA2ARouter] mTLS client certificate accepted

06:37:24.315 [info] [CoordinatorA2ARouter] mTLS client certificate accepted

06:37:24.315 [info] [CoordinatorA2ARouter] mTLS client certificate accepted

06:37:24.315 [info] [CoordinatorA2ARouter] mTLS client certificate accepted

06:37:24.315 [info] [CoordinatorA2ARouter] mTLS client certificate accepted
.
06:37:24.359 [info] [CoordinatorA2ARouter] mTLS client certificate accepted
.
06:37:24.366 [info] [CoordinatorA2ARouter] mTLS client certificate accepted

06:37:24.371 [info] [CoordinatorA2ARouter] mTLS client certificate accepted
.
06:37:24.372 [info] [CoordinatorA2ARouter] mTLS client certificate accepted
..
06:37:24.377 [info] [CoordinatorA2ARouter] mTLS client certificate accepted
.
06:37:24.383 [info] [CoordinatorA2ARouter] mTLS client certificate accepted
.
06:37:24.384 [info] [CoordinatorA2ARouter] mTLS client certificate accepted
.
06:37:24.391 [warning] [CoordinatorA2ARouter] mTLS client certificate missing
.
06:37:24.392 [info] [CoordinatorA2ARouter] mTLS client certificate accepted
.
06:37:24.392 [info] [CoordinatorA2ARouter] mTLS client certificate accepted
.
06:37:24.392 [info] [CoordinatorA2ARouter] mTLS client certificate accepted
.
06:37:24.395 [info] [CoordinatorA2ARouter] mTLS client certificate accepted

06:37:24.401 [info] [CoordinatorA2ARouter] mTLS client certificate accepted
.
06:37:24.402 [info] [CoordinatorA2ARouter] mTLS client certificate accepted
.
06:37:24.402 [info] [CoordinatorA2ARouter] mTLS client certificate accepted
.
06:37:24.402 [info] [CoordinatorA2ARouter] mTLS client certificate accepted
.
06:37:24.402 [info] [CoordinatorA2ARouter] mTLS client certificate accepted
.
06:37:24.403 [info] [CoordinatorA2ARouter] mTLS client certificate accepted
.
06:37:24.403 [info] [CoordinatorA2ARouter] mTLS client certificate accepted
.
06:37:24.409 [info] [CoordinatorA2ARouter] mTLS client certificate accepted
.
06:37:24.409 [info] [CoordinatorA2ARouter] mTLS client certificate accepted
.
06:37:24.409 [info] [CoordinatorA2ARouter] mTLS client certificate accepted
.
06:37:24.410 [info] [CoordinatorA2ARouter] mTLS client certificate accepted
.
06:37:24.410 [info] [CoordinatorA2ARouter] mTLS client certificate accepted
.
06:37:24.413 [warning] [CoordinatorA2ARouter] mTLS client certificate missing
.
06:37:24.414 [info] [CoordinatorA2ARouter] mTLS client certificate accepted
..
06:37:24.414 [info] [CoordinatorA2ARouter] mTLS client certificate accepted

06:37:24.415 [info] [CoordinatorA2ARouter] mTLS client certificate accepted
.
06:37:24.415 [info] [CoordinatorA2ARouter] mTLS client certificate accepted
.
06:37:24.416 [info] [CoordinatorA2ARouter] mTLS client certificate accepted
.
06:37:24.423 [info] [CoordinatorA2ARouter] mTLS client certificate accepted
.
06:37:24.425 [info] [CoordinatorA2ARouter] mTLS client certificate accepted
.
06:37:24.425 [info] [CoordinatorA2ARouter] mTLS client certificate accepted
..................
06:37:24.957 [error] Task #PID<0.2153.0> started from :poller_3845 terminating
** (RuntimeError) resolver crashed
    test/exocomp/coordinator/health_poller_test.exs:172: anonymous fn/2 in Exocomp.Coordinator.HealthPollerTest."test delayed resolver and probe crashes are isolated and release capacity"/1
    (exocomp_coordinator 0.1.0) lib/exocomp/coordinator/health_poller.ex:155: Exocomp.Coordinator.HealthPoller.resolve/3
    (exocomp_coordinator 0.1.0) lib/exocomp/coordinator/health_poller.ex:141: Exocomp.Coordinator.HealthPoller.run_poll/3
    (elixir 1.20.2) lib/task/supervised.ex:105: Task.Supervised.invoke_mfa/2
    (elixir 1.20.2) lib/task/supervised.ex:40: Task.Supervised.reply/4
Function: #Function<4.48843809/0 in Exocomp.Coordinator.HealthPoller.start_poll/2>
    Args: []

06:37:25.115 [error] Task #PID<0.2154.0> started from :poller_3845 terminating
** (RuntimeError) probe crashed
    test/exocomp/coordinator/health_poller_test.exs:181: anonymous fn/3 in Exocomp.Coordinator.HealthPollerTest."test delayed resolver and probe crashes are isolated and release capacity"/1
    (exocomp_coordinator 0.1.0) lib/exocomp/coordinator/health_poller.ex:149: Exocomp.Coordinator.HealthPoller.run_poll/3
    (elixir 1.20.2) lib/task/supervised.ex:105: Task.Supervised.invoke_mfa/2
    (elixir 1.20.2) lib/task/supervised.ex:40: Task.Supervised.reply/4
Function: #Function<4.48843809/0 in Exocomp.Coordinator.HealthPoller.start_poll/2>
    Args: []
...........................................................................................................................
06:37:26.710 [warning] [EnrollmentHandler] PKI.State not running
.............................................................................................................................................
Finished in 6.4 seconds (1.3s async, 5.1s sync)

Result: 500 passed
==> exocomp_node
    warning: redefining module Exocomp.Node.Test.FakeLlamaServer (current version loaded from /workspace/_build/test/lib/exocomp_node/ebin/Elixir.Exocomp.Node.Test.FakeLlamaServer.beam)
    │
  3 │ defmodule Exocomp.Node.Test.FakeLlamaServer do
    │ ~~~~~~~~~~~~~~~~~~~~~~~~~~~~~~~~~~~~~~~~~~~~~~
    │
    └─ test/support/fake_llama_server.ex:3: Exocomp.Node.Test.FakeLlamaServer (module)

    warning: redefining module Exocomp.Node.MockCommander (current version loaded from /workspace/_build/test/lib/exocomp_node/ebin/Elixir.Exocomp.Node.MockCommander.beam)
    │
  3 │ defmodule Exocomp.Node.MockCommander do
    │ ~~~~~~~~~~~~~~~~~~~~~~~~~~~~~~~~~~~~~~~
    │
    └─ test/support/mock_commander.ex:3: Exocomp.Node.MockCommander (module)

Running ExUnit with seed: 411508, max_cases: 16
Excluding tags: [:integration, :systemd]

................................................warning: using map.field notation (without parentheses) to invoke function :malformed.required_evidence() is deprecated, you must add parentheses instead: remote.function()
  (exocomp_node 0.1.0) lib/exocomp/node/safety/policy_engine.ex:464: Exocomp.Node.Safety.PolicyEngine.scope_evidence_for_candidate/3
  (exocomp_node 0.1.0) lib/exocomp/node/safety/policy_engine.ex:409: anonymous fn/6 in Exocomp.Node.Safety.PolicyEngine.do_evaluate/4
  (elixir 1.20.2) lib/enum.ex:2622: Enum."-reduce/3-lists^foldl/2-0-"/3
  (exocomp_node 0.1.0) lib/exocomp/node/safety/policy_engine.ex:406: Exocomp.Node.Safety.PolicyEngine.do_evaluate/4
  (exocomp_node 0.1.0) lib/exocomp/node/safety/policy_engine.ex:187: Exocomp.Node.Safety.PolicyEngine.evaluate/4
  test/exocomp/node/safety/policy_engine_test.exs:210: Exocomp.Node.Safety.PolicyEngineTest."test evaluate/4 safety and determinism an exception in filtering is caught and denied as an internal policy error"/1
  (ex_unit 1.20.2) lib/ex_unit/runner.ex:533: ExUnit.Runner.exec_test/2
  (stdlib 7.3) timer.erl:599: :timer.tc/2
  (ex_unit 1.20.2) lib/ex_unit/runner.ex:455: anonymous fn/6 in ExUnit.Runner.spawn_test_monitor/4

......................................................      warning: default values for the optional arguments in the private function build_evidence/3 are never used
      │
 1292 │   defp build_evidence(id, collector, overrides \\ []) do
      │        ~
      │
      └─ test/integration/m3_acceptance_test.exs:1292:8: Exocomp.Integration.M3AcceptanceTest (module)

.......................................................................................................................................................................................................................................................    warning: unused alias TextPart
    │
  9 │   alias Exocomp.A2A.{Artifact, DataPart, Message, TextPart}
    │   ~
    │
    └─ test/exocomp/node/a2a_router_test.exs:9:3

    warning: default values for the optional arguments in the private function setup_with_fake_server/1 are never used
    │
 56 │   defp setup_with_fake_server(opts \\ []) do
    │        ~
    │
    └─ test/exocomp/node/proposal_client_test.exs:56:8: Exocomp.Node.ProposalClientTest (module)


06:37:30.914 [info] [A2ARouter] mTLS client certificate accepted
................................................................
06:37:30.943 [info] [A2ARouter] mTLS client certificate accepted
.
06:37:30.944 [info] [A2ARouter] mTLS client certificate accepted
.
06:37:30.944 [info] [A2ARouter] mTLS client certificate accepted
.
06:37:30.944 [info] [A2ARouter] mTLS client certificate accepted
.
06:37:30.944 [info] [A2ARouter] mTLS client certificate accepted
.
06:37:30.945 [info] [A2ARouter] mTLS client certificate accepted
.
06:37:30.945 [info] [A2ARouter] mTLS client certificate accepted
.
06:37:30.945 [info] [A2ARouter] mTLS client certificate accepted
.
06:37:30.946 [info] [A2ARouter] mTLS client certificate accepted
.
06:37:30.946 [info] [A2ARouter] mTLS client certificate accepted
.
06:37:30.946 [info] [A2ARouter] mTLS client certificate accepted
.
06:37:30.946 [info] [A2ARouter] mTLS client certificate accepted
.......
06:37:30.959 [warning] [A2ARouter] mTLS client certificate missing
.
06:37:30.966 [info] [A2ARouter] mTLS client certificate accepted
.
06:37:30.967 [info] [A2ARouter] mTLS client certificate accepted
.
06:37:30.967 [info] [A2ARouter] mTLS client certificate accepted
.
06:37:30.970 [info] [A2ARouter] mTLS client certificate accepted
.
06:37:30.970 [info] [A2ARouter] mTLS client certificate accepted
.............
06:37:30.977 [info] [A2ARouter] mTLS client certificate accepted
...............     warning: incompatible types given to Exocomp.Node.ProposalClient.propose/1:

         Exocomp.Node.ProposalClient.propose("not a map")

     given types:

         -binary()-

     but expected one of:

         map()

     type warning found at:
     │
 101 │       ProposalClient.propose("not a map")
     │                      ~
     │
     └─ test/exocomp/node/proposal_client_test.exs:101:22: Exocomp.Node.ProposalClientTest."test non-map input is rejected at the function clause level"/1

     warning: the following conditional expression will always succeed:

         is_binary(id)

     because it evaluates to:

         dynamic(true)

     where "id" was given the type:

         # type: binary()
         # from: test/exocomp/node/skills/service_diagnose_test.exs:112
         {id} =
           case right do
             ...
           end

     type warning found at:
     │
 115 │     assert is_binary(id) and id != ""
     │     ~~~~~~~~~~~~~~~~~~~~~~~~~~~~~~~~~
     │
     └─ test/exocomp/node/skills/service_diagnose_test.exs:115: Exocomp.Node.Skills.ServiceDiagnoseTest."test returned artifact has a non-empty artifactId"/1

    warning: the following conditional expression will always succeed:

        is_binary(id)

    because it evaluates to:

        dynamic(true)

    where "id" was given the type:

        # type: binary()
        # from: test/exocomp/node/skills/remediation_propose_test.exs:87
        {id} =
          case right do
            ...
          end

    type warning found at:
    │
 88 │     assert is_binary(id) and id != ""
    │     ~~~~~~~~~~~~~~~~~~~~~~~~~~~~~~~~~
    │
    └─ test/exocomp/node/skills/remediation_propose_test.exs:88: Exocomp.Node.Skills.RemediationProposeTest."test returned artifact has a non-empty artifactId"/1

..     warning: the following conditional expression will always succeed:

         is_binary(ev.collector_version)

     because it evaluates to:

         dynamic(true)

     where "ev" was given the types:

         # type: dynamic(%Exocomp.Node.Safety.Evidence{
           schema_version: binary(),
           collector: binary(),
           collector_version: binary(),
           observed_at:
             %DateTime{calendar: term()} or
               %DateTime{
                 utc_offset: float() or integer(),
                 std_offset: float() or integer(),
                 microsecond: {term(), term()},
                 calendar: Calendar.ISO
               },
           values: %{binary() => binary()}
         })
         # from: test/exocomp/node/safety/disk_pressure_collector_test.exs:148
         {_threshold, ev} =
           case right do
             ...
           end

         # type: dynamic(%Exocomp.Node.Safety.Evidence{
           schema_version: binary(),
           evidence_id: binary(),
           collector: binary(),
           collector_version: binary(),
           observed_at:
             %DateTime{calendar: term()} or
               %DateTime{
                 utc_offset: float() or integer(),
                 std_offset: float() or integer(),
                 microsecond: {term(), term()},
                 calendar: Calendar.ISO
               },
           values: %{binary() => binary()}
         })
         # from: test/exocomp/node/safety/disk_pressure_collector_test.exs:151:14
         is_binary(ev.evidence_id)

     type warning found at:
     │
 153 │       assert is_binary(ev.collector_version) and byte_size(ev.collector_version) > 0
     │       ~~~~~~~~~~~~~~~~~~~~~~~~~~~~~~~~~~~~~~~~~~~~~~~~~~~~~~~~~~~~~~~~~~~~~~~~~~~~~~
     │
     └─ test/exocomp/node/safety/disk_pressure_collector_test.exs:153: Exocomp.Node.Safety.DiskPressureCollectorTest."test evidence record structure all required fields are present in the returned Evidence struct"/1

     warning: the following conditional expression will always succeed:

         is_binary(id)

     because it evaluates to:

         dynamic(true)

     where "id" was given the type:

         # type: binary()
         # from: test/exocomp/node/skills/system_diagnose_test.exs:150
         {id} =
           case right do
             ...
           end

     type warning found at:
     │
 151 │     assert is_binary(id) and id != ""
     │     ~~~~~~~~~~~~~~~~~~~~~~~~~~~~~~~~~
     │
     └─ test/exocomp/node/skills/system_diagnose_test.exs:151: Exocomp.Node.Skills.SystemDiagnoseTest."test returned artifact has a non-empty artifactId"/1

.............
06:37:31.163 [warning] Certificate chain validation failed: :cert_expired
.
06:37:31.164 [warning] Certificate SAN does not match node_id "exocomp-test-node" (SANs redacted)
.
06:37:31.165 [warning] Key file has insecure permissions (mode too permissive)
..
06:37:31.166 [warning] Key file has insecure permissions (mode too permissive)
.
06:37:31.167 [warning] Key file has insecure permissions (mode too permissive)
..
06:37:31.168 [warning] Key file has insecure permissions (mode too permissive)
.
06:37:31.182 [warning] Certificate chain validation failed: :invalid_issuer
.
06:37:31.184 [warning] Certificate chain validation failed: :invalid_issuer
.
06:37:31.187 [debug] [Executor] action=restart_service target="myapp.service" exec=/usr/bin/sudo argv=["/usr/bin/systemctl", "restart", "myapp.service"]

06:37:31.188 [warning] [Executor] post-action verification failed action=restart_service target="myapp.service" reason={:service_not_active, 3}
..
06:37:31.188 [debug] [Executor] action=restart_service target="myapp.service" exec=/usr/bin/sudo argv=["/usr/bin/systemctl", "restart", "myapp.service"]

06:37:31.188 [debug] [Executor] action=restart_service target="nginx.service" exec=/usr/bin/sudo argv=["/usr/bin/systemctl", "restart", "nginx.service"]
...
06:37:31.189 [debug] [Executor] action=restart_service target="myapp.service" exec=/usr/bin/sudo argv=["/usr/bin/systemctl", "restart", "myapp.service"]

06:37:31.189 [warning] [Executor] action=restart_service target="myapp.service" error=:timeout
..
06:37:31.189 [debug] [Executor] action=restart_service target="myapp.service" exec=/usr/bin/sudo argv=["/usr/bin/systemctl", "restart", "myapp.service"]

06:37:31.189 [warning] [Executor] action=restart_service target="myapp.service" failed exit_code=1
...
06:37:31.190 [debug] [Executor] action=restart_service target="myapp.service" exec=/usr/bin/sudo argv=["/usr/bin/systemctl", "restart", "myapp.service"]
..
06:37:31.190 [debug] [Executor] action=vacuum_logs target=nil exec=/usr/bin/sudo argv=["/usr/bin/journalctl", "--vacuum-size=100M"]
...
06:37:31.190 [debug] [Executor] action=restart_service target="myapp.service" exec=/usr/bin/sudo argv=["/usr/bin/systemctl", "restart", "myapp.service"]
..
06:37:31.191 [debug] [Executor] action=restart_service target="myapp.service" exec=/usr/bin/sudo argv=["/usr/bin/systemctl", "restart", "myapp.service"]

06:37:31.191 [warning] [Executor] action=restart_service target="myapp.service" error=:timeout
.
06:37:31.191 [debug] [Executor] action=restart_service target="myapp.service" exec=/usr/bin/sudo argv=["/usr/bin/systemctl", "restart", "myapp.service"]
.
06:37:31.191 [debug] [Executor] action=restart_service target="myapp.service" exec=/usr/bin/sudo argv=["/usr/bin/systemctl", "restart", "myapp.service"]

06:37:31.191 [warning] [Executor] action=restart_service target="myapp.service" failed exit_code=1
.
06:37:31.192 [debug] [Executor] action=vacuum_logs target=nil exec=/usr/bin/sudo argv=["/usr/bin/journalctl", "--vacuum-size=100M"]
.
06:37:31.192 [debug] [Executor] action=restart_service target="myapp.service" exec=/usr/bin/sudo argv=["/usr/bin/systemctl", "restart", "myapp.service"]

06:37:31.192 [warning] [Executor] action=restart_service target="myapp.service" failed exit_code=127
.
06:37:31.192 [debug] [Executor] action=restart_service target="myapp.service" exec=/usr/bin/sudo argv=["/usr/bin/systemctl", "restart", "myapp.service"]
.
06:37:31.192 [debug] [Executor] action=restart_service target="myapp.service" exec=/usr/bin/sudo argv=["/usr/bin/systemctl", "restart", "myapp.service"]

06:37:31.193 [warning] [Executor] action=restart_service target="myapp.service" failed exit_code=1
.....
06:37:31.193 [debug] [Executor] action=restart_service target="myapp.service" exec=/usr/bin/sudo argv=["/usr/bin/systemctl", "restart", "myapp.service"]
..
06:37:31.194 [debug] [Executor] action=restart_service target="myapp.service" exec=/usr/bin/sudo argv=["/usr/bin/systemctl", "restart", "myapp.service"]

06:37:31.194 [warning] [Executor] action=restart_service target="myapp.service" error={:output_limit_exceeded, 200000}
...
06:37:31.195 [debug] [Executor] action=restart_service target="myapp.service" exec=/usr/bin/sudo argv=["/usr/bin/systemctl", "restart", "myapp.service"]

06:37:31.195 [warning] [Executor] action=restart_service target="myapp.service" error={:output_limit_exceeded, 99999}
.
06:37:31.198 [warning] Certificate chain validation failed: :invalid_issuer

06:37:31.198 [error] [Listener] startup failed: {:invalid_chain, "[REDACTED]"}
..
06:37:31.378 [error] [Listener] config load error: {:json_parse, %Jason.DecodeError{position: 55, token: nil, data: "{\"version\": 1, \"node_id\": \"exocomp-test-node\", \"tls\": {"}}

06:37:31.378 [error] [Listener] startup failed: {:json_parse, %Jason.DecodeError{position: 55, token: nil, data: "{\"version\": 1, \"node_id\": \"exocomp-test-node\", \"tls\": {"}}
.
06:37:31.441 [error] [Listener] config load error: :enoent

06:37:31.441 [error] [Listener] reload failed: :enoent

06:37:31.441 [error] GenServer Exocomp.Node.Listener terminating
** (stop) :enoent
Last message (from #PID<0.6130.0>): :reload
State: %{config: %Exocomp.Node.Config{version: 1, node_id: "exocomp-test-node", tls: %Exocomp.Node.Config.TLS{ca_cert: "/workspace/apps/exocomp_node/test/fixtures/certs/ca.crt", node_cert: "/workspace/apps/exocomp_node/test/fixtures/certs/node.crt", node_key: "[REDACTED]"}, listen: %Exocomp.Node.Config.Listen{host: "127.0.0.1", port: 18438}}, config_path: "/tmp/listener_test_cfg_6293041.json", bandit_pid: #PID<0.6134.0>}
Client #PID<0.6130.0> is alive

    (stdlib 7.3) gen.erl:262: :gen.do_call/4
    (elixir 1.20.2) lib/gen_server.ex:1180: GenServer.call/3
    test/exocomp/node/listener_test.exs:218: Exocomp.Node.ListenerTest."test reload with missing config file returns error and listener stops"/1
    (ex_unit 1.20.2) lib/ex_unit/runner.ex:533: ExUnit.Runner.exec_test/2
    (stdlib 7.3) timer.erl:599: :timer.tc/2
    (ex_unit 1.20.2) lib/ex_unit/runner.ex:455: anonymous fn/6 in ExUnit.Runner.spawn_test_monitor/4

06:37:31.442 [error] [Listener] config load error: :enoent

06:37:31.442 [error] [Listener] startup failed: :enoent
.
06:37:31.443 [error] [Listener] config load error: :enoent
.
06:37:31.443 [error] [Listener] startup failed: :enoent

06:37:31.444 [error] [Listener] config load error: {:unsupported_version, 99}

06:37:31.444 [error] [Listener] startup failed: {:unsupported_version, 99}
..
06:37:31.505 [warning] Certificate SAN does not match node_id "exocomp-test-node" (SANs redacted)

06:37:31.505 [error] [Listener] startup failed: {:san_mismatch, [expected: "exocomp-test-node"]}
.
06:37:31.507 [warning] Key file has insecure permissions (mode too permissive)

06:37:31.507 [error] [Listener] startup failed: :key_not_secure
..................................................................................................................
06:37:31.879 [warning] llama-server exited: 143

06:37:31.879 [info] restarting llama-server in 162ms (attempt 1)
.
06:37:32.200 [warning] llama-server exited: 143

06:37:32.201 [info] restarting llama-server in 122ms (attempt 1)
.
06:37:32.376 [error] failed to start llama-server: Erlang error: :enoent

06:37:32.377 [info] restarting llama-server in 606ms (attempt 1)
.
06:37:32.377 [warning] ignoring non-loopback llama_host "0.0.0.0"; llama-server is loopback-only
...
06:37:32.482 [error] failed to start llama-server: Erlang error: :enoent

06:37:32.482 [info] restarting llama-server in 521ms (attempt 1)

06:37:33.004 [error] failed to start llama-server: Erlang error: :enoent

06:37:33.005 [info] restarting llama-server in 1617ms (attempt 2)

06:37:34.622 [error] failed to start llama-server: Erlang error: :enoent

06:37:34.623 [info] restarting llama-server in 2444ms (attempt 3)
.
06:37:36.005 [warning] llama-server did not become ready within 600ms
.
06:37:36.013 [info] [ApprovalGate] start correlation_id=corr-test-1 action=restart_service target=example.service

06:37:36.016 [warning] [ApprovalGate] token_invalid correlation_id=corr-test-1 action=restart_service reason=:expired
.
06:37:36.017 [info] [ApprovalGate] start correlation_id=corr-test-1 action=restart_service target=example.service

06:37:36.018 [warning] [ApprovalGate] token_invalid correlation_id=corr-test-1 action=restart_service reason={:binding_mismatch, :task_id, "task-test-1", "wrong-task"}
.
06:37:36.020 [info] [ApprovalGate] start correlation_id=corr-test-1 action=restart_service target=example.service

06:37:36.020 [warning] [ApprovalGate] token_invalid correlation_id=corr-test-1 action=restart_service reason={:binding_mismatch, :parameter_hash, "be1b421ff6c9b2b97f429306cf7b478ebd068497d655ed2d2792594d9425b9df", "80e6b9cb31428f02de1787d3f43ca94dbc86358aa6465b42e90fe85a6bbc6ec7"}
.
06:37:36.022 [info] [ApprovalGate] start correlation_id=corr-test-1 action=restart_service target=example.service

06:37:36.022 [warning] [ApprovalGate] token_invalid correlation_id=corr-test-1 action=restart_service reason=:public_key_unavailable
.
06:37:36.023 [info] [ApprovalGate] start correlation_id=corr-test-1 action=restart_service target=example.service

06:37:36.023 [warning] [ApprovalGate] token_invalid correlation_id=corr-test-1 action=restart_service reason={:binding_mismatch, :parameter_hash, "expected-hash", "actual-hash"}
..
06:37:36.027 [info] [ApprovalGate] start correlation_id=corr-test-1 action=restart_service target=example.service

06:37:36.028 [info] [ApprovalGate] token_valid correlation_id=corr-test-1 nonce=JcNyHtI-... action=restart_service

06:37:36.028 [info] [ApprovalGate] preconditions_ok correlation_id=corr-test-1 nonce=JcNyHtI-... action=restart_service

06:37:36.042 [info] [ApprovalGate] replay_claimed correlation_id=corr-test-1 nonce=JcNyHtI-... action=restart_service

06:37:36.042 [debug] [Executor] action=restart_service target="example.service" exec=/usr/bin/sudo argv=["/usr/bin/systemctl", "restart", "example.service"]

06:37:36.042 [info] [ApprovalGate] execution_success correlation_id=corr-test-1 nonce=JcNyHtI-... action=restart_service

06:37:36.056 [info] [ApprovalGate] start correlation_id=corr-test-1 action=restart_service target=example.service

06:37:36.057 [info] [ApprovalGate] token_valid correlation_id=corr-test-1 nonce=JcNyHtI-... action=restart_service

06:37:36.057 [info] [ApprovalGate] preconditions_ok correlation_id=corr-test-1 nonce=JcNyHtI-... action=restart_service

06:37:36.057 [info] [ApprovalGate] replay_already_executed correlation_id=corr-test-1 nonce=JcNyHtI-... action=restart_service
.
06:37:36.058 [info] [ApprovalGate] start correlation_id=corr-test-1 action=restart_service target=example.service

06:37:36.059 [warning] [ApprovalGate] token_invalid correlation_id=corr-test-1 action=restart_service reason=:expired
.
06:37:36.060 [info] [ApprovalGate] start correlation_id=corr-test-1 action=restart_service target=example.service

06:37:36.060 [info] [ApprovalGate] token_valid correlation_id=corr-test-1 nonce=unit-tes... action=restart_service
.
06:37:36.060 [warning] [ApprovalGate] precondition_changed correlation_id=corr-test-1 nonce=unit-tes... action=restart_service target=example.service reason={:collection_failed, :state_changed}

06:37:36.062 [info] [ApprovalGate] start correlation_id=corr-test-1 action=restart_service target=example.service

06:37:36.063 [warning] [ApprovalGate] token_invalid correlation_id=corr-test-1 action=restart_service reason={:binding_mismatch, :node_id, nil, ""}
.
06:37:36.065 [info] [ApprovalGate] start correlation_id=corr-test-1 action=restart_service target=example.service

06:37:36.065 [warning] [ApprovalGate] token_invalid correlation_id=corr-test-1 action=restart_service reason={:binding_mismatch, :node_id, "wrong-node", "node-test-1"}
.
06:37:36.068 [info] [ApprovalGate] start correlation_id=corr-test-1 action=restart_service target=example.service

06:37:36.068 [warning] [ApprovalGate] token_invalid correlation_id=corr-test-1 action=restart_service reason={:binding_mismatch, :task_id, "wrong-task", "task-test-1"}
.
06:37:36.069 [info] [ApprovalGate] start correlation_id=corr-test-1 action=restart_service target=example.service

06:37:36.069 [info] [ApprovalGate] token_valid correlation_id=corr-test-1 nonce=unit-tes... action=restart_service

06:37:36.070 [info] [ApprovalGate] preconditions_ok correlation_id=corr-test-1 nonce=unit-tes... action=restart_service
.
06:37:36.070 [error] [ApprovalGate] replay_storage_failure correlation_id=corr-test-1 nonce=unit-tes... action=restart_service

06:37:36.072 [info] [ApprovalGate] start correlation_id=corr-test-1 action=restart_service target=example.service

06:37:36.072 [info] [ApprovalGate] token_valid correlation_id=corr-test-1 nonce=unit-tes... action=restart_service
.
06:37:36.072 [warning] [ApprovalGate] precondition_changed correlation_id=corr-test-1 nonce=unit-tes... action=restart_service target=example.service reason=:precondition_changed

06:37:36.074 [info] [ApprovalGate] start correlation_id=corr-test-1 action=restart_service target=example.service

06:37:36.075 [warning] [ApprovalGate] token_invalid correlation_id=corr-test-1 action=restart_service reason=:invalid_signature
.
06:37:36.076 [info] [ApprovalGate] start correlation_id=corr-test-1 action=restart_service target=example.service

06:37:36.076 [info] [ApprovalGate] token_valid correlation_id=corr-test-1 nonce=unit-tes... action=restart_service

06:37:36.076 [info] [ApprovalGate] preconditions_ok correlation_id=corr-test-1 nonce=unit-tes... action=restart_service

06:37:36.076 [error] [ApprovalGate] replay_storage_failure correlation_id=corr-test-1 nonce=unit-tes... action=restart_service
...
06:37:36.128 [info] [ApprovalGate] start correlation_id=corr-test-1 action=restart_service target=example.service

06:37:36.128 [info] [ApprovalGate] token_valid correlation_id=corr-test-1 nonce=PD7gxBYI... action=restart_service

06:37:36.128 [info] [ApprovalGate] preconditions_ok correlation_id=corr-test-1 nonce=PD7gxBYI... action=restart_service

06:37:36.136 [info] [ApprovalGate] replay_claimed correlation_id=corr-test-1 nonce=PD7gxBYI... action=restart_service

06:37:36.136 [info] [ApprovalGate] start correlation_id=corr-test-1 action=restart_service target=example.service

06:37:36.136 [info] [ApprovalGate] token_valid correlation_id=corr-test-1 nonce=PD7gxBYI... action=restart_service

06:37:36.136 [info] [ApprovalGate] preconditions_ok correlation_id=corr-test-1 nonce=PD7gxBYI... action=restart_service

06:37:36.137 [info] [ApprovalGate] replay_incomplete_pending correlation_id=corr-test-1 nonce=PD7gxBYI... action=restart_service waiting=true

06:37:36.186 [debug] [Executor] action=restart_service target="example.service" exec=/usr/bin/sudo argv=["/usr/bin/systemctl", "restart", "example.service"]

06:37:36.186 [info] [ApprovalGate] execution_success correlation_id=corr-test-1 nonce=PD7gxBYI... action=restart_service
.
06:37:36.211 [warning] reconciled crashed replay ledger claim nonce="bRWcR5STyUTW2YJQ-eKlhw" action=:restart_service target="example.service"

06:37:36.225 [info] [ApprovalGate] start correlation_id=corr-test-1 action=restart_service target=example.service

06:37:36.226 [info] [ApprovalGate] token_valid correlation_id=corr-test-1 nonce=bRWcR5ST... action=restart_service

06:37:36.226 [info] [ApprovalGate] preconditions_ok correlation_id=corr-test-1 nonce=bRWcR5ST... action=restart_service

06:37:36.226 [info] [ApprovalGate] replay_incomplete_pending correlation_id=corr-test-1 nonce=bRWcR5ST... action=restart_service waiting=true
.
06:37:36.429 [info] [ApprovalGate] start correlation_id=corr-test-1 action=vacuum_logs target=example.service

06:37:36.430 [warning] [ApprovalGate] token_invalid correlation_id=corr-test-1 action=vacuum_logs reason={:binding_mismatch, :action_id, "vacuum_logs", "restart_service"}
.
06:37:36.431 [info] [ApprovalGate] start correlation_id=corr-test-1 action=restart_service target=example.service

06:37:36.432 [info] [ApprovalGate] token_valid correlation_id=corr-test-1 nonce=G2UF8UD1... action=restart_service

06:37:36.432 [info] [ApprovalGate] preconditions_ok correlation_id=corr-test-1 nonce=G2UF8UD1... action=restart_service

06:37:36.448 [info] [ApprovalGate] replay_claimed correlation_id=corr-test-1 nonce=G2UF8UD1... action=restart_service

06:37:36.448 [debug] [Executor] action=restart_service target="example.service" exec=/usr/bin/sudo argv=["/usr/bin/systemctl", "restart", "example.service"]

06:37:36.448 [info] [ApprovalGate] execution_success correlation_id=corr-test-1 nonce=G2UF8UD1... action=restart_service
.
06:37:36.465 [info] [ApprovalGate] start correlation_id=corr-test-1 action=restart_service target=example.service

06:37:36.466 [info] [ApprovalGate] token_valid correlation_id=corr-test-1 nonce=naupVD_v... action=restart_service

06:37:36.466 [warning] [ApprovalGate] precondition_changed correlation_id=corr-test-1 nonce=naupVD_v... action=restart_service target=example.service reason=:precondition_changed
.
06:37:36.467 [info] [ApprovalGate] start correlation_id=corr-test-1 action=restart_service target=example.service

06:37:36.467 [info] [ApprovalGate] token_valid correlation_id=corr-test-1 nonce=unit-tes... action=restart_service

06:37:36.467 [info] [ApprovalGate] preconditions_ok correlation_id=corr-test-1 nonce=unit-tes... action=restart_service

06:37:36.475 [info] [ApprovalGate] replay_claimed correlation_id=corr-test-1 nonce=unit-tes... action=restart_service

06:37:36.475 [warning] [ApprovalGate] execution_failed correlation_id=corr-test-1 nonce=unit-tes... action=restart_service error=:not_allowed
.
06:37:36.490 [info] [ApprovalGate] start correlation_id=corr-test-1 action=restart_service target=example.service

06:37:36.490 [warning] [ApprovalGate] token_invalid correlation_id=corr-test-1 action=restart_service reason={:binding_mismatch, :action_id, "restart_service", "vacuum_logs"}
.
06:37:36.492 [info] [ApprovalGate] start correlation_id=corr-test-1 action=restart_service target=example.service
.
06:37:36.492 [warning] [ApprovalGate] token_invalid correlation_id=corr-test-1 action=restart_service reason={:binding_mismatch, :node_id, "node-test-1", "wrong"}
....
06:37:36.533 [info] [ApprovalGate] start correlation_id=d6565a2325ba5a8d5beca816ab176d3f action=restart_service target=fixture.service

06:37:36.533 [info] [ApprovalGate] token_valid correlation_id=d6565a2325ba5a8d5beca816ab176d3f nonce=nonce-fi... action=restart_service

06:37:36.533 [info] [ApprovalGate] preconditions_ok correlation_id=d6565a2325ba5a8d5beca816ab176d3f nonce=nonce-fi... action=restart_service

06:37:36.541 [info] [ApprovalGate] replay_claimed correlation_id=d6565a2325ba5a8d5beca816ab176d3f nonce=nonce-fi... action=restart_service

06:37:36.541 [info] [ApprovalGate] execution_success correlation_id=d6565a2325ba5a8d5beca816ab176d3f nonce=nonce-fi... action=restart_service
........
06:37:36.662 [info] [ApprovalGate] start correlation_id=824930597c5aadc4d62e2a0a9b66948a action=restart_service target=fixture.service

06:37:36.663 [info] [ApprovalGate] token_valid correlation_id=824930597c5aadc4d62e2a0a9b66948a nonce=nonce-fi... action=restart_service

06:37:36.663 [info] [ApprovalGate] preconditions_ok correlation_id=824930597c5aadc4d62e2a0a9b66948a nonce=nonce-fi... action=restart_service

06:37:36.671 [info] [ApprovalGate] replay_claimed correlation_id=824930597c5aadc4d62e2a0a9b66948a nonce=nonce-fi... action=restart_service

06:37:36.671 [info] [ApprovalGate] execution_success correlation_id=824930597c5aadc4d62e2a0a9b66948a nonce=nonce-fi... action=restart_service

06:37:36.691 [info] [ApprovalGate] start correlation_id=824930597c5aadc4d62e2a0a9b66948a action=restart_service target=fixture.service

06:37:36.691 [info] [ApprovalGate] token_valid correlation_id=824930597c5aadc4d62e2a0a9b66948a nonce=nonce-fi... action=restart_service

06:37:36.691 [info] [ApprovalGate] preconditions_ok correlation_id=824930597c5aadc4d62e2a0a9b66948a nonce=nonce-fi... action=restart_service

06:37:36.691 [info] [ApprovalGate] replay_already_executed correlation_id=824930597c5aadc4d62e2a0a9b66948a nonce=nonce-fi... action=restart_service
.
06:37:36.693 [info] [ApprovalGate] start correlation_id=144f7c02a78ad2940e67849e65fc9fde action=restart_service target=fixture.service

06:37:36.693 [info] [ApprovalGate] token_valid correlation_id=144f7c02a78ad2940e67849e65fc9fde nonce=nonce-fi... action=restart_service

06:37:36.693 [info] [ApprovalGate] preconditions_ok correlation_id=144f7c02a78ad2940e67849e65fc9fde nonce=nonce-fi... action=restart_service

06:37:36.702 [info] [ApprovalGate] replay_claimed correlation_id=144f7c02a78ad2940e67849e65fc9fde nonce=nonce-fi... action=restart_service

06:37:36.702 [info] [ApprovalGate] execution_success correlation_id=144f7c02a78ad2940e67849e65fc9fde nonce=nonce-fi... action=restart_service
.
06:37:36.739 [info] [ApprovalGate] start correlation_id=1e6ee5edc3614ebd43b92b3278fa469c action=restart_service target=fixture.service

06:37:36.739 [info] [ApprovalGate] token_valid correlation_id=1e6ee5edc3614ebd43b92b3278fa469c nonce=nonce-fi... action=restart_service

06:37:36.739 [info] [ApprovalGate] preconditions_ok correlation_id=1e6ee5edc3614ebd43b92b3278fa469c nonce=nonce-fi... action=restart_service

06:37:36.748 [info] [ApprovalGate] replay_claimed correlation_id=1e6ee5edc3614ebd43b92b3278fa469c nonce=nonce-fi... action=restart_service

06:37:36.748 [warning] [ApprovalGate] execution_failed correlation_id=1e6ee5edc3614ebd43b92b3278fa469c nonce=nonce-fi... action=restart_service error={:audit_unavailable, :audit_sink_unavailable}
...
06:37:36.765 [info] [ApprovalGate] start correlation_id=15b2c5afcca1d83a0a9483d1c51c26f7 action=restart_service target=fixture.service

06:37:36.765 [info] [ApprovalGate] token_valid correlation_id=15b2c5afcca1d83a0a9483d1c51c26f7 nonce=nonce-fi... action=restart_service

06:37:36.765 [info] [ApprovalGate] preconditions_ok correlation_id=15b2c5afcca1d83a0a9483d1c51c26f7 nonce=nonce-fi... action=restart_service

06:37:36.772 [info] [ApprovalGate] replay_claimed correlation_id=15b2c5afcca1d83a0a9483d1c51c26f7 nonce=nonce-fi... action=restart_service

06:37:36.772 [info] [ApprovalGate] execution_success correlation_id=15b2c5afcca1d83a0a9483d1c51c26f7 nonce=nonce-fi... action=restart_service
.......
06:37:36.864 [info] [ApprovalGate] start correlation_id=7fa052bbef486988737472777742b198 action=restart_service target=fixture.service

06:37:36.864 [info] [ApprovalGate] token_valid correlation_id=7fa052bbef486988737472777742b198 nonce=nonce-fi... action=restart_service

06:37:36.864 [info] [ApprovalGate] preconditions_ok correlation_id=7fa052bbef486988737472777742b198 nonce=nonce-fi... action=restart_service

06:37:36.871 [info] [ApprovalGate] replay_claimed correlation_id=7fa052bbef486988737472777742b198 nonce=nonce-fi... action=restart_service

06:37:36.871 [warning] [ApprovalGate] execution_failed correlation_id=7fa052bbef486988737472777742b198 nonce=nonce-fi... action=restart_service error={:audit_unavailable, :partition_simulated}
.
06:37:36.886 [info] [ApprovalGate] start correlation_id=daf8117ba7ed86ee265f3fdd37d4273c action=restart_service target=fixture.service

06:37:36.886 [info] [ApprovalGate] token_valid correlation_id=daf8117ba7ed86ee265f3fdd37d4273c nonce=nonce-fi... action=restart_service

06:37:36.887 [info] [ApprovalGate] preconditions_ok correlation_id=daf8117ba7ed86ee265f3fdd37d4273c nonce=nonce-fi... action=restart_service

06:37:36.894 [info] [ApprovalGate] replay_claimed correlation_id=daf8117ba7ed86ee265f3fdd37d4273c nonce=nonce-fi... action=restart_service

06:37:36.894 [info] [ApprovalGate] execution_success correlation_id=daf8117ba7ed86ee265f3fdd37d4273c nonce=nonce-fi... action=restart_service
...............
06:37:36.934 [info] [ApprovalGate] start correlation_id=corr-m3-test action=restart_service target=example.service

06:37:36.935 [warning] [ApprovalGate] token_invalid correlation_id=corr-m3-test action=restart_service reason=:expired
..
06:37:36.937 [info] [ApprovalGate] start correlation_id=corr-m3-test action=restart_service target=example.service

06:37:36.937 [info] [ApprovalGate] token_valid correlation_id=corr-m3-test nonce=sxdkKxX-... action=restart_service

06:37:36.937 [info] [ApprovalGate] preconditions_ok correlation_id=corr-m3-test nonce=sxdkKxX-... action=restart_service

06:37:36.944 [info] [ApprovalGate] replay_claimed correlation_id=corr-m3-test nonce=sxdkKxX-... action=restart_service

06:37:36.945 [debug] [Executor] action=restart_service target="example.service" exec=/usr/bin/sudo argv=["/usr/bin/systemctl", "restart", "example.service"]

06:37:36.945 [info] [ApprovalGate] execution_success correlation_id=corr-m3-test nonce=sxdkKxX-... action=restart_service

06:37:36.959 [info] [ApprovalGate] start correlation_id=corr-m3-test action=restart_service target=example.service

06:37:36.959 [info] [ApprovalGate] token_valid correlation_id=corr-m3-test nonce=sxdkKxX-... action=restart_service

06:37:36.959 [info] [ApprovalGate] preconditions_ok correlation_id=corr-m3-test nonce=sxdkKxX-... action=restart_service

06:37:36.959 [info] [ApprovalGate] replay_already_executed correlation_id=corr-m3-test nonce=sxdkKxX-... action=restart_service
.
06:37:36.961 [debug] [Executor] action=restart_service target="myapp.service" exec=/usr/bin/sudo argv=["/usr/bin/systemctl", "restart", "myapp.service"]
............
06:37:36.978 [info] [ApprovalGate] start correlation_id=corr-m3-test action=restart_service target=example.service

06:37:36.979 [warning] [ApprovalGate] token_invalid correlation_id=corr-m3-test action=restart_service reason={:binding_mismatch, :node_id, "node-m3-test", "other-node"}
......
06:37:36.983 [info] [ApprovalGate] start correlation_id=corr-m3-test action=restart_service target=example.service

06:37:36.984 [warning] [ApprovalGate] token_invalid correlation_id=corr-m3-test action=restart_service reason=:invalid_signature
....
06:37:36.989 [info] [ApprovalGate] start correlation_id=corr-m3-test action=restart_service target=example.service

06:37:36.990 [info] [ApprovalGate] token_valid correlation_id=corr-m3-test nonce=Gbzo5CSR... action=restart_service

06:37:36.990 [warning] [ApprovalGate] precondition_changed correlation_id=corr-m3-test nonce=Gbzo5CSR... action=restart_service target=example.service reason=:precondition_changed
...................................................
06:37:37.206 [info] [A2ARouter] mTLS client certificate accepted
.
06:37:37.267 [info] [A2ARouter] mTLS client certificate accepted

06:37:37.267 [info] ProposalClient inference attempt

06:37:37.267 [warning] ProposalClient inference failed

06:37:37.315 [info] [A2ARouter] mTLS client certificate accepted

06:37:37.361 [info] [A2ARouter] mTLS client certificate accepted
.
06:37:37.419 [info] [A2ARouter] mTLS client certificate accepted
.
06:37:37.476 [info] [A2ARouter] mTLS client certificate accepted

06:37:37.524 [info] [A2ARouter] mTLS client certificate accepted
.
06:37:37.577 [info] [A2ARouter] mTLS client certificate accepted

06:37:37.627 [info] [A2ARouter] mTLS client certificate accepted

06:37:37.677 [info] [A2ARouter] mTLS client certificate accepted
.
06:37:37.734 [info] [A2ARouter] mTLS client certificate accepted

06:37:37.736 [info] [A2ARouter] mTLS client certificate accepted

06:37:37.736 [info] [A2ARouter] mTLS client certificate accepted

06:37:37.784 [info] [A2ARouter] mTLS client certificate accepted
.
06:37:37.838 [info] [A2ARouter] mTLS client certificate accepted

06:37:37.886 [info] [A2ARouter] mTLS client certificate accepted

06:37:37.932 [info] [A2ARouter] mTLS client certificate accepted

06:37:37.981 [info] [A2ARouter] mTLS client certificate accepted
.
06:37:38.036 [info] [A2ARouter] mTLS client certificate accepted

06:37:38.084 [info] [A2ARouter] mTLS client certificate accepted

06:37:38.132 [info] [A2ARouter] mTLS client certificate accepted
.
06:37:38.192 [info] [A2ARouter] mTLS client certificate accepted
.
06:37:38.245 [info] [A2ARouter] mTLS client certificate accepted

06:37:38.293 [info] [A2ARouter] mTLS client certificate accepted
.
06:37:38.303 [error] Task #PID<0.11483.0> started from #PID<0.11481.0> terminating
** (stop) exited in: GenServer.call(#PID<0.11286.0>, {:acceptor_info, 65}, 5000)
    ** (EXIT) no process: the process is not alive or there's no process currently associated with the given name, possibly because its application isn't started
    (elixir 1.20.2) lib/gen_server.ex:1183: GenServer.call/3
    (thousand_island 1.5.0) lib/thousand_island/acceptor.ex:22: ThousandIsland.Acceptor.run/1
    (elixir 1.20.2) lib/task/supervised.ex:105: Task.Supervised.invoke_mfa/2
Process Label: {:thousand_island, :acceptor, {{19211, Bandit.DelegatingHandler}, 65}}
Function: &ThousandIsland.Acceptor.run/1
    Args: [{#PID<0.11285.0>, #PID<0.11481.0>, 65, %ThousandIsland.ServerConfig{port: 19211, transport_module: ThousandIsland.Transports.SSL, transport_options: [certfile: ~c"/workspace/apps/exocomp_node/test/fixtures/certs/node.crt", keyfile: ~c"/tmp/m1_acceptance_key_5607.key", cacertfile: ~c"/workspace/apps/exocomp_node/test/fixtures/certs/ca.crt", verify: :verify_peer, fail_if_no_peer_cert: true, versions: [:"tlsv1.3"], ip: {127, 0, 0, 1}, alpn_preferred_protocols: ["h2", "http/1.1"]], handler_module: Bandit.DelegatingHandler, handler_options: %{opts: %{http: [], http_1: [], http_2: [], websocket: []}, plug: {Exocomp.Node.A2ARouter, [node_id: "exocomp-test-node"]}, handler_module: Bandit.InitialHandler, http_1_enabled: true, http_2_enabled: true}, genserver_options: [], supervisor_options: [], num_acceptors: 100, num_listen_sockets: 1, num_connections: 16384, max_connections_retry_count: 5, max_connections_retry_wait: 1000, read_timeout: 60000, shutdown_timeout: 15000, silent_terminate_on_error: false}}]
.
06:37:38.412 [notice] TLS :server: In state :wait_cert at tls_handshake_1_3.erl:454 generated SERVER ALERT: Fatal - Certificate Required
 - :certificate_required
.
06:37:38.469 [info] [A2ARouter] mTLS client certificate accepted

06:37:38.517 [info] [A2ARouter] mTLS client certificate accepted
.
06:37:38.577 [info] [A2ARouter] mTLS client certificate accepted

06:37:38.577 [info] ProposalClient inference attempt

06:37:38.577 [warning] ProposalClient inference failed

06:37:38.627 [info] [A2ARouter] mTLS client certificate accepted

06:37:38.680 [info] [A2ARouter] mTLS client certificate accepted
.
06:37:38.684 [info] [ApprovalGate] start correlation_id=f075db7eafb6260e813a126e755119f0 action=restart_service target=fixture.service

06:37:38.684 [info] [ApprovalGate] token_valid correlation_id=f075db7eafb6260e813a126e755119f0 nonce=nonce-ex... action=restart_service

06:37:38.684 [info] [ApprovalGate] preconditions_ok correlation_id=f075db7eafb6260e813a126e755119f0 nonce=nonce-ex... action=restart_service

06:37:38.700 [info] [ApprovalGate] replay_claimed correlation_id=f075db7eafb6260e813a126e755119f0 nonce=nonce-ex... action=restart_service

06:37:38.700 [warning] [ApprovalGate] execution_failed correlation_id=f075db7eafb6260e813a126e755119f0 nonce=nonce-ex... action=restart_service error={:audit_unavailable, :sink_unavailable}
.
06:37:38.715 [info] [ApprovalGate] start correlation_id=a2901fcf38cfd50623307dfbec18ae43 action=restart_service target=fixture.service

06:37:38.715 [warning] [ApprovalGate] token_invalid correlation_id=a2901fcf38cfd50623307dfbec18ae43 action=restart_service reason=:invalid_signature
.
06:37:38.717 [info] [ApprovalGate] start correlation_id=910db4f27d27c884d62f8f1189af8935 action=restart_service target=fixture.service

06:37:38.717 [info] [ApprovalGate] token_valid correlation_id=910db4f27d27c884d62f8f1189af8935 nonce=nonce-ex... action=restart_service

06:37:38.717 [info] [ApprovalGate] preconditions_ok correlation_id=910db4f27d27c884d62f8f1189af8935 nonce=nonce-ex... action=restart_service

06:37:38.724 [info] [ApprovalGate] replay_claimed correlation_id=910db4f27d27c884d62f8f1189af8935 nonce=nonce-ex... action=restart_service

06:37:38.724 [info] [ApprovalGate] execution_success correlation_id=910db4f27d27c884d62f8f1189af8935 nonce=nonce-ex... action=restart_service

06:37:38.737 [info] [ApprovalGate] start correlation_id=910db4f27d27c884d62f8f1189af8935 action=restart_service target=fixture.service

06:37:38.737 [info] [ApprovalGate] token_valid correlation_id=910db4f27d27c884d62f8f1189af8935 nonce=nonce-ex... action=restart_service

06:37:38.737 [info] [ApprovalGate] preconditions_ok correlation_id=910db4f27d27c884d62f8f1189af8935 nonce=nonce-ex... action=restart_service

06:37:38.738 [info] [ApprovalGate] replay_already_executed correlation_id=910db4f27d27c884d62f8f1189af8935 nonce=nonce-ex... action=restart_service
.....
06:37:38.742 [info] [ApprovalGate] start correlation_id=bfd36781e9cc4464e84b479ff43e1cb0 action=restart_service target=fixture.service

06:37:38.742 [info] [ApprovalGate] token_valid correlation_id=bfd36781e9cc4464e84b479ff43e1cb0 nonce=nonce-ex... action=restart_service

06:37:38.742 [warning] [ApprovalGate] precondition_changed correlation_id=bfd36781e9cc4464e84b479ff43e1cb0 nonce=nonce-ex... action=restart_service target=fixture.service reason=:precondition_changed
.
06:37:38.743 [info] [ApprovalGate] start correlation_id=b34f8d6815aaec044c73d0dd8241f75e action=restart_service target=fixture.service

06:37:38.743 [info] [ApprovalGate] token_valid correlation_id=b34f8d6815aaec044c73d0dd8241f75e nonce=nonce-ex... action=restart_service

06:37:38.743 [info] [ApprovalGate] preconditions_ok correlation_id=b34f8d6815aaec044c73d0dd8241f75e nonce=nonce-ex... action=restart_service

06:37:38.750 [info] [ApprovalGate] replay_claimed correlation_id=b34f8d6815aaec044c73d0dd8241f75e nonce=nonce-ex... action=restart_service

06:37:38.750 [info] [ApprovalGate] execution_success correlation_id=b34f8d6815aaec044c73d0dd8241f75e nonce=nonce-ex... action=restart_service
.....
06:37:38.767 [info] [ApprovalGate] start correlation_id=bee1c1bb634bd2b9417afc60f38af8a8 action=restart_service target=fixture.service

06:37:38.767 [warning] [ApprovalGate] token_invalid correlation_id=bee1c1bb634bd2b9417afc60f38af8a8 action=restart_service reason=:expired
.........
06:37:38.768 [info] ProposalClient inference attempt

06:37:38.768 [warning] ProposalClient inference failed
.
06:37:38.769 [info] ProposalClient inference attempt

06:37:38.769 [warning] ProposalClient inference failed

06:37:38.769 [info] ProposalClient inference attempt

06:37:38.769 [warning] ProposalClient inference failed

06:37:38.769 [info] ProposalClient inference attempt

06:37:38.769 [warning] ProposalClient inference failed
..
06:37:38.923 [info] ProposalClient inference attempt

06:37:38.975 [warning] ProposalClient inference failed
.
06:37:38.976 [info] ProposalClient inference attempt

06:37:38.976 [warning] ProposalClient inference failed
.
06:37:39.027 [info] ProposalClient inference attempt

06:37:39.078 [warning] ProposalClient inference failed
.
06:37:39.129 [info] ProposalClient inference attempt

06:37:39.430 [warning] ProposalClient inference failed
.
06:37:39.430 [info] ProposalClient inference attempt

06:37:39.430 [warning] ProposalClient inference failed
.
06:37:39.431 [info] ProposalClient inference attempt

06:37:39.431 [warning] ProposalClient inference failed
.
06:37:39.431 [info] ProposalClient inference attempt
.
06:37:39.431 [warning] ProposalClient inference failed
.
06:37:39.534 [info] ProposalClient inference attempt
.
06:37:39.534 [warning] ProposalClient inference failed

06:37:39.584 [info] ProposalClient inference attempt

06:37:39.636 [info] ProposalClient inference succeeded
..
Finished in 9.7 seconds (1.2s async, 8.5s sync)

Result: 845 passed, 10 excluded
warning: path "apps/fixtures" is a directory but it has no mix.exs. Mix won't consider this directory as part of your umbrella application. Please add a "mix.exs" or set the ":apps" key in your umbrella configuration with all relevant apps names as atoms
* assembling exocomp_node-0.1.0 on MIX_ENV=test
* using config/runtime.exs to configure the release at runtime

Release created at _build/test/rel/exocomp_node

    # To start your system
    _build/test/rel/exocomp_node/bin/exocomp_node start

Once the release is running:

    # To connect to it remotely
    _build/test/rel/exocomp_node/bin/exocomp_node remote

    # To stop it gracefully (you may also send SIGINT/SIGTERM)
    _build/test/rel/exocomp_node/bin/exocomp_node stop

To list all commands:

    _build/test/rel/exocomp_node/bin/exocomp_node

warning: path "apps/fixtures" is a directory but it has no mix.exs. Mix won't consider this directory as part of your umbrella application. Please add a "mix.exs" or set the ":apps" key in your umbrella configuration with all relevant apps names as atoms
* assembling exocomp_coordinator-0.1.0 on MIX_ENV=test
* using config/runtime.exs to configure the release at runtime

Release created at _build/test/rel/exocomp_coordinator

    # To start your system
    _build/test/rel/exocomp_coordinator/bin/exocomp_coordinator start

Once the release is running:

    # To connect to it remotely
    _build/test/rel/exocomp_coordinator/bin/exocomp_coordinator remote

    # To stop it gracefully (you may also send SIGINT/SIGTERM)
    _build/test/rel/exocomp_coordinator/bin/exocomp_coordinator stop

To list all commands:

    _build/test/rel/exocomp_coordinator/bin/exocomp_coordinator

exocomp_node: started with bundled ERTS

06:37:42.066 [notice] Application exocomp_node exited: :stopped
exocomp_coordinator: started with bundled ERTS

06:37:42.431 [notice] Application exocomp_coordinator exited: :stopped
[PASS] test
=== 2026-07-27T06:37:42Z Repository gate: test-release-matrix ===
./scripts/test-release-matrix.sh \
	--arch amd64 \
	

=== Offline structural checks ===
  PASS: test-clean-container.sh exists and is executable
  PASS: test-release-matrix.sh is non-interactive
  PASS: test-clean-container.sh is non-interactive
  PASS: docs/release-qualification.md exists
  PASS: docs/release-qualification.md documents emulated execution
  PASS: docs/release-qualification.md documents wrong-arch diagnostic
  PASS: Makefile has test-release-matrix target

=== Offline fixture: wrong-arch detection ===
  PASS: wrong-arch produces actionable diagnostic

=== Offline fixture: missing runtime dependency detection ===
  PASS: missing dep produces actionable diagnostic

=== Offline fixture: path-independent content digest ===
  PASS: identical trees at different root paths have matching digests
  PASS: one-byte runtime cookie change produces a different tree digest
  PASS: deterministic release packagers exist and are executable
  PASS: packager excludes reusable release cookies

=== Double-build reproducibility: exocomp_node / amd64 ===
Build 1/2 for exocomp_node (amd64)...
Pulling pinned linux/amd64 builder docker.io/hexpm/elixir:1.20.2-erlang-28.5.0.3-debian-bookworm-20260713-slim@sha256:9f522dfe44ec958c4c40a8f8d1bb6912ef11a77a36f7ef6db2878ade9608216d
Trying to pull docker.io/hexpm/elixir@sha256:9f522dfe44ec958c4c40a8f8d1bb6912ef11a77a36f7ef6db2878ade9608216d...
Getting image source signatures
Copying blob sha256:597c6c618d36213af657a6a8444a5d87801f9a219682b206ad21ccb8f3e57bbd
Copying blob sha256:16e57f2155195f94ec12ea1eb79b603096b03a5789286ffe0217d09c8b87e2e5
Copying blob sha256:f95715d6933c19c18e586b251433fca77a03468a6c13cd99108d9a4a8565406d
Copying blob sha256:488e88728a38e428780df163699d1a95002bde9682eed3c51c26d504ec6d4c37
Copying config sha256:ccdc131ebc3d8727e3046e82aaa61af3e4aa3b85dc9879c87c3dff4c6291c10c
Writing manifest to image destination
ccdc131ebc3d8727e3046e82aaa61af3e4aa3b85dc9879c87c3dff4c6291c10c
podman can execute linux/amd64 (x86_64)
Building node and coordinator releases for linux/amd64
* creating .mix-home/archives/hex-2.5.1
Elixir 1.20.2 / OTP 28.5.0.3 / glibc 2.36
warning: path "apps/fixtures" is a directory but it has no mix.exs. Mix won't consider this directory as part of your umbrella application. Please add a "mix.exs" or set the ":apps" key in your umbrella configuration with all relevant apps names as atoms
Resolving Hex dependencies...
Resolution completed in 0.061s
Unchanged:
  bandit 1.12.1
  hpax 1.0.4
  jason 1.4.5
  mime 2.0.7
  nimble_options 1.1.1
  plug 1.20.3
  plug_crypto 2.2.0
  telemetry 1.4.2
  thousand_island 1.5.0
  websock 0.5.3
  x509 0.9.2
Bandit release input already has deterministic Thousand Island key ordering
warning: path "apps/fixtures" is a directory but it has no mix.exs. Mix won't consider this directory as part of your umbrella application. Please add a "mix.exs" or set the ":apps" key in your umbrella configuration with all relevant apps names as atoms
==> mime
Compiling 1 file (.ex)
Generated mime app
warning: "xref: [exclude: ...]" in your mix.exs file is deprecated, instead use: "elixirc_options: [no_warn_undefined: ...]"
  (mix 1.20.2) lib/mix/tasks/compile.elixir.ex:243: Mix.Tasks.Compile.Elixir.xref_exclude_opts/2
  (mix 1.20.2) lib/mix/tasks/compile.elixir.ex:142: Mix.Tasks.Compile.Elixir.run/1
  (mix 1.20.2) lib/mix/task.ex:502: anonymous fn/3 in Mix.Task.run_task/5
  (mix 1.20.2) lib/mix/task.compiler.ex:299: Mix.Task.Compiler.run_compiler/2
  (mix 1.20.2) lib/mix/task.compiler.ex:287: Mix.Task.Compiler.run/4
  (mix 1.20.2) lib/mix/tasks/compile.all.ex:75: Mix.Tasks.Compile.All.do_run/2

==> x509
Compiling 24 files (.ex)
     warning: the variable "size" is accessed inside size(...) of a bitstring but it was defined outside of the match. You must precede it with the pin operator
     │
 371 │     <<i::unsigned-size(size)-unit(8)>> = :crypto.strong_rand_bytes(size)
     │                        ~
     │
     └─ lib/x509/certificate.ex:371:24: X509.Certificate.random_serial/1

Generated x509 app
==> nimble_options
Compiling 3 files (.ex)
Generated nimble_options app
==> jason
Compiling 10 files (.ex)
Generated jason app
==> plug_crypto
Compiling 5 files (.ex)
Generated plug_crypto app
==> hpax
Compiling 4 files (.ex)
Generated hpax app
===> Analyzing applications...
===> Compiling telemetry
==> thousand_island
Compiling 18 files (.ex)
Generated thousand_island app
==> plug
Compiling 1 file (.erl)
Compiling 42 files (.ex)
Generated plug app
==> websock
Compiling 1 file (.ex)
Generated websock app
==> bandit
Compiling 54 files (.ex)
Generated bandit app
==> bench
Compiling 18 files (.ex)
Generated bench app
==> exocomp_core
Compiling 22 files (.ex)
Generated exocomp_core app
==> exocomp_coordinator
Compiling 45 files (.ex)
Generated exocomp_coordinator app
==> exocomp_node
Compiling 53 files (.ex)
Generated exocomp_node app
warning: path "apps/fixtures" is a directory but it has no mix.exs. Mix won't consider this directory as part of your umbrella application. Please add a "mix.exs" or set the ":apps" key in your umbrella configuration with all relevant apps names as atoms
* assembling exocomp_node-0.1.0 on MIX_ENV=prod
* using config/runtime.exs to configure the release at runtime

Release created at _build/release/amd64/rel/exocomp_node

    # To start your system
    _build/release/amd64/rel/exocomp_node/bin/exocomp_node start

Once the release is running:

    # To connect to it remotely
    _build/release/amd64/rel/exocomp_node/bin/exocomp_node remote

    # To stop it gracefully (you may also send SIGINT/SIGTERM)
    _build/release/amd64/rel/exocomp_node/bin/exocomp_node stop

To list all commands:

    _build/release/amd64/rel/exocomp_node/bin/exocomp_node

warning: path "apps/fixtures" is a directory but it has no mix.exs. Mix won't consider this directory as part of your umbrella application. Please add a "mix.exs" or set the ":apps" key in your umbrella configuration with all relevant apps names as atoms
* assembling exocomp_coordinator-0.1.0 on MIX_ENV=prod
* using config/runtime.exs to configure the release at runtime

Release created at _build/release/amd64/rel/exocomp_coordinator

    # To start your system
    _build/release/amd64/rel/exocomp_coordinator/bin/exocomp_coordinator start

Once the release is running:

    # To connect to it remotely
    _build/release/amd64/rel/exocomp_coordinator/bin/exocomp_coordinator remote

    # To stop it gracefully (you may also send SIGINT/SIGTERM)
    _build/release/amd64/rel/exocomp_coordinator/bin/exocomp_coordinator stop

To list all commands:

    _build/release/amd64/rel/exocomp_coordinator/bin/exocomp_coordinator


06:37:59.700 [error] [Node.Application] EXOCOMP_CONFIG_FILE is not set; the listener will not start. Set the environment variable and restart the release.
exocomp_node: started with bundled ERTS

06:37:59.724 [notice] Application exocomp_node exited: :stopped
exocomp_coordinator: started with bundled ERTS

06:38:00.129 [notice] Application exocomp_coordinator exited: :stopped
Built linux/amd64 releases under _build/release/amd64/rel

Inspecting runtime dependencies for linux/amd64 releases
  exocomp_node: _build/release/amd64/rel/exocomp_node
Inspecting ELF dependencies in _build/release/amd64/rel/exocomp_node (amd64)
Baseline: /var/lib/exocomp-qualification/rc11-preflight/release/runtime-baseline.lock


Dependency report: _build/release/amd64/rel/exocomp_node/dep-report.json
PASS: all dynamic dependencies are declared.
  exocomp_coordinator: _build/release/amd64/rel/exocomp_coordinator
Inspecting ELF dependencies in _build/release/amd64/rel/exocomp_coordinator (amd64)
Baseline: /var/lib/exocomp-qualification/rc11-preflight/release/runtime-baseline.lock


Dependency report: _build/release/amd64/rel/exocomp_coordinator/dep-report.json
PASS: all dynamic dependencies are declared.

All runtime dependency checks passed for linux/amd64.

Packaging deterministic, secret-free release archives
/var/lib/exocomp-qualification/rc11-preflight/dist/releases/exocomp-node-0.1.0-linux-amd64.tar.gz  sha256:b25af5b785199d43993e8b6b0345c130c28f12e42f64757678be66c7431d099b
/var/lib/exocomp-qualification/rc11-preflight/dist/releases/exocomp-node-0.1.0-linux-amd64.manifest.json
/var/lib/exocomp-qualification/rc11-preflight/dist/releases/exocomp-coordinator-0.1.0-linux-amd64.tar.gz  sha256:205e8adb49df820a1b59ceed066734995a38c2ec116da20e5b9f463a3c251622
/var/lib/exocomp-qualification/rc11-preflight/dist/releases/exocomp-coordinator-0.1.0-linux-amd64.manifest.json
Packaged linux/amd64 releases under /var/lib/exocomp-qualification/rc11-preflight/dist/releases
Snapshotting build 1...
Build 2/2 for exocomp_node (amd64)...
Pulling pinned linux/amd64 builder docker.io/hexpm/elixir:1.20.2-erlang-28.5.0.3-debian-bookworm-20260713-slim@sha256:9f522dfe44ec958c4c40a8f8d1bb6912ef11a77a36f7ef6db2878ade9608216d
Trying to pull docker.io/hexpm/elixir@sha256:9f522dfe44ec958c4c40a8f8d1bb6912ef11a77a36f7ef6db2878ade9608216d...
Getting image source signatures
Copying blob sha256:16e57f2155195f94ec12ea1eb79b603096b03a5789286ffe0217d09c8b87e2e5
Copying blob sha256:f95715d6933c19c18e586b251433fca77a03468a6c13cd99108d9a4a8565406d
Copying blob sha256:488e88728a38e428780df163699d1a95002bde9682eed3c51c26d504ec6d4c37
Copying blob sha256:597c6c618d36213af657a6a8444a5d87801f9a219682b206ad21ccb8f3e57bbd
Copying config sha256:ccdc131ebc3d8727e3046e82aaa61af3e4aa3b85dc9879c87c3dff4c6291c10c
Writing manifest to image destination
ccdc131ebc3d8727e3046e82aaa61af3e4aa3b85dc9879c87c3dff4c6291c10c
podman can execute linux/amd64 (x86_64)
Building node and coordinator releases for linux/amd64
* creating .mix-home/archives/hex-2.5.1
Elixir 1.20.2 / OTP 28.5.0.3 / glibc 2.36
warning: path "apps/fixtures" is a directory but it has no mix.exs. Mix won't consider this directory as part of your umbrella application. Please add a "mix.exs" or set the ":apps" key in your umbrella configuration with all relevant apps names as atoms
Resolving Hex dependencies...
Resolution completed in 0.054s
Unchanged:
  bandit 1.12.1
  hpax 1.0.4
  jason 1.4.5
  mime 2.0.7
  nimble_options 1.1.1
  plug 1.20.3
  plug_crypto 2.2.0
  telemetry 1.4.2
  thousand_island 1.5.0
  websock 0.5.3
  x509 0.9.2
Bandit release input already has deterministic Thousand Island key ordering
warning: path "apps/fixtures" is a directory but it has no mix.exs. Mix won't consider this directory as part of your umbrella application. Please add a "mix.exs" or set the ":apps" key in your umbrella configuration with all relevant apps names as atoms
==> mime
Compiling 1 file (.ex)
Generated mime app
warning: "xref: [exclude: ...]" in your mix.exs file is deprecated, instead use: "elixirc_options: [no_warn_undefined: ...]"
  (mix 1.20.2) lib/mix/tasks/compile.elixir.ex:243: Mix.Tasks.Compile.Elixir.xref_exclude_opts/2
  (mix 1.20.2) lib/mix/tasks/compile.elixir.ex:142: Mix.Tasks.Compile.Elixir.run/1
  (mix 1.20.2) lib/mix/task.ex:502: anonymous fn/3 in Mix.Task.run_task/5
  (mix 1.20.2) lib/mix/task.compiler.ex:299: Mix.Task.Compiler.run_compiler/2
  (mix 1.20.2) lib/mix/task.compiler.ex:287: Mix.Task.Compiler.run/4
  (mix 1.20.2) lib/mix/tasks/compile.all.ex:75: Mix.Tasks.Compile.All.do_run/2

==> x509
Compiling 24 files (.ex)
     warning: the variable "size" is accessed inside size(...) of a bitstring but it was defined outside of the match. You must precede it with the pin operator
     │
 371 │     <<i::unsigned-size(size)-unit(8)>> = :crypto.strong_rand_bytes(size)
     │                        ~
     │
     └─ lib/x509/certificate.ex:371:24: X509.Certificate.random_serial/1

Generated x509 app
==> nimble_options
Compiling 3 files (.ex)
Generated nimble_options app
==> jason
Compiling 10 files (.ex)
Generated jason app
==> plug_crypto
Compiling 5 files (.ex)
Generated plug_crypto app
==> hpax
Compiling 4 files (.ex)
Generated hpax app
===> Analyzing applications...
===> Compiling telemetry
==> thousand_island
Compiling 18 files (.ex)
Generated thousand_island app
==> plug
Compiling 1 file (.erl)
Compiling 42 files (.ex)
Generated plug app
==> websock
Compiling 1 file (.ex)
Generated websock app
==> bandit
Compiling 54 files (.ex)
Generated bandit app
==> bench
Compiling 18 files (.ex)
Generated bench app
==> exocomp_core
Compiling 22 files (.ex)
Generated exocomp_core app
==> exocomp_coordinator
Compiling 45 files (.ex)
Generated exocomp_coordinator app
==> exocomp_node
Compiling 53 files (.ex)
Generated exocomp_node app
warning: path "apps/fixtures" is a directory but it has no mix.exs. Mix won't consider this directory as part of your umbrella application. Please add a "mix.exs" or set the ":apps" key in your umbrella configuration with all relevant apps names as atoms
* assembling exocomp_node-0.1.0 on MIX_ENV=prod
* using config/runtime.exs to configure the release at runtime

Release created at _build/release/amd64/rel/exocomp_node

    # To start your system
    _build/release/amd64/rel/exocomp_node/bin/exocomp_node start

Once the release is running:

    # To connect to it remotely
    _build/release/amd64/rel/exocomp_node/bin/exocomp_node remote

    # To stop it gracefully (you may also send SIGINT/SIGTERM)
    _build/release/amd64/rel/exocomp_node/bin/exocomp_node stop

To list all commands:

    _build/release/amd64/rel/exocomp_node/bin/exocomp_node

warning: path "apps/fixtures" is a directory but it has no mix.exs. Mix won't consider this directory as part of your umbrella application. Please add a "mix.exs" or set the ":apps" key in your umbrella configuration with all relevant apps names as atoms
* assembling exocomp_coordinator-0.1.0 on MIX_ENV=prod
* using config/runtime.exs to configure the release at runtime

Release created at _build/release/amd64/rel/exocomp_coordinator

    # To start your system
    _build/release/amd64/rel/exocomp_coordinator/bin/exocomp_coordinator start

Once the release is running:

    # To connect to it remotely
    _build/release/amd64/rel/exocomp_coordinator/bin/exocomp_coordinator remote

    # To stop it gracefully (you may also send SIGINT/SIGTERM)
    _build/release/amd64/rel/exocomp_coordinator/bin/exocomp_coordinator stop

To list all commands:

    _build/release/amd64/rel/exocomp_coordinator/bin/exocomp_coordinator


06:38:27.062 [error] [Node.Application] EXOCOMP_CONFIG_FILE is not set; the listener will not start. Set the environment variable and restart the release.
exocomp_node: started with bundled ERTS

06:38:27.090 [notice] Application exocomp_node exited: :stopped
exocomp_coordinator: started with bundled ERTS

06:38:27.430 [notice] Application exocomp_coordinator exited: :stopped
Built linux/amd64 releases under _build/release/amd64/rel

Inspecting runtime dependencies for linux/amd64 releases
  exocomp_node: _build/release/amd64/rel/exocomp_node
Inspecting ELF dependencies in _build/release/amd64/rel/exocomp_node (amd64)
Baseline: /var/lib/exocomp-qualification/rc11-preflight/release/runtime-baseline.lock


Dependency report: _build/release/amd64/rel/exocomp_node/dep-report.json
PASS: all dynamic dependencies are declared.
  exocomp_coordinator: _build/release/amd64/rel/exocomp_coordinator
Inspecting ELF dependencies in _build/release/amd64/rel/exocomp_coordinator (amd64)
Baseline: /var/lib/exocomp-qualification/rc11-preflight/release/runtime-baseline.lock


Dependency report: _build/release/amd64/rel/exocomp_coordinator/dep-report.json
PASS: all dynamic dependencies are declared.

All runtime dependency checks passed for linux/amd64.

Packaging deterministic, secret-free release archives
/var/lib/exocomp-qualification/rc11-preflight/dist/releases/exocomp-node-0.1.0-linux-amd64.tar.gz  sha256:b25af5b785199d43993e8b6b0345c130c28f12e42f64757678be66c7431d099b
/var/lib/exocomp-qualification/rc11-preflight/dist/releases/exocomp-node-0.1.0-linux-amd64.manifest.json
/var/lib/exocomp-qualification/rc11-preflight/dist/releases/exocomp-coordinator-0.1.0-linux-amd64.tar.gz  sha256:205e8adb49df820a1b59ceed066734995a38c2ec116da20e5b9f463a3c251622
/var/lib/exocomp-qualification/rc11-preflight/dist/releases/exocomp-coordinator-0.1.0-linux-amd64.manifest.json
Packaged linux/amd64 releases under /var/lib/exocomp-qualification/rc11-preflight/dist/releases
Snapshotting build 2...
  PASS: packaged archives are byte-identical for exocomp_node / amd64
  PASS: double-build digests match for exocomp_node / amd64: 7ba65898d0e5062244363f728f0e3f00be8fb0ade794ac00d12dcf863a48a473
  PASS: manifest field 'product' present in exocomp_node/amd64: "product": "exocomp_node"
  PASS: manifest field 'version' present in exocomp_node/amd64: "version": "0.1.0"
  PASS: manifest field 'architecture' present in exocomp_node/amd64: "architecture": "amd64"
  PASS: manifest field 'source_commit' present in exocomp_node/amd64: "source_commit": "902bee1a52bf037fdaab50bd0c71ba82fa51a8d6"
  PASS: manifest field 'source_tag' present in exocomp_node/amd64: "source_tag": "v0.1.0-rc.23"
  PASS: manifest field 'builder_digest' present in exocomp_node/amd64: "builder_digest": "sha256:9f522dfe44ec958c4c40a8f8d1bb6912ef11a77a36f7ef6db2878ade9608216d"
  PASS: manifest field 'elixir_version' present in exocomp_node/amd64: "elixir_version": "1.20.2"
  PASS: manifest field 'otp_version' present in exocomp_node/amd64: "otp_version": "28.5.0.3"
  PASS: manifest field 'erts_version' present in exocomp_node/amd64: "erts_version": "16.4.0.3"
  PASS: manifest field 'dependency_lock_sha256' present in exocomp_node/amd64: "dependency_lock_sha256": "1dfe980a408835b5eee0d05dda5dcedf159d9a09bb32495c38ed72dff599c4c7"
  PASS: manifest field 'release_input_normalizer_sha256' present in exocomp_node/amd64: "release_input_normalizer_sha256": "e862594e1d5a424411171ac0cdd5268ad831180b1bf415584cdee8aec6762e55"
  PASS: manifest field 'build_command' present in exocomp_node/amd64: "build_command": "make build-amd64"
  PASS: manifest field 'product' present in exocomp_node/amd64: "product": "exocomp_node"
  PASS: manifest field 'version' present in exocomp_node/amd64: "version": "0.1.0"
  PASS: manifest field 'architecture' present in exocomp_node/amd64: "architecture": "amd64"
  PASS: manifest field 'source_commit' present in exocomp_node/amd64: "source_commit": "902bee1a52bf037fdaab50bd0c71ba82fa51a8d6"
  PASS: manifest field 'source_tag' present in exocomp_node/amd64: "source_tag": "v0.1.0-rc.23"
  PASS: manifest field 'builder_digest' present in exocomp_node/amd64: "builder_digest": "sha256:9f522dfe44ec958c4c40a8f8d1bb6912ef11a77a36f7ef6db2878ade9608216d"
  PASS: manifest field 'elixir_version' present in exocomp_node/amd64: "elixir_version": "1.20.2"
  PASS: manifest field 'otp_version' present in exocomp_node/amd64: "otp_version": "28.5.0.3"
  PASS: manifest field 'erts_version' present in exocomp_node/amd64: "erts_version": "16.4.0.3"
  PASS: manifest field 'dependency_lock_sha256' present in exocomp_node/amd64: "dependency_lock_sha256": "1dfe980a408835b5eee0d05dda5dcedf159d9a09bb32495c38ed72dff599c4c7"
  PASS: manifest field 'release_input_normalizer_sha256' present in exocomp_node/amd64: "release_input_normalizer_sha256": "e862594e1d5a424411171ac0cdd5268ad831180b1bf415584cdee8aec6762e55"
  PASS: manifest field 'build_command' present in exocomp_node/amd64: "build_command": "make build-amd64"

=== Double-build reproducibility: exocomp_coordinator / amd64 ===
Build 1/2 for exocomp_coordinator (amd64)...
Pulling pinned linux/amd64 builder docker.io/hexpm/elixir:1.20.2-erlang-28.5.0.3-debian-bookworm-20260713-slim@sha256:9f522dfe44ec958c4c40a8f8d1bb6912ef11a77a36f7ef6db2878ade9608216d
Trying to pull docker.io/hexpm/elixir@sha256:9f522dfe44ec958c4c40a8f8d1bb6912ef11a77a36f7ef6db2878ade9608216d...
Getting image source signatures
Copying blob sha256:16e57f2155195f94ec12ea1eb79b603096b03a5789286ffe0217d09c8b87e2e5
Copying blob sha256:597c6c618d36213af657a6a8444a5d87801f9a219682b206ad21ccb8f3e57bbd
Copying blob sha256:488e88728a38e428780df163699d1a95002bde9682eed3c51c26d504ec6d4c37
Copying blob sha256:f95715d6933c19c18e586b251433fca77a03468a6c13cd99108d9a4a8565406d
Copying config sha256:ccdc131ebc3d8727e3046e82aaa61af3e4aa3b85dc9879c87c3dff4c6291c10c
Writing manifest to image destination
ccdc131ebc3d8727e3046e82aaa61af3e4aa3b85dc9879c87c3dff4c6291c10c
podman can execute linux/amd64 (x86_64)
Building node and coordinator releases for linux/amd64
* creating .mix-home/archives/hex-2.5.1
Elixir 1.20.2 / OTP 28.5.0.3 / glibc 2.36
warning: path "apps/fixtures" is a directory but it has no mix.exs. Mix won't consider this directory as part of your umbrella application. Please add a "mix.exs" or set the ":apps" key in your umbrella configuration with all relevant apps names as atoms
Resolving Hex dependencies...
Resolution completed in 0.058s
Unchanged:
  bandit 1.12.1
  hpax 1.0.4
  jason 1.4.5
  mime 2.0.7
  nimble_options 1.1.1
  plug 1.20.3
  plug_crypto 2.2.0
  telemetry 1.4.2
  thousand_island 1.5.0
  websock 0.5.3
  x509 0.9.2
Bandit release input already has deterministic Thousand Island key ordering
warning: path "apps/fixtures" is a directory but it has no mix.exs. Mix won't consider this directory as part of your umbrella application. Please add a "mix.exs" or set the ":apps" key in your umbrella configuration with all relevant apps names as atoms
==> mime
Compiling 1 file (.ex)
Generated mime app
warning: "xref: [exclude: ...]" in your mix.exs file is deprecated, instead use: "elixirc_options: [no_warn_undefined: ...]"
  (mix 1.20.2) lib/mix/tasks/compile.elixir.ex:243: Mix.Tasks.Compile.Elixir.xref_exclude_opts/2
  (mix 1.20.2) lib/mix/tasks/compile.elixir.ex:142: Mix.Tasks.Compile.Elixir.run/1
  (mix 1.20.2) lib/mix/task.ex:502: anonymous fn/3 in Mix.Task.run_task/5
  (mix 1.20.2) lib/mix/task.compiler.ex:299: Mix.Task.Compiler.run_compiler/2
  (mix 1.20.2) lib/mix/task.compiler.ex:287: Mix.Task.Compiler.run/4
  (mix 1.20.2) lib/mix/tasks/compile.all.ex:75: Mix.Tasks.Compile.All.do_run/2

==> x509
Compiling 24 files (.ex)
     warning: the variable "size" is accessed inside size(...) of a bitstring but it was defined outside of the match. You must precede it with the pin operator
     │
 371 │     <<i::unsigned-size(size)-unit(8)>> = :crypto.strong_rand_bytes(size)
     │                        ~
     │
     └─ lib/x509/certificate.ex:371:24: X509.Certificate.random_serial/1

Generated x509 app
==> nimble_options
Compiling 3 files (.ex)
Generated nimble_options app
==> jason
Compiling 10 files (.ex)
Generated jason app
==> plug_crypto
Compiling 5 files (.ex)
Generated plug_crypto app
==> hpax
Compiling 4 files (.ex)
Generated hpax app
===> Analyzing applications...
===> Compiling telemetry
==> thousand_island
Compiling 18 files (.ex)
Generated thousand_island app
==> plug
Compiling 1 file (.erl)
Compiling 42 files (.ex)
Generated plug app
==> websock
Compiling 1 file (.ex)
Generated websock app
==> bandit
Compiling 54 files (.ex)
Generated bandit app
==> bench
Compiling 18 files (.ex)
Generated bench app
==> exocomp_core
Compiling 22 files (.ex)
Generated exocomp_core app
==> exocomp_coordinator
Compiling 45 files (.ex)
Generated exocomp_coordinator app
==> exocomp_node
Compiling 53 files (.ex)
Generated exocomp_node app
warning: path "apps/fixtures" is a directory but it has no mix.exs. Mix won't consider this directory as part of your umbrella application. Please add a "mix.exs" or set the ":apps" key in your umbrella configuration with all relevant apps names as atoms
* assembling exocomp_node-0.1.0 on MIX_ENV=prod
* using config/runtime.exs to configure the release at runtime

Release created at _build/release/amd64/rel/exocomp_node

    # To start your system
    _build/release/amd64/rel/exocomp_node/bin/exocomp_node start

Once the release is running:

    # To connect to it remotely
    _build/release/amd64/rel/exocomp_node/bin/exocomp_node remote

    # To stop it gracefully (you may also send SIGINT/SIGTERM)
    _build/release/amd64/rel/exocomp_node/bin/exocomp_node stop

To list all commands:

    _build/release/amd64/rel/exocomp_node/bin/exocomp_node

warning: path "apps/fixtures" is a directory but it has no mix.exs. Mix won't consider this directory as part of your umbrella application. Please add a "mix.exs" or set the ":apps" key in your umbrella configuration with all relevant apps names as atoms
* assembling exocomp_coordinator-0.1.0 on MIX_ENV=prod
* using config/runtime.exs to configure the release at runtime

Release created at _build/release/amd64/rel/exocomp_coordinator

    # To start your system
    _build/release/amd64/rel/exocomp_coordinator/bin/exocomp_coordinator start

Once the release is running:

    # To connect to it remotely
    _build/release/amd64/rel/exocomp_coordinator/bin/exocomp_coordinator remote

    # To stop it gracefully (you may also send SIGINT/SIGTERM)
    _build/release/amd64/rel/exocomp_coordinator/bin/exocomp_coordinator stop

To list all commands:

    _build/release/amd64/rel/exocomp_coordinator/bin/exocomp_coordinator


06:38:55.626 [error] [Node.Application] EXOCOMP_CONFIG_FILE is not set; the listener will not start. Set the environment variable and restart the release.
exocomp_node: started with bundled ERTS

06:38:55.644 [notice] Application exocomp_node exited: :stopped
exocomp_coordinator: started with bundled ERTS

06:38:56.026 [notice] Application exocomp_coordinator exited: :stopped
Built linux/amd64 releases under _build/release/amd64/rel

Inspecting runtime dependencies for linux/amd64 releases
  exocomp_node: _build/release/amd64/rel/exocomp_node
Inspecting ELF dependencies in _build/release/amd64/rel/exocomp_node (amd64)
Baseline: /var/lib/exocomp-qualification/rc11-preflight/release/runtime-baseline.lock


Dependency report: _build/release/amd64/rel/exocomp_node/dep-report.json
PASS: all dynamic dependencies are declared.
  exocomp_coordinator: _build/release/amd64/rel/exocomp_coordinator
Inspecting ELF dependencies in _build/release/amd64/rel/exocomp_coordinator (amd64)
Baseline: /var/lib/exocomp-qualification/rc11-preflight/release/runtime-baseline.lock


Dependency report: _build/release/amd64/rel/exocomp_coordinator/dep-report.json
PASS: all dynamic dependencies are declared.

All runtime dependency checks passed for linux/amd64.

Packaging deterministic, secret-free release archives
/var/lib/exocomp-qualification/rc11-preflight/dist/releases/exocomp-node-0.1.0-linux-amd64.tar.gz  sha256:b25af5b785199d43993e8b6b0345c130c28f12e42f64757678be66c7431d099b
/var/lib/exocomp-qualification/rc11-preflight/dist/releases/exocomp-node-0.1.0-linux-amd64.manifest.json
/var/lib/exocomp-qualification/rc11-preflight/dist/releases/exocomp-coordinator-0.1.0-linux-amd64.tar.gz  sha256:205e8adb49df820a1b59ceed066734995a38c2ec116da20e5b9f463a3c251622
/var/lib/exocomp-qualification/rc11-preflight/dist/releases/exocomp-coordinator-0.1.0-linux-amd64.manifest.json
Packaged linux/amd64 releases under /var/lib/exocomp-qualification/rc11-preflight/dist/releases
Snapshotting build 1...
Build 2/2 for exocomp_coordinator (amd64)...
Pulling pinned linux/amd64 builder docker.io/hexpm/elixir:1.20.2-erlang-28.5.0.3-debian-bookworm-20260713-slim@sha256:9f522dfe44ec958c4c40a8f8d1bb6912ef11a77a36f7ef6db2878ade9608216d
Trying to pull docker.io/hexpm/elixir@sha256:9f522dfe44ec958c4c40a8f8d1bb6912ef11a77a36f7ef6db2878ade9608216d...
Getting image source signatures
Copying blob sha256:16e57f2155195f94ec12ea1eb79b603096b03a5789286ffe0217d09c8b87e2e5
Copying blob sha256:f95715d6933c19c18e586b251433fca77a03468a6c13cd99108d9a4a8565406d
Copying blob sha256:488e88728a38e428780df163699d1a95002bde9682eed3c51c26d504ec6d4c37
Copying blob sha256:597c6c618d36213af657a6a8444a5d87801f9a219682b206ad21ccb8f3e57bbd
Copying config sha256:ccdc131ebc3d8727e3046e82aaa61af3e4aa3b85dc9879c87c3dff4c6291c10c
Writing manifest to image destination
ccdc131ebc3d8727e3046e82aaa61af3e4aa3b85dc9879c87c3dff4c6291c10c
podman can execute linux/amd64 (x86_64)
Building node and coordinator releases for linux/amd64
* creating .mix-home/archives/hex-2.5.1
Elixir 1.20.2 / OTP 28.5.0.3 / glibc 2.36
warning: path "apps/fixtures" is a directory but it has no mix.exs. Mix won't consider this directory as part of your umbrella application. Please add a "mix.exs" or set the ":apps" key in your umbrella configuration with all relevant apps names as atoms
Resolving Hex dependencies...
Resolution completed in 0.038s
Unchanged:
  bandit 1.12.1
  hpax 1.0.4
  jason 1.4.5
  mime 2.0.7
  nimble_options 1.1.1
  plug 1.20.3
  plug_crypto 2.2.0
  telemetry 1.4.2
  thousand_island 1.5.0
  websock 0.5.3
  x509 0.9.2
Bandit release input already has deterministic Thousand Island key ordering
warning: path "apps/fixtures" is a directory but it has no mix.exs. Mix won't consider this directory as part of your umbrella application. Please add a "mix.exs" or set the ":apps" key in your umbrella configuration with all relevant apps names as atoms
==> mime
Compiling 1 file (.ex)
Generated mime app
warning: "xref: [exclude: ...]" in your mix.exs file is deprecated, instead use: "elixirc_options: [no_warn_undefined: ...]"
  (mix 1.20.2) lib/mix/tasks/compile.elixir.ex:243: Mix.Tasks.Compile.Elixir.xref_exclude_opts/2
  (mix 1.20.2) lib/mix/tasks/compile.elixir.ex:142: Mix.Tasks.Compile.Elixir.run/1
  (mix 1.20.2) lib/mix/task.ex:502: anonymous fn/3 in Mix.Task.run_task/5
  (mix 1.20.2) lib/mix/task.compiler.ex:299: Mix.Task.Compiler.run_compiler/2
  (mix 1.20.2) lib/mix/task.compiler.ex:287: Mix.Task.Compiler.run/4
  (mix 1.20.2) lib/mix/tasks/compile.all.ex:75: Mix.Tasks.Compile.All.do_run/2

==> x509
Compiling 24 files (.ex)
     warning: the variable "size" is accessed inside size(...) of a bitstring but it was defined outside of the match. You must precede it with the pin operator
     │
 371 │     <<i::unsigned-size(size)-unit(8)>> = :crypto.strong_rand_bytes(size)
     │                        ~
     │
     └─ lib/x509/certificate.ex:371:24: X509.Certificate.random_serial/1

Generated x509 app
==> nimble_options
Compiling 3 files (.ex)
Generated nimble_options app
==> jason
Compiling 10 files (.ex)
Generated jason app
==> plug_crypto
Compiling 5 files (.ex)
Generated plug_crypto app
==> hpax
Compiling 4 files (.ex)
Generated hpax app
===> Analyzing applications...
===> Compiling telemetry
==> thousand_island
Compiling 18 files (.ex)
Generated thousand_island app
==> plug
Compiling 1 file (.erl)
Compiling 42 files (.ex)
Generated plug app
==> websock
Compiling 1 file (.ex)
Generated websock app
==> bandit
Compiling 54 files (.ex)
Generated bandit app
==> bench
Compiling 18 files (.ex)
Generated bench app
==> exocomp_core
Compiling 22 files (.ex)
Generated exocomp_core app
==> exocomp_coordinator
Compiling 45 files (.ex)
Generated exocomp_coordinator app
==> exocomp_node
Compiling 53 files (.ex)
Generated exocomp_node app
warning: path "apps/fixtures" is a directory but it has no mix.exs. Mix won't consider this directory as part of your umbrella application. Please add a "mix.exs" or set the ":apps" key in your umbrella configuration with all relevant apps names as atoms
* assembling exocomp_node-0.1.0 on MIX_ENV=prod
* using config/runtime.exs to configure the release at runtime

Release created at _build/release/amd64/rel/exocomp_node

    # To start your system
    _build/release/amd64/rel/exocomp_node/bin/exocomp_node start

Once the release is running:

    # To connect to it remotely
    _build/release/amd64/rel/exocomp_node/bin/exocomp_node remote

    # To stop it gracefully (you may also send SIGINT/SIGTERM)
    _build/release/amd64/rel/exocomp_node/bin/exocomp_node stop

To list all commands:

    _build/release/amd64/rel/exocomp_node/bin/exocomp_node

warning: path "apps/fixtures" is a directory but it has no mix.exs. Mix won't consider this directory as part of your umbrella application. Please add a "mix.exs" or set the ":apps" key in your umbrella configuration with all relevant apps names as atoms
* assembling exocomp_coordinator-0.1.0 on MIX_ENV=prod
* using config/runtime.exs to configure the release at runtime

Release created at _build/release/amd64/rel/exocomp_coordinator

    # To start your system
    _build/release/amd64/rel/exocomp_coordinator/bin/exocomp_coordinator start

Once the release is running:

    # To connect to it remotely
    _build/release/amd64/rel/exocomp_coordinator/bin/exocomp_coordinator remote

    # To stop it gracefully (you may also send SIGINT/SIGTERM)
    _build/release/amd64/rel/exocomp_coordinator/bin/exocomp_coordinator stop

To list all commands:

    _build/release/amd64/rel/exocomp_coordinator/bin/exocomp_coordinator


06:39:23.592 [error] [Node.Application] EXOCOMP_CONFIG_FILE is not set; the listener will not start. Set the environment variable and restart the release.
exocomp_node: started with bundled ERTS

06:39:23.611 [notice] Application exocomp_node exited: :stopped
exocomp_coordinator: started with bundled ERTS

06:39:24.036 [notice] Application exocomp_coordinator exited: :stopped
Built linux/amd64 releases under _build/release/amd64/rel

Inspecting runtime dependencies for linux/amd64 releases
  exocomp_node: _build/release/amd64/rel/exocomp_node
Inspecting ELF dependencies in _build/release/amd64/rel/exocomp_node (amd64)
Baseline: /var/lib/exocomp-qualification/rc11-preflight/release/runtime-baseline.lock


Dependency report: _build/release/amd64/rel/exocomp_node/dep-report.json
PASS: all dynamic dependencies are declared.
  exocomp_coordinator: _build/release/amd64/rel/exocomp_coordinator
Inspecting ELF dependencies in _build/release/amd64/rel/exocomp_coordinator (amd64)
Baseline: /var/lib/exocomp-qualification/rc11-preflight/release/runtime-baseline.lock


Dependency report: _build/release/amd64/rel/exocomp_coordinator/dep-report.json
PASS: all dynamic dependencies are declared.

All runtime dependency checks passed for linux/amd64.

Packaging deterministic, secret-free release archives
/var/lib/exocomp-qualification/rc11-preflight/dist/releases/exocomp-node-0.1.0-linux-amd64.tar.gz  sha256:b25af5b785199d43993e8b6b0345c130c28f12e42f64757678be66c7431d099b
/var/lib/exocomp-qualification/rc11-preflight/dist/releases/exocomp-node-0.1.0-linux-amd64.manifest.json
/var/lib/exocomp-qualification/rc11-preflight/dist/releases/exocomp-coordinator-0.1.0-linux-amd64.tar.gz  sha256:205e8adb49df820a1b59ceed066734995a38c2ec116da20e5b9f463a3c251622
/var/lib/exocomp-qualification/rc11-preflight/dist/releases/exocomp-coordinator-0.1.0-linux-amd64.manifest.json
Packaged linux/amd64 releases under /var/lib/exocomp-qualification/rc11-preflight/dist/releases
Snapshotting build 2...
  PASS: packaged archives are byte-identical for exocomp_coordinator / amd64
  PASS: double-build digests match for exocomp_coordinator / amd64: 8e5092d91e92f3f86d30b14a310beec146ab70c5b51ba42718c97c6d24866334
  PASS: manifest field 'product' present in exocomp_coordinator/amd64: "product": "exocomp_coordinator"
  PASS: manifest field 'version' present in exocomp_coordinator/amd64: "version": "0.1.0"
  PASS: manifest field 'architecture' present in exocomp_coordinator/amd64: "architecture": "amd64"
  PASS: manifest field 'source_commit' present in exocomp_coordinator/amd64: "source_commit": "902bee1a52bf037fdaab50bd0c71ba82fa51a8d6"
  PASS: manifest field 'source_tag' present in exocomp_coordinator/amd64: "source_tag": "v0.1.0-rc.23"
  PASS: manifest field 'builder_digest' present in exocomp_coordinator/amd64: "builder_digest": "sha256:9f522dfe44ec958c4c40a8f8d1bb6912ef11a77a36f7ef6db2878ade9608216d"
  PASS: manifest field 'elixir_version' present in exocomp_coordinator/amd64: "elixir_version": "1.20.2"
  PASS: manifest field 'otp_version' present in exocomp_coordinator/amd64: "otp_version": "28.5.0.3"
  PASS: manifest field 'erts_version' present in exocomp_coordinator/amd64: "erts_version": "16.4.0.3"
  PASS: manifest field 'dependency_lock_sha256' present in exocomp_coordinator/amd64: "dependency_lock_sha256": "1dfe980a408835b5eee0d05dda5dcedf159d9a09bb32495c38ed72dff599c4c7"
  PASS: manifest field 'release_input_normalizer_sha256' present in exocomp_coordinator/amd64: "release_input_normalizer_sha256": "e862594e1d5a424411171ac0cdd5268ad831180b1bf415584cdee8aec6762e55"
  PASS: manifest field 'build_command' present in exocomp_coordinator/amd64: "build_command": "make build-amd64"
  PASS: manifest field 'product' present in exocomp_coordinator/amd64: "product": "exocomp_coordinator"
  PASS: manifest field 'version' present in exocomp_coordinator/amd64: "version": "0.1.0"
  PASS: manifest field 'architecture' present in exocomp_coordinator/amd64: "architecture": "amd64"
  PASS: manifest field 'source_commit' present in exocomp_coordinator/amd64: "source_commit": "902bee1a52bf037fdaab50bd0c71ba82fa51a8d6"
  PASS: manifest field 'source_tag' present in exocomp_coordinator/amd64: "source_tag": "v0.1.0-rc.23"
  PASS: manifest field 'builder_digest' present in exocomp_coordinator/amd64: "builder_digest": "sha256:9f522dfe44ec958c4c40a8f8d1bb6912ef11a77a36f7ef6db2878ade9608216d"
  PASS: manifest field 'elixir_version' present in exocomp_coordinator/amd64: "elixir_version": "1.20.2"
  PASS: manifest field 'otp_version' present in exocomp_coordinator/amd64: "otp_version": "28.5.0.3"
  PASS: manifest field 'erts_version' present in exocomp_coordinator/amd64: "erts_version": "16.4.0.3"
  PASS: manifest field 'dependency_lock_sha256' present in exocomp_coordinator/amd64: "dependency_lock_sha256": "1dfe980a408835b5eee0d05dda5dcedf159d9a09bb32495c38ed72dff599c4c7"
  PASS: manifest field 'release_input_normalizer_sha256' present in exocomp_coordinator/amd64: "release_input_normalizer_sha256": "e862594e1d5a424411171ac0cdd5268ad831180b1bf415584cdee8aec6762e55"
  PASS: manifest field 'build_command' present in exocomp_coordinator/amd64: "build_command": "make build-amd64"

=== Clean-container startup: exocomp_node / amd64 ===
Testing clean-container startup: exocomp_node / amd64
  Release : /var/lib/exocomp-qualification/rc11-preflight/_build/release/amd64/rel/exocomp_node
  ERTS    : erts-16.4.0.3
  Image   : docker.io/library/debian:bookworm-slim@sha256:63a496b5d3b99214b39f5ed70eb71a61e590a77979c79cbee4faf991f8c0783e
Trying to pull docker.io/library/debian@sha256:63a496b5d3b99214b39f5ed70eb71a61e590a77979c79cbee4faf991f8c0783e...
Getting image source signatures
Copying blob sha256:597c6c618d36213af657a6a8444a5d87801f9a219682b206ad21ccb8f3e57bbd
Copying config sha256:cae69e86e0b024efa293e7ae0c5760d765422473437056e03d7d941fdf24dd8e
Writing manifest to image destination
cae69e86e0b024efa293e7ae0c5760d765422473437056e03d7d941fdf24dd8e
Trying to pull docker.io/hexpm/elixir@sha256:9f522dfe44ec958c4c40a8f8d1bb6912ef11a77a36f7ef6db2878ade9608216d...
Getting image source signatures
Copying blob sha256:16e57f2155195f94ec12ea1eb79b603096b03a5789286ffe0217d09c8b87e2e5
Copying blob sha256:597c6c618d36213af657a6a8444a5d87801f9a219682b206ad21ccb8f3e57bbd
Copying blob sha256:f95715d6933c19c18e586b251433fca77a03468a6c13cd99108d9a4a8565406d
Copying blob sha256:488e88728a38e428780df163699d1a95002bde9682eed3c51c26d504ec6d4c37
Copying config sha256:ccdc131ebc3d8727e3046e82aaa61af3e4aa3b85dc9879c87c3dff4c6291c10c
Writing manifest to image destination
ccdc131ebc3d8727e3046e82aaa61af3e4aa3b85dc9879c87c3dff4c6291c10c
[1/2] STEP 1/1: FROM docker.io/hexpm/elixir:1.20.2-erlang-28.5.0.3-debian-bookworm-20260713-slim@sha256:9f522dfe44ec958c4c40a8f8d1bb6912ef11a77a36f7ef6db2878ade9608216d AS builder
--> ccdc131ebc3d
[2/2] STEP 1/3: FROM docker.io/library/debian:bookworm-slim@sha256:63a496b5d3b99214b39f5ed70eb71a61e590a77979c79cbee4faf991f8c0783e
[2/2] STEP 2/3: ARG LIB_ARCH
--> Using cache fa68cd0c6b62ed2e2de4758e68938d70c6752e4aeb2d06df363f6255b02e8670
--> fa68cd0c6b62
[2/2] STEP 3/3: COPY --from=builder /usr/lib/${LIB_ARCH}/libcrypto.so.3 /usr/lib/${LIB_ARCH}/libcrypto.so.3
--> Using cache be50bbbbfc272ffb0fd932d87d432e4b9a7643b0373907197f3cd86af4af2d94
[2/2] COMMIT localhost/exocomp-clean-target:amd64
--> be50bbbbfc27
Successfully tagged localhost/exocomp-clean-target:amd64
be50bbbbfc272ffb0fd932d87d432e4b9a7643b0373907197f3cd86af4af2d94
ERTS source: bundled (no system erl on PATH — correct)
warning: the VM is running with native name encoding of latin1 which may cause Elixir to malfunction as it expects utf8. Please ensure your locale is set to UTF-8 (which can be verified by running "locale" in your shell) or set the ELIXIR_ERL_OPTIONS="+fnu" environment variable

06:39:41.571 [error] [Node.Application] EXOCOMP_CONFIG_FILE is not set; the listener will not start. Set the environment variable and restart the release.
Release started with bundled ERTS

06:39:41.591 [notice] Application exocomp_node exited: :stopped
PASS: exocomp_node / amd64 started in clean container using bundled ERTS
  PASS: clean-container startup passed for exocomp_node / amd64

=== Clean-container startup: exocomp_coordinator / amd64 ===
Testing clean-container startup: exocomp_coordinator / amd64
  Release : /var/lib/exocomp-qualification/rc11-preflight/_build/release/amd64/rel/exocomp_coordinator
  ERTS    : erts-16.4.0.3
  Image   : docker.io/library/debian:bookworm-slim@sha256:63a496b5d3b99214b39f5ed70eb71a61e590a77979c79cbee4faf991f8c0783e
Trying to pull docker.io/library/debian@sha256:63a496b5d3b99214b39f5ed70eb71a61e590a77979c79cbee4faf991f8c0783e...
Getting image source signatures
Copying blob sha256:597c6c618d36213af657a6a8444a5d87801f9a219682b206ad21ccb8f3e57bbd
Copying config sha256:cae69e86e0b024efa293e7ae0c5760d765422473437056e03d7d941fdf24dd8e
Writing manifest to image destination
cae69e86e0b024efa293e7ae0c5760d765422473437056e03d7d941fdf24dd8e
Trying to pull docker.io/hexpm/elixir@sha256:9f522dfe44ec958c4c40a8f8d1bb6912ef11a77a36f7ef6db2878ade9608216d...
Getting image source signatures
Copying blob sha256:16e57f2155195f94ec12ea1eb79b603096b03a5789286ffe0217d09c8b87e2e5
Copying blob sha256:597c6c618d36213af657a6a8444a5d87801f9a219682b206ad21ccb8f3e57bbd
Copying blob sha256:f95715d6933c19c18e586b251433fca77a03468a6c13cd99108d9a4a8565406d
Copying blob sha256:488e88728a38e428780df163699d1a95002bde9682eed3c51c26d504ec6d4c37
Copying config sha256:ccdc131ebc3d8727e3046e82aaa61af3e4aa3b85dc9879c87c3dff4c6291c10c
Writing manifest to image destination
ccdc131ebc3d8727e3046e82aaa61af3e4aa3b85dc9879c87c3dff4c6291c10c
[1/2] STEP 1/1: FROM docker.io/hexpm/elixir:1.20.2-erlang-28.5.0.3-debian-bookworm-20260713-slim@sha256:9f522dfe44ec958c4c40a8f8d1bb6912ef11a77a36f7ef6db2878ade9608216d AS builder
--> ccdc131ebc3d
[2/2] STEP 1/3: FROM docker.io/library/debian:bookworm-slim@sha256:63a496b5d3b99214b39f5ed70eb71a61e590a77979c79cbee4faf991f8c0783e
[2/2] STEP 2/3: ARG LIB_ARCH
--> Using cache fa68cd0c6b62ed2e2de4758e68938d70c6752e4aeb2d06df363f6255b02e8670
--> fa68cd0c6b62
[2/2] STEP 3/3: COPY --from=builder /usr/lib/${LIB_ARCH}/libcrypto.so.3 /usr/lib/${LIB_ARCH}/libcrypto.so.3
--> Using cache be50bbbbfc272ffb0fd932d87d432e4b9a7643b0373907197f3cd86af4af2d94
[2/2] COMMIT localhost/exocomp-clean-target:amd64
--> be50bbbbfc27
Successfully tagged localhost/exocomp-clean-target:amd64
be50bbbbfc272ffb0fd932d87d432e4b9a7643b0373907197f3cd86af4af2d94
ERTS source: bundled (no system erl on PATH — correct)
warning: the VM is running with native name encoding of latin1 which may cause Elixir to malfunction as it expects utf8. Please ensure your locale is set to UTF-8 (which can be verified by running "locale" in your shell) or set the ELIXIR_ERL_OPTIONS="+fnu" environment variable
Release started with bundled ERTS

06:39:48.447 [notice] Application exocomp_coordinator exited: :stopped
PASS: exocomp_coordinator / amd64 started in clean container using bundled ERTS
  PASS: clean-container startup passed for exocomp_coordinator / amd64

=== Wrong-arch negative test (live) ===
  PASS: wrong-arch produces actionable diagnostic

=== Missing runtime dependency negative test (live) ===
  PASS: missing host dependency produces actionable diagnostic

==========================================
Results: 69 passed, 0 failed
==========================================
[PASS] test-release-matrix
=== 2026-07-27T06:39:52Z Repository gate: test-m5-qualification ===
python3 -m unittest discover -s tests -p 'test_m5_qualification.py' -v
test_checked_in_baselines_pin_identity_and_both_hard_gates (test_m5_qualification.M5QualificationWorkflowTest.test_checked_in_baselines_pin_identity_and_both_hard_gates) ... ok
test_workflow_actions_are_commit_pinned (test_m5_qualification.M5QualificationWorkflowTest.test_workflow_actions_are_commit_pinned) ... ok
test_workflow_runs_the_real_short_gate_for_an_exact_candidate (test_m5_qualification.M5QualificationWorkflowTest.test_workflow_runs_the_real_short_gate_for_an_exact_candidate) ... ok

----------------------------------------------------------------------
Ran 3 tests in 0.010s

OK
podman run --rm --init --user "$(id -u):$(id -g)" --platform linux/amd64 --pull always --env ELIXIR_VERSION=1.20.2 --env OTP_VERSION=28.5.0.3 --env GLIBC_BASELINE=2.36 --env MIX_HOME=/workspace/.mix-home --env HEX_HOME=/workspace/.hex-home --volume "/var/lib/exocomp-qualification/rc11-preflight:/workspace" --workdir /workspace docker.io/hexpm/elixir:1.20.2-erlang-28.5.0.3-debian-bookworm-20260713-slim@sha256:9f522dfe44ec958c4c40a8f8d1bb6912ef11a77a36f7ef6db2878ade9608216d sh -c 'mix local.hex --force --quiet && MIX_ENV=test mix deps.get && \
	MIX_ENV=test mix do --app bench cmd mix test \
	test/bench/artifact_identity_test.exs \
	test/bench/baseline_test.exs \
	test/bench/qualification/config_test.exs \
	test/bench/qualification_test.exs \
	test/bench/report/summary_test.exs'
Trying to pull docker.io/hexpm/elixir@sha256:9f522dfe44ec958c4c40a8f8d1bb6912ef11a77a36f7ef6db2878ade9608216d...
Getting image source signatures
Copying blob sha256:16e57f2155195f94ec12ea1eb79b603096b03a5789286ffe0217d09c8b87e2e5
Copying blob sha256:488e88728a38e428780df163699d1a95002bde9682eed3c51c26d504ec6d4c37
Copying blob sha256:f95715d6933c19c18e586b251433fca77a03468a6c13cd99108d9a4a8565406d
Copying blob sha256:597c6c618d36213af657a6a8444a5d87801f9a219682b206ad21ccb8f3e57bbd
Copying config sha256:ccdc131ebc3d8727e3046e82aaa61af3e4aa3b85dc9879c87c3dff4c6291c10c
Writing manifest to image destination
* creating .mix-home/archives/hex-2.5.1
warning: path "apps/fixtures" is a directory but it has no mix.exs. Mix won't consider this directory as part of your umbrella application. Please add a "mix.exs" or set the ":apps" key in your umbrella configuration with all relevant apps names as atoms
Resolving Hex dependencies...
Resolution completed in 0.074s
Unchanged:
  bandit 1.12.1
  hpax 1.0.4
  jason 1.4.5
  mime 2.0.7
  nimble_options 1.1.1
  plug 1.20.3
  plug_crypto 2.2.0
  telemetry 1.4.2
  thousand_island 1.5.0
  websock 0.5.3
  x509 0.9.2
warning: path "apps/fixtures" is a directory but it has no mix.exs. Mix won't consider this directory as part of your umbrella application. Please add a "mix.exs" or set the ":apps" key in your umbrella configuration with all relevant apps names as atoms
==> bench
Running ExUnit with seed: 236084, max_cases: 16

..................................
Finished in 1.5 seconds (0.2s async, 1.3s sync)

Result: 34 passed
[PASS] test-m5-qualification
=== 2026-07-27T06:40:01Z Phase 1: Build 1/2 ===
./scripts/build-releases.sh amd64
Pulling pinned linux/amd64 builder docker.io/hexpm/elixir:1.20.2-erlang-28.5.0.3-debian-bookworm-20260713-slim@sha256:9f522dfe44ec958c4c40a8f8d1bb6912ef11a77a36f7ef6db2878ade9608216d
Trying to pull docker.io/hexpm/elixir@sha256:9f522dfe44ec958c4c40a8f8d1bb6912ef11a77a36f7ef6db2878ade9608216d...
Getting image source signatures
Copying blob sha256:16e57f2155195f94ec12ea1eb79b603096b03a5789286ffe0217d09c8b87e2e5
Copying blob sha256:597c6c618d36213af657a6a8444a5d87801f9a219682b206ad21ccb8f3e57bbd
Copying blob sha256:488e88728a38e428780df163699d1a95002bde9682eed3c51c26d504ec6d4c37
Copying blob sha256:f95715d6933c19c18e586b251433fca77a03468a6c13cd99108d9a4a8565406d
Copying config sha256:ccdc131ebc3d8727e3046e82aaa61af3e4aa3b85dc9879c87c3dff4c6291c10c
Writing manifest to image destination
ccdc131ebc3d8727e3046e82aaa61af3e4aa3b85dc9879c87c3dff4c6291c10c
podman can execute linux/amd64 (x86_64)
Building node and coordinator releases for linux/amd64
* creating .mix-home/archives/hex-2.5.1
Elixir 1.20.2 / OTP 28.5.0.3 / glibc 2.36
warning: path "apps/fixtures" is a directory but it has no mix.exs. Mix won't consider this directory as part of your umbrella application. Please add a "mix.exs" or set the ":apps" key in your umbrella configuration with all relevant apps names as atoms
Resolving Hex dependencies...
Resolution completed in 0.071s
Unchanged:
  bandit 1.12.1
  hpax 1.0.4
  jason 1.4.5
  mime 2.0.7
  nimble_options 1.1.1
  plug 1.20.3
  plug_crypto 2.2.0
  telemetry 1.4.2
  thousand_island 1.5.0
  websock 0.5.3
  x509 0.9.2
Bandit release input already has deterministic Thousand Island key ordering
warning: path "apps/fixtures" is a directory but it has no mix.exs. Mix won't consider this directory as part of your umbrella application. Please add a "mix.exs" or set the ":apps" key in your umbrella configuration with all relevant apps names as atoms
==> mime
Compiling 1 file (.ex)
Generated mime app
warning: "xref: [exclude: ...]" in your mix.exs file is deprecated, instead use: "elixirc_options: [no_warn_undefined: ...]"
  (mix 1.20.2) lib/mix/tasks/compile.elixir.ex:243: Mix.Tasks.Compile.Elixir.xref_exclude_opts/2
  (mix 1.20.2) lib/mix/tasks/compile.elixir.ex:142: Mix.Tasks.Compile.Elixir.run/1
  (mix 1.20.2) lib/mix/task.ex:502: anonymous fn/3 in Mix.Task.run_task/5
  (mix 1.20.2) lib/mix/task.compiler.ex:299: Mix.Task.Compiler.run_compiler/2
  (mix 1.20.2) lib/mix/task.compiler.ex:287: Mix.Task.Compiler.run/4
  (mix 1.20.2) lib/mix/tasks/compile.all.ex:75: Mix.Tasks.Compile.All.do_run/2

==> x509
Compiling 24 files (.ex)
     warning: the variable "size" is accessed inside size(...) of a bitstring but it was defined outside of the match. You must precede it with the pin operator
     │
 371 │     <<i::unsigned-size(size)-unit(8)>> = :crypto.strong_rand_bytes(size)
     │                        ~
     │
     └─ lib/x509/certificate.ex:371:24: X509.Certificate.random_serial/1

Generated x509 app
==> nimble_options
Compiling 3 files (.ex)
Generated nimble_options app
==> jason
Compiling 10 files (.ex)
Generated jason app
==> plug_crypto
Compiling 5 files (.ex)
Generated plug_crypto app
==> hpax
Compiling 4 files (.ex)
Generated hpax app
===> Analyzing applications...
===> Compiling telemetry
==> thousand_island
Compiling 18 files (.ex)
Generated thousand_island app
==> plug
Compiling 1 file (.erl)
Compiling 42 files (.ex)
Generated plug app
==> websock
Compiling 1 file (.ex)
Generated websock app
==> bandit
Compiling 54 files (.ex)
Generated bandit app
==> bench
Compiling 18 files (.ex)
Generated bench app
==> exocomp_core
Compiling 22 files (.ex)
Generated exocomp_core app
==> exocomp_coordinator
Compiling 45 files (.ex)
Generated exocomp_coordinator app
==> exocomp_node
Compiling 53 files (.ex)
Generated exocomp_node app
warning: path "apps/fixtures" is a directory but it has no mix.exs. Mix won't consider this directory as part of your umbrella application. Please add a "mix.exs" or set the ":apps" key in your umbrella configuration with all relevant apps names as atoms
* assembling exocomp_node-0.1.0 on MIX_ENV=prod
* using config/runtime.exs to configure the release at runtime

Release created at _build/release/amd64/rel/exocomp_node

    # To start your system
    _build/release/amd64/rel/exocomp_node/bin/exocomp_node start

Once the release is running:

    # To connect to it remotely
    _build/release/amd64/rel/exocomp_node/bin/exocomp_node remote

    # To stop it gracefully (you may also send SIGINT/SIGTERM)
    _build/release/amd64/rel/exocomp_node/bin/exocomp_node stop

To list all commands:

    _build/release/amd64/rel/exocomp_node/bin/exocomp_node

warning: path "apps/fixtures" is a directory but it has no mix.exs. Mix won't consider this directory as part of your umbrella application. Please add a "mix.exs" or set the ":apps" key in your umbrella configuration with all relevant apps names as atoms
* assembling exocomp_coordinator-0.1.0 on MIX_ENV=prod
* using config/runtime.exs to configure the release at runtime

Release created at _build/release/amd64/rel/exocomp_coordinator

    # To start your system
    _build/release/amd64/rel/exocomp_coordinator/bin/exocomp_coordinator start

Once the release is running:

    # To connect to it remotely
    _build/release/amd64/rel/exocomp_coordinator/bin/exocomp_coordinator remote

    # To stop it gracefully (you may also send SIGINT/SIGTERM)
    _build/release/amd64/rel/exocomp_coordinator/bin/exocomp_coordinator stop

To list all commands:

    _build/release/amd64/rel/exocomp_coordinator/bin/exocomp_coordinator


06:40:18.079 [error] [Node.Application] EXOCOMP_CONFIG_FILE is not set; the listener will not start. Set the environment variable and restart the release.
exocomp_node: started with bundled ERTS

06:40:18.098 [notice] Application exocomp_node exited: :stopped
exocomp_coordinator: started with bundled ERTS

06:40:18.463 [notice] Application exocomp_coordinator exited: :stopped
Built linux/amd64 releases under _build/release/amd64/rel

Inspecting runtime dependencies for linux/amd64 releases
  exocomp_node: _build/release/amd64/rel/exocomp_node
Inspecting ELF dependencies in _build/release/amd64/rel/exocomp_node (amd64)
Baseline: /var/lib/exocomp-qualification/rc11-preflight/release/runtime-baseline.lock


Dependency report: _build/release/amd64/rel/exocomp_node/dep-report.json
PASS: all dynamic dependencies are declared.
  exocomp_coordinator: _build/release/amd64/rel/exocomp_coordinator
Inspecting ELF dependencies in _build/release/amd64/rel/exocomp_coordinator (amd64)
Baseline: /var/lib/exocomp-qualification/rc11-preflight/release/runtime-baseline.lock


Dependency report: _build/release/amd64/rel/exocomp_coordinator/dep-report.json
PASS: all dynamic dependencies are declared.

All runtime dependency checks passed for linux/amd64.

Packaging deterministic, secret-free release archives
/var/lib/exocomp-qualification/rc23/artifacts-build1/exocomp-node-0.1.0-rc.23-linux-amd64.tar.gz  sha256:fb3b24414ab24d44690e82819783d7ff3a4144424597534830afa66c236a09e8
/var/lib/exocomp-qualification/rc23/artifacts-build1/exocomp-node-0.1.0-rc.23-linux-amd64.manifest.json
/var/lib/exocomp-qualification/rc23/artifacts-build1/exocomp-coordinator-0.1.0-rc.23-linux-amd64.tar.gz  sha256:d9dc440a231cb764e5a733e7fff1783434185a548dc13254364b20fcb9f114db
/var/lib/exocomp-qualification/rc23/artifacts-build1/exocomp-coordinator-0.1.0-rc.23-linux-amd64.manifest.json
Packaged linux/amd64 releases under /var/lib/exocomp-qualification/rc23/artifacts-build1
d9dc440a231cb764e5a733e7fff1783434185a548dc13254364b20fcb9f114db  /var/lib/exocomp-qualification/rc23/artifacts-build1/exocomp-coordinator-0.1.0-rc.23-linux-amd64.tar.gz
fb3b24414ab24d44690e82819783d7ff3a4144424597534830afa66c236a09e8  /var/lib/exocomp-qualification/rc23/artifacts-build1/exocomp-node-0.1.0-rc.23-linux-amd64.tar.gz
[PASS] Build 1 complete
=== 2026-07-27T06:40:28Z Phase 2: Build 2/2 ===
./scripts/build-releases.sh amd64
Pulling pinned linux/amd64 builder docker.io/hexpm/elixir:1.20.2-erlang-28.5.0.3-debian-bookworm-20260713-slim@sha256:9f522dfe44ec958c4c40a8f8d1bb6912ef11a77a36f7ef6db2878ade9608216d
Trying to pull docker.io/hexpm/elixir@sha256:9f522dfe44ec958c4c40a8f8d1bb6912ef11a77a36f7ef6db2878ade9608216d...
Getting image source signatures
Copying blob sha256:16e57f2155195f94ec12ea1eb79b603096b03a5789286ffe0217d09c8b87e2e5
Copying blob sha256:597c6c618d36213af657a6a8444a5d87801f9a219682b206ad21ccb8f3e57bbd
Copying blob sha256:488e88728a38e428780df163699d1a95002bde9682eed3c51c26d504ec6d4c37
Copying blob sha256:f95715d6933c19c18e586b251433fca77a03468a6c13cd99108d9a4a8565406d
Copying config sha256:ccdc131ebc3d8727e3046e82aaa61af3e4aa3b85dc9879c87c3dff4c6291c10c
Writing manifest to image destination
ccdc131ebc3d8727e3046e82aaa61af3e4aa3b85dc9879c87c3dff4c6291c10c
podman can execute linux/amd64 (x86_64)
Building node and coordinator releases for linux/amd64
* creating .mix-home/archives/hex-2.5.1
Elixir 1.20.2 / OTP 28.5.0.3 / glibc 2.36
warning: path "apps/fixtures" is a directory but it has no mix.exs. Mix won't consider this directory as part of your umbrella application. Please add a "mix.exs" or set the ":apps" key in your umbrella configuration with all relevant apps names as atoms
Resolving Hex dependencies...
Resolution completed in 0.063s
Unchanged:
  bandit 1.12.1
  hpax 1.0.4
  jason 1.4.5
  mime 2.0.7
  nimble_options 1.1.1
  plug 1.20.3
  plug_crypto 2.2.0
  telemetry 1.4.2
  thousand_island 1.5.0
  websock 0.5.3
  x509 0.9.2
Bandit release input already has deterministic Thousand Island key ordering
warning: path "apps/fixtures" is a directory but it has no mix.exs. Mix won't consider this directory as part of your umbrella application. Please add a "mix.exs" or set the ":apps" key in your umbrella configuration with all relevant apps names as atoms
==> mime
Compiling 1 file (.ex)
Generated mime app
warning: "xref: [exclude: ...]" in your mix.exs file is deprecated, instead use: "elixirc_options: [no_warn_undefined: ...]"
  (mix 1.20.2) lib/mix/tasks/compile.elixir.ex:243: Mix.Tasks.Compile.Elixir.xref_exclude_opts/2
  (mix 1.20.2) lib/mix/tasks/compile.elixir.ex:142: Mix.Tasks.Compile.Elixir.run/1
  (mix 1.20.2) lib/mix/task.ex:502: anonymous fn/3 in Mix.Task.run_task/5
  (mix 1.20.2) lib/mix/task.compiler.ex:299: Mix.Task.Compiler.run_compiler/2
  (mix 1.20.2) lib/mix/task.compiler.ex:287: Mix.Task.Compiler.run/4
  (mix 1.20.2) lib/mix/tasks/compile.all.ex:75: Mix.Tasks.Compile.All.do_run/2

==> x509
Compiling 24 files (.ex)
     warning: the variable "size" is accessed inside size(...) of a bitstring but it was defined outside of the match. You must precede it with the pin operator
     │
 371 │     <<i::unsigned-size(size)-unit(8)>> = :crypto.strong_rand_bytes(size)
     │                        ~
     │
     └─ lib/x509/certificate.ex:371:24: X509.Certificate.random_serial/1

Generated x509 app
==> nimble_options
Compiling 3 files (.ex)
Generated nimble_options app
==> jason
Compiling 10 files (.ex)
Generated jason app
==> plug_crypto
Compiling 5 files (.ex)
Generated plug_crypto app
==> hpax
Compiling 4 files (.ex)
Generated hpax app
===> Analyzing applications...
===> Compiling telemetry
==> thousand_island
Compiling 18 files (.ex)
Generated thousand_island app
==> plug
Compiling 1 file (.erl)
Compiling 42 files (.ex)
Generated plug app
==> websock
Compiling 1 file (.ex)
Generated websock app
==> bandit
Compiling 54 files (.ex)
Generated bandit app
==> bench
Compiling 18 files (.ex)
Generated bench app
==> exocomp_core
Compiling 22 files (.ex)
Generated exocomp_core app
==> exocomp_coordinator
Compiling 45 files (.ex)
Generated exocomp_coordinator app
==> exocomp_node
Compiling 53 files (.ex)
Generated exocomp_node app
warning: path "apps/fixtures" is a directory but it has no mix.exs. Mix won't consider this directory as part of your umbrella application. Please add a "mix.exs" or set the ":apps" key in your umbrella configuration with all relevant apps names as atoms
* assembling exocomp_node-0.1.0 on MIX_ENV=prod
* using config/runtime.exs to configure the release at runtime

Release created at _build/release/amd64/rel/exocomp_node

    # To start your system
    _build/release/amd64/rel/exocomp_node/bin/exocomp_node start

Once the release is running:

    # To connect to it remotely
    _build/release/amd64/rel/exocomp_node/bin/exocomp_node remote

    # To stop it gracefully (you may also send SIGINT/SIGTERM)
    _build/release/amd64/rel/exocomp_node/bin/exocomp_node stop

To list all commands:

    _build/release/amd64/rel/exocomp_node/bin/exocomp_node

warning: path "apps/fixtures" is a directory but it has no mix.exs. Mix won't consider this directory as part of your umbrella application. Please add a "mix.exs" or set the ":apps" key in your umbrella configuration with all relevant apps names as atoms
* assembling exocomp_coordinator-0.1.0 on MIX_ENV=prod
* using config/runtime.exs to configure the release at runtime

Release created at _build/release/amd64/rel/exocomp_coordinator

    # To start your system
    _build/release/amd64/rel/exocomp_coordinator/bin/exocomp_coordinator start

Once the release is running:

    # To connect to it remotely
    _build/release/amd64/rel/exocomp_coordinator/bin/exocomp_coordinator remote

    # To stop it gracefully (you may also send SIGINT/SIGTERM)
    _build/release/amd64/rel/exocomp_coordinator/bin/exocomp_coordinator stop

To list all commands:

    _build/release/amd64/rel/exocomp_coordinator/bin/exocomp_coordinator


06:40:45.570 [error] [Node.Application] EXOCOMP_CONFIG_FILE is not set; the listener will not start. Set the environment variable and restart the release.
exocomp_node: started with bundled ERTS

06:40:45.590 [notice] Application exocomp_node exited: :stopped
exocomp_coordinator: started with bundled ERTS

06:40:45.948 [notice] Application exocomp_coordinator exited: :stopped
Built linux/amd64 releases under _build/release/amd64/rel

Inspecting runtime dependencies for linux/amd64 releases
  exocomp_node: _build/release/amd64/rel/exocomp_node
Inspecting ELF dependencies in _build/release/amd64/rel/exocomp_node (amd64)
Baseline: /var/lib/exocomp-qualification/rc11-preflight/release/runtime-baseline.lock


Dependency report: _build/release/amd64/rel/exocomp_node/dep-report.json
PASS: all dynamic dependencies are declared.
  exocomp_coordinator: _build/release/amd64/rel/exocomp_coordinator
Inspecting ELF dependencies in _build/release/amd64/rel/exocomp_coordinator (amd64)
Baseline: /var/lib/exocomp-qualification/rc11-preflight/release/runtime-baseline.lock


Dependency report: _build/release/amd64/rel/exocomp_coordinator/dep-report.json
PASS: all dynamic dependencies are declared.

All runtime dependency checks passed for linux/amd64.

Packaging deterministic, secret-free release archives
/var/lib/exocomp-qualification/rc23/artifacts-build2/exocomp-node-0.1.0-rc.23-linux-amd64.tar.gz  sha256:fb3b24414ab24d44690e82819783d7ff3a4144424597534830afa66c236a09e8
/var/lib/exocomp-qualification/rc23/artifacts-build2/exocomp-node-0.1.0-rc.23-linux-amd64.manifest.json
/var/lib/exocomp-qualification/rc23/artifacts-build2/exocomp-coordinator-0.1.0-rc.23-linux-amd64.tar.gz  sha256:d9dc440a231cb764e5a733e7fff1783434185a548dc13254364b20fcb9f114db
/var/lib/exocomp-qualification/rc23/artifacts-build2/exocomp-coordinator-0.1.0-rc.23-linux-amd64.manifest.json
Packaged linux/amd64 releases under /var/lib/exocomp-qualification/rc23/artifacts-build2
d9dc440a231cb764e5a733e7fff1783434185a548dc13254364b20fcb9f114db  /var/lib/exocomp-qualification/rc23/artifacts-build2/exocomp-coordinator-0.1.0-rc.23-linux-amd64.tar.gz
fb3b24414ab24d44690e82819783d7ff3a4144424597534830afa66c236a09e8  /var/lib/exocomp-qualification/rc23/artifacts-build2/exocomp-node-0.1.0-rc.23-linux-amd64.tar.gz
[PASS] Build 2 complete
=== 2026-07-27T06:40:56Z Phase 3: Verify reproducibility ===
[PASS] Reproducible: exocomp-coordinator-0.1.0-rc.23-linux-amd64.tar.gz sha256=d9dc440a231cb764e5a733e7fff1783434185a548dc13254364b20fcb9f114db
[PASS] Reproducible: exocomp-node-0.1.0-rc.23-linux-amd64.tar.gz sha256=fb3b24414ab24d44690e82819783d7ff3a4144424597534830afa66c236a09e8
[PASS] Both builds produce identical artifacts
=== 2026-07-27T06:40:56Z Phase 4: Build bench_harness ===
podman run --rm --init --user "$(id -u):$(id -g)" --platform linux/amd64 --pull always --env ELIXIR_VERSION=1.20.2 --env OTP_VERSION=28.5.0.3 --env GLIBC_BASELINE=2.36 --env MIX_HOME=/workspace/.mix-home --env HEX_HOME=/workspace/.hex-home --volume "/var/lib/exocomp-qualification/rc11-preflight:/workspace" --workdir /workspace docker.io/hexpm/elixir:1.20.2-erlang-28.5.0.3-debian-bookworm-20260713-slim@sha256:9f522dfe44ec958c4c40a8f8d1bb6912ef11a77a36f7ef6db2878ade9608216d sh -c 'mix local.hex --force --quiet && MIX_ENV=prod mix deps.get && \
	MIX_ENV=prod mix do --app bench cmd mix release bench_harness --overwrite'
Trying to pull docker.io/hexpm/elixir@sha256:9f522dfe44ec958c4c40a8f8d1bb6912ef11a77a36f7ef6db2878ade9608216d...
Getting image source signatures
Copying blob sha256:16e57f2155195f94ec12ea1eb79b603096b03a5789286ffe0217d09c8b87e2e5
Copying blob sha256:597c6c618d36213af657a6a8444a5d87801f9a219682b206ad21ccb8f3e57bbd
Copying blob sha256:488e88728a38e428780df163699d1a95002bde9682eed3c51c26d504ec6d4c37
Copying blob sha256:f95715d6933c19c18e586b251433fca77a03468a6c13cd99108d9a4a8565406d
Copying config sha256:ccdc131ebc3d8727e3046e82aaa61af3e4aa3b85dc9879c87c3dff4c6291c10c
Writing manifest to image destination
* creating .mix-home/archives/hex-2.5.1
warning: path "apps/fixtures" is a directory but it has no mix.exs. Mix won't consider this directory as part of your umbrella application. Please add a "mix.exs" or set the ":apps" key in your umbrella configuration with all relevant apps names as atoms
Resolving Hex dependencies...
Resolution completed in 0.054s
Unchanged:
  bandit 1.12.1
  hpax 1.0.4
  jason 1.4.5
  mime 2.0.7
  nimble_options 1.1.1
  plug 1.20.3
  plug_crypto 2.2.0
  telemetry 1.4.2
  thousand_island 1.5.0
  websock 0.5.3
  x509 0.9.2
warning: path "apps/fixtures" is a directory but it has no mix.exs. Mix won't consider this directory as part of your umbrella application. Please add a "mix.exs" or set the ":apps" key in your umbrella configuration with all relevant apps names as atoms
==> bench
* assembling bench_harness-0.1.0 on MIX_ENV=prod
* using ../../config/runtime.exs to configure the release at runtime

Release created at /workspace/_build/prod/rel/bench_harness

    # To start your system
    /workspace/_build/prod/rel/bench_harness/bin/bench_harness start

Once the release is running:

    # To connect to it remotely
    /workspace/_build/prod/rel/bench_harness/bin/bench_harness remote

    # To stop it gracefully (you may also send SIGINT/SIGTERM)
    /workspace/_build/prod/rel/bench_harness/bin/bench_harness stop

To list all commands:

    /workspace/_build/prod/rel/bench_harness/bin/bench_harness

[PASS] bench_harness: /var/lib/exocomp-qualification/rc11-preflight/_build/prod/rel/bench_harness/bin/bench_harness
=== 2026-07-27T06:41:03Z Phase 5: Assemble bundle ===
bash scripts/assemble-bundle.sh \
	--arch amd64 \
	--version "0.1.0-rc.23" \
	--kind complete \
	--node-archive "/var/lib/exocomp-qualification/rc23/artifacts-build1/exocomp-node-0.1.0-rc.23-linux-amd64.tar.gz" \
	--coord-archive "/var/lib/exocomp-qualification/rc23/artifacts-build1/exocomp-coordinator-0.1.0-rc.23-linux-amd64.tar.gz" \
	--llama-server "/var/lib/exocomp-qualification/inputs/llama-b10107-no-openmp/runtime/llama-server" \
	--llama-lib-dir "/var/lib/exocomp-qualification/inputs/llama-b10107-no-openmp/runtime" \
	--model "/var/lib/exocomp-qualification/inputs/qwen2.5-1.5b-instruct-q4_k_m.gguf" \
	--model-sha256 "6a1a2eb6d15622bf3c96857206351ba97e1af16c30d7a74ee38970e434e9407e" \
	--builder-image "docker.io/hexpm/elixir:1.20.2-erlang-28.5.0.3-debian-bookworm-20260713-slim@sha256:9f522dfe44ec958c4c40a8f8d1bb6912ef11a77a36f7ef6db2878ade9608216d" \
	--sign-key "/var/lib/exocomp-qualification/qualification.key" \
	--source-commit "902bee1a52bf037fdaab50bd0c71ba82fa51a8d6" \
	--dist-dir "/var/lib/exocomp-qualification/rc23/final-dist"
[assemble-bundle] Bundle: exocomp-complete-0.1.0-rc.23-linux-amd64
[assemble-bundle] Kind:   complete
[assemble-bundle] ==> VALIDATING INPUTS
[assemble-bundle]   node archive:        /var/lib/exocomp-qualification/rc23/artifacts-build1/exocomp-node-0.1.0-rc.23-linux-amd64.tar.gz
[assemble-bundle]   coord archive:       /var/lib/exocomp-qualification/rc23/artifacts-build1/exocomp-coordinator-0.1.0-rc.23-linux-amd64.tar.gz
[assemble-bundle]   llama-server:        /var/lib/exocomp-qualification/inputs/llama-b10107-no-openmp/runtime/llama-server
[assemble-bundle]   llama libraries:     /var/lib/exocomp-qualification/inputs/llama-b10107-no-openmp/runtime
[assemble-bundle]   model:               /var/lib/exocomp-qualification/inputs/qwen2.5-1.5b-instruct-q4_k_m.gguf
[assemble-bundle]   verifying model SHA-256...
[assemble-bundle]   model SHA-256 OK: 6a1a2eb6d15622bf3c96857206351ba97e1af16c30d7a74ee38970e434e9407e
[assemble-bundle]   source commit:       902bee1a52bf037fdaab50bd0c71ba82fa51a8d6
[assemble-bundle] ==> STAGING BUNDLE CONTENTS
[assemble-bundle]   staged: releases/exocomp-node-0.1.0-rc.23-linux-amd64.tar.gz
[assemble-bundle]   staged: releases/exocomp-coordinator-0.1.0-rc.23-linux-amd64.tar.gz
[assemble-bundle]   staged: llama-server runtime
[assemble-bundle]   staged: models/qwen2.5-1.5b-instruct-q4_k_m.gguf
[assemble-bundle]   staged: release/
[assemble-bundle]   staged: scripts/
[assemble-bundle]   staged: LICENSES/ (3 files)
[assemble-bundle]   staged: THIRD_PARTY_NOTICES.md
[assemble-bundle]   staged: LICENSE
[assemble-bundle] ==> GENERATING MANIFEST
[assemble-bundle]   manifest.sha256: 40 entries
[assemble-bundle] ==> GENERATING STRUCTURED MANIFEST
[assemble-bundle]   manifest.json written
[assemble-bundle] ==> GENERATING SPDX SBOM
[assemble-bundle]   sbom.spdx.json written
[assemble-bundle] ==> GENERATING PROVENANCE
[assemble-bundle]   provenance.json written
[assemble-bundle] ==> EXTENDING MANIFEST TO COVER METADATA FILES
[assemble-bundle]   manifest.sha256 += manifest.json
[assemble-bundle]   manifest.sha256 += sbom.spdx.json
[assemble-bundle]   manifest.sha256 += provenance.json
[assemble-bundle] ==> SIGNING
Signed: /tmp/tmp.bBehBCX4RP/exocomp-complete-0.1.0-rc.23-linux-amd64/bundle.minisig
[assemble-bundle]   bundle.minisig written
[assemble-bundle] ==> CREATING ARCHIVE
[assemble-bundle]   created: /var/lib/exocomp-qualification/rc23/final-dist/exocomp-complete-0.1.0-rc.23-linux-amd64.tar.gz
[assemble-bundle]   created: /var/lib/exocomp-qualification/rc23/final-dist/exocomp-complete-0.1.0-rc.23-linux-amd64.tar.gz.sha256
[assemble-bundle] 
[assemble-bundle] ==> DONE
[assemble-bundle]     archive:  /var/lib/exocomp-qualification/rc23/final-dist/exocomp-complete-0.1.0-rc.23-linux-amd64.tar.gz
[assemble-bundle]     checksum: /var/lib/exocomp-qualification/rc23/final-dist/exocomp-complete-0.1.0-rc.23-linux-amd64.tar.gz.sha256
[PASS] Bundle build 1 assembled
bash scripts/assemble-bundle.sh \
	--arch amd64 \
	--version "0.1.0-rc.23" \
	--kind complete \
	--node-archive "/var/lib/exocomp-qualification/rc23/artifacts-build1/exocomp-node-0.1.0-rc.23-linux-amd64.tar.gz" \
	--coord-archive "/var/lib/exocomp-qualification/rc23/artifacts-build1/exocomp-coordinator-0.1.0-rc.23-linux-amd64.tar.gz" \
	--llama-server "/var/lib/exocomp-qualification/inputs/llama-b10107-no-openmp/runtime/llama-server" \
	--llama-lib-dir "/var/lib/exocomp-qualification/inputs/llama-b10107-no-openmp/runtime" \
	--model "/var/lib/exocomp-qualification/inputs/qwen2.5-1.5b-instruct-q4_k_m.gguf" \
	--model-sha256 "6a1a2eb6d15622bf3c96857206351ba97e1af16c30d7a74ee38970e434e9407e" \
	--builder-image "docker.io/hexpm/elixir:1.20.2-erlang-28.5.0.3-debian-bookworm-20260713-slim@sha256:9f522dfe44ec958c4c40a8f8d1bb6912ef11a77a36f7ef6db2878ade9608216d" \
	--sign-key "/var/lib/exocomp-qualification/qualification.key" \
	--source-commit "902bee1a52bf037fdaab50bd0c71ba82fa51a8d6" \
	--dist-dir "/var/lib/exocomp-qualification/rc23/bundle-build2"
[assemble-bundle] Bundle: exocomp-complete-0.1.0-rc.23-linux-amd64
[assemble-bundle] Kind:   complete
[assemble-bundle] ==> VALIDATING INPUTS
[assemble-bundle]   node archive:        /var/lib/exocomp-qualification/rc23/artifacts-build1/exocomp-node-0.1.0-rc.23-linux-amd64.tar.gz
[assemble-bundle]   coord archive:       /var/lib/exocomp-qualification/rc23/artifacts-build1/exocomp-coordinator-0.1.0-rc.23-linux-amd64.tar.gz
[assemble-bundle]   llama-server:        /var/lib/exocomp-qualification/inputs/llama-b10107-no-openmp/runtime/llama-server
[assemble-bundle]   llama libraries:     /var/lib/exocomp-qualification/inputs/llama-b10107-no-openmp/runtime
[assemble-bundle]   model:               /var/lib/exocomp-qualification/inputs/qwen2.5-1.5b-instruct-q4_k_m.gguf
[assemble-bundle]   verifying model SHA-256...
[assemble-bundle]   model SHA-256 OK: 6a1a2eb6d15622bf3c96857206351ba97e1af16c30d7a74ee38970e434e9407e
[assemble-bundle]   source commit:       902bee1a52bf037fdaab50bd0c71ba82fa51a8d6
[assemble-bundle] ==> STAGING BUNDLE CONTENTS
[assemble-bundle]   staged: releases/exocomp-node-0.1.0-rc.23-linux-amd64.tar.gz
[assemble-bundle]   staged: releases/exocomp-coordinator-0.1.0-rc.23-linux-amd64.tar.gz
[assemble-bundle]   staged: llama-server runtime
[assemble-bundle]   staged: models/qwen2.5-1.5b-instruct-q4_k_m.gguf
[assemble-bundle]   staged: release/
[assemble-bundle]   staged: scripts/
[assemble-bundle]   staged: LICENSES/ (3 files)
[assemble-bundle]   staged: THIRD_PARTY_NOTICES.md
[assemble-bundle]   staged: LICENSE
[assemble-bundle] ==> GENERATING MANIFEST
[assemble-bundle]   manifest.sha256: 40 entries
[assemble-bundle] ==> GENERATING STRUCTURED MANIFEST
[assemble-bundle]   manifest.json written
[assemble-bundle] ==> GENERATING SPDX SBOM
[assemble-bundle]   sbom.spdx.json written
[assemble-bundle] ==> GENERATING PROVENANCE
[assemble-bundle]   provenance.json written
[assemble-bundle] ==> EXTENDING MANIFEST TO COVER METADATA FILES
[assemble-bundle]   manifest.sha256 += manifest.json
[assemble-bundle]   manifest.sha256 += sbom.spdx.json
[assemble-bundle]   manifest.sha256 += provenance.json
[assemble-bundle] ==> SIGNING
Signed: /tmp/tmp.UHTJkul3aO/exocomp-complete-0.1.0-rc.23-linux-amd64/bundle.minisig
[assemble-bundle]   bundle.minisig written
[assemble-bundle] ==> CREATING ARCHIVE
[assemble-bundle]   created: /var/lib/exocomp-qualification/rc23/bundle-build2/exocomp-complete-0.1.0-rc.23-linux-amd64.tar.gz
[assemble-bundle]   created: /var/lib/exocomp-qualification/rc23/bundle-build2/exocomp-complete-0.1.0-rc.23-linux-amd64.tar.gz.sha256
[assemble-bundle] 
[assemble-bundle] ==> DONE
[assemble-bundle]     archive:  /var/lib/exocomp-qualification/rc23/bundle-build2/exocomp-complete-0.1.0-rc.23-linux-amd64.tar.gz
[assemble-bundle]     checksum: /var/lib/exocomp-qualification/rc23/bundle-build2/exocomp-complete-0.1.0-rc.23-linux-amd64.tar.gz.sha256
[PASS] Two complete signed bundle assemblies are byte-identical
=== 2026-07-27T06:42:20Z Phase 6: Preflight ===
candidate=0.1.0-rc.23 architecture=amd64 commit=902bee1a52bf037fdaab50bd0c71ba82fa51a8d6
[verify-bundle] Bundle dir: /var/lib/exocomp-qualification/rc23/final-dist/exocomp-complete-0.1.0-rc.23-linux-amd64
[verify-bundle] Manifest: 43 entries
[verify-bundle] ==> Verifying file checksums...
[verify-bundle]   all 43 checksums OK
[verify-bundle] ==> Verifying SBOM...
[verify-bundle]   SBOM structure OK
[verify-bundle] ==> Verifying provenance...
[verify-bundle]   provenance structure OK
[verify-bundle] ==> Verifying metadata coverage in manifest.sha256...
[verify-bundle]   metadata coverage OK
[verify-bundle] ==> Verifying LICENSES directory...
[verify-bundle]   LICENSES/: 3 file(s)
[verify-bundle] ==> Verifying signature...
Signature and comment signature verified
Trusted comment: exocomp bundle manifest signature
[verify-bundle]   signature OK
[verify-bundle] 
[verify-bundle] ==> VERIFICATION PASSED
[PASS] strict verification succeeds with no network namespace
[uninstall] ==> VALIDATION
[uninstall]   component: node
[uninstall]   purge:     system-cache
[uninstall]   dry-run:   0
[uninstall] ==> DISCOVER VERSION
[uninstall] ==> STOP SERVICE
[uninstall]   exocomp-node is not running (skip stop)
[uninstall]   exocomp-node is not enabled (skip disable)
[uninstall] ==> REMOVE INSTALLED FILES
[uninstall] ==> PURGE SYSTEM CACHE
[uninstall]   system cache purged
[uninstall] ==> RELOAD SYSTEMD
[uninstall]   systemctl daemon-reload
[uninstall] ==> PRESERVED (operator state — NOT removed)
[uninstall]   /opt/exocomp/node/config
[uninstall]   /opt/exocomp/node/log
[uninstall]   /var/lib/exocomp-node

[uninstall] ==> exocomp-node uninstalled
[uninstall]     operator state preserved in /opt/exocomp/node/config/
[uninstall] ==> VALIDATION
[uninstall]   component: coordinator
[uninstall]   purge:     system-cache
[uninstall]   dry-run:   0
[uninstall] ==> DISCOVER VERSION
[uninstall] ==> STOP SERVICE
[uninstall]   exocomp-coordinator is not running (skip stop)
[uninstall]   exocomp-coordinator is not enabled (skip disable)
[uninstall] ==> REMOVE INSTALLED FILES
[uninstall] ==> PURGE SYSTEM CACHE
[uninstall]   system cache purged
[uninstall] ==> RELOAD SYSTEMD
[uninstall]   systemctl daemon-reload
[uninstall] ==> PRESERVED (operator state — NOT removed)
[uninstall]   /opt/exocomp/coordinator/config
[uninstall]   /opt/exocomp/coordinator/log
[uninstall]   /var/lib/exocomp-coordinator

[uninstall] ==> exocomp-coordinator uninstalled
[uninstall]     operator state preserved in /opt/exocomp/coordinator/config/
[install] ==> PREFLIGHT
[install]   bundle:    /var/lib/exocomp-qualification/rc23/final-dist/exocomp-complete-0.1.0-rc.23-linux-amd64/releases/exocomp-coordinator-0.1.0-rc.23-linux-amd64.tar.gz
[install]   version:   0.1.0-rc.23
[install]   component: coordinator
[install]   arch:      x86_64
[install]   checksums: /var/lib/exocomp-qualification/rc23/final-dist/exocomp-complete-0.1.0-rc.23-linux-amd64/manifest.sha256
[install]   verifying checksums...
[install]   checksum OK: d9dc440a231cb764e5a733e7fff1783434185a548dc13254364b20fcb9f114db
[install]   preflight passed
[install] ==> USERS AND DIRECTORIES
[install]   user exists: exocomp-coordinator
[install]   creating directories
[install]   directories configured
[install] ==> INSTALL RELEASE
[install]   extracting /var/lib/exocomp-qualification/rc23/final-dist/exocomp-complete-0.1.0-rc.23-linux-amd64/releases/exocomp-coordinator-0.1.0-rc.23-linux-amd64.tar.gz
[install]   staged protected-state backup utility
[install]   release 0.1.0-rc.23 staged
[install] ==> CONFIGURATION
[install]   installing config template: /opt/exocomp/coordinator/config/coordinator.json
[install] ==> RELEASE COOKIE
[install]   protected release cookie provisioned
[install] ==> CONFIG VALIDATION
[install]   staged release accepted configuration
[install] ==> CURRENT VERSION SWITCH
[install]   current -> releases/0.1.0-rc.23
[install] ==> SUDOERS POLICY
[install]   validating with visudo...
/etc/sudoers.d/exocomp-coordinator: parsed OK
[install]   visudo check passed
[install]   sudoers policy installed: /etc/sudoers.d/exocomp-coordinator
[install] ==> SYSTEMD UNIT
[install]   unit installed: /etc/systemd/system/exocomp-coordinator.service
[install] ==> ACTIVATE
[install]   --no-start set; skipping service start
[install] ==> MANIFEST
[install]   manifest written: /opt/exocomp/coordinator/manifest-0.1.0-rc.23.txt

[install] ==> exocomp-coordinator 0.1.0-rc.23 installed successfully
[install]     install: /opt/exocomp/coordinator
[install]     config:  /opt/exocomp/coordinator/config/coordinator.json
[install]     log:     /opt/exocomp/coordinator/log/
[PASS] coordinator installs without network access
disposition=initialized
root_fingerprint=93:AA:E8:F2:21:E6:CA:00:23:B5:87:C2:1E:99:73:56:20:08:43:88:F7:FE:B5:A0:7D:D7:C4:40:0F:BE:53:A5
[PASS] production PKI initializes from the shipped coordinator
[PASS] offline root was removed before production startup
Created symlink /etc/systemd/system/multi-user.target.wants/exocomp-coordinator.service → /etc/systemd/system/exocomp-coordinator.service.
coordinator_ready=true
token_issued=true token_length=70 token_value=[REDACTED]
[install] ==> PREFLIGHT
[install]   bundle:    /var/lib/exocomp-qualification/rc23/final-dist/exocomp-complete-0.1.0-rc.23-linux-amd64/releases/exocomp-node-0.1.0-rc.23-linux-amd64.tar.gz
[install]   version:   0.1.0-rc.23
[install]   component: node
[install]   peer:      coordinator 0.1.0-rc.23 (compatible major version)
[install]   arch:      x86_64
[install]   checksums: /var/lib/exocomp-qualification/rc23/final-dist/exocomp-complete-0.1.0-rc.23-linux-amd64/manifest.sha256
[install]   verifying checksums...
[install]   checksum OK: fb3b24414ab24d44690e82819783d7ff3a4144424597534830afa66c236a09e8
[install]   preflight passed
[install] ==> USERS AND DIRECTORIES
[install]   user exists: exocomp-node
[install]   creating directories
[install]   directories configured
[install] ==> INSTALL RELEASE
[install]   extracting /var/lib/exocomp-qualification/rc23/final-dist/exocomp-complete-0.1.0-rc.23-linux-amd64/releases/exocomp-node-0.1.0-rc.23-linux-amd64.tar.gz
[install]   staged bundled llama-server runtime
[install]   staged protected-state backup utility
[install]   release 0.1.0-rc.23 staged
[install] ==> CONFIGURATION
[install]   installing config template: /opt/exocomp/node/config/node.json
[install] ==> RELEASE COOKIE
[install]   protected release cookie provisioned
[install] ==> CONFIG VALIDATION
[install]   staged release accepted configuration
[install] ==> CURRENT VERSION SWITCH
[install]   current -> releases/0.1.0-rc.23
[install] ==> SUDOERS POLICY
[install]   validating with visudo...
/etc/sudoers.d/exocomp-node: parsed OK
[install]   visudo check passed
[install]   sudoers policy installed: /etc/sudoers.d/exocomp-node
[install] ==> SYSTEMD UNIT
[install]   unit installed: /etc/systemd/system/exocomp-node.service
[install] ==> ACTIVATE
[install]   --no-start set; skipping service start
[install] ==> MANIFEST
[install]   manifest written: /opt/exocomp/node/manifest-0.1.0-rc.23.txt

[install] ==> exocomp-node 0.1.0-rc.23 installed successfully
[install]     install: /opt/exocomp/node
[install]     config:  /opt/exocomp/node/config/node.json
[install]     log:     /opt/exocomp/node/log/
[PASS] node installs without network access
enrollment=ok
generation=generation-LO6IOG3jbngYG45l
Created symlink /etc/systemd/system/multi-user.target.wants/exocomp-node.service → /etc/systemd/system/exocomp-node.service.
[PASS] enrolled node starts from the shipped release
[PASS] live preflight complete
[PASS] Preflight complete
=== 2026-07-27T06:42:42Z Phase 7: Operational ===
candidate=0.1.0-rc.23 architecture=amd64 commit=902bee1a52bf037fdaab50bd0c71ba82fa51a8d6

06:42:44.127 [notice] TLS :client: In state :wait_cert at ssl_handshake.erl:2213 generated CLIENT ALERT: Fatal - Unknown CA

untrusted_root=denied
wrong_node_token=denied
single_use_first_request=accepted
single_use_replay=denied
[PASS] enrollment rejects wrong-node, replayed, and untrusted requests
renewal_without_client_cert=denied
renewal=before-restart:ok
renewed_generation=generation-obfVOG5sPzHHV9Gb
certificate_changed=true
[PASS] mTLS renewal succeeds and missing-client-certificate renewal fails
coordinator_after_restart=healthy
renewal=after-restart:ok
renewed_generation=generation-dkmGISMi1zLMKNAU
certificate_changed=true
[PASS] PKI and enrollment state survive service restarts and repeated renewal
inventory=restored
audit_unavailable=state_change_denied
audit_unavailable=health_degraded
audit_after_restart=healthy
[PASS] audit failure blocks mutation and degrades health
multi_node_goal=completed
reachable_node=succeeded
unreachable_node=explicit
partial_artifact_preserved=true
correlation_id=b039e62a-fb97-4a2a-91e7-4d700475f446
[PASS] multi-node diagnostics preserve reachable and explicit partial outcomes
make: Entering directory '/var/lib/exocomp-qualification/rc11-preflight'
bash test/fixtures/exocomp_fixture/install.sh
Installing exocomp-fixture fixture service...
  → /usr/local/bin/exocomp-fixture
  → /etc/systemd/system/exocomp-fixture.service
  → systemctl daemon-reload
  → systemctl enable exocomp-fixture
Created symlink /etc/systemd/system/multi-user.target.wants/exocomp-fixture.service → /etc/systemd/system/exocomp-fixture.service.
  → systemctl start exocomp-fixture

exocomp-fixture fixture service installed and started successfully.
● exocomp-fixture.service - Exocomp Integration Test Fixture Service
     Loaded: loaded (/etc/systemd/system/exocomp-fixture.service; enabled; preset: enabled)
    Drop-In: /etc/systemd/system/exocomp-fixture.service.d
             └─qualification.conf
     Active: active (running) since Mon 2026-07-27 06:43:13 UTC; 9ms ago
       Docs: file:/usr/local/bin/exocomp-fixture
    Process: 2743115 ExecStartPost=/bin/sh -c     for i in $(seq 1 10); do      if curl -sf http://127.0.0.1:8877/health >/dev/null 2>&1; then        exit 0;      fi;      sleep 0.5;    done;    echo "exocomp-fixture: health probe failed after 5s" >&2;    exit 1 (code=exited, status=0/SUCCESS)
   Main PID: 2743114 (python3)
      Tasks: 2 (limit: 9482)
     Memory: 11.5M (peak: 13.7M)
        CPU: 102ms
     CGroup: /system.slice/exocomp-fixture.service
             └─2743114 python3 /usr/local/bin/exocomp-fixture

Jul 27 06:43:12 exocomp-amd64 systemd[1]: Starting exocomp-fixture.service - Exocomp Integration Test Fixture Service...
Jul 27 06:43:12 exocomp-amd64 exocomp-fixture[2743114]: 2026-07-27 06:43:12,629 exocomp-fixture [INFO] starting with mode=active
Jul 27 06:43:12 exocomp-amd64 exocomp-fixture[2743114]: 2026-07-27 06:43:12,631 exocomp-fixture [INFO] health endpoint: http://127.0.0.1:8877/health  marker: /run/exocomp-fixture/workload.marker
Jul 27 06:43:13 exocomp-amd64 systemd[1]: Started exocomp-fixture.service - Exocomp Integration Test Fixture Service.
make: Leaving directory '/var/lib/exocomp-qualification/rc11-preflight'

06:43:16.130 [info] [ApprovalGate] start correlation_id=6f08b258eb4b3521ccd71c8082275817 action=restart_service target=exocomp-fixture.service

06:43:16.130 [info] [ApprovalGate] token_valid correlation_id=6f08b258eb4b3521ccd71c8082275817 nonce=b0ZN5zV1... action=restart_service

06:43:16.136 [info] [ApprovalGate] preconditions_ok correlation_id=6f08b258eb4b3521ccd71c8082275817 nonce=b0ZN5zV1... action=restart_service

06:43:16.160 [info] [ApprovalGate] replay_claimed correlation_id=6f08b258eb4b3521ccd71c8082275817 nonce=b0ZN5zV1... action=restart_service

06:43:16.160 [debug] [Executor] action=restart_service target="exocomp-fixture.service" exec=/usr/bin/sudo argv=["/usr/bin/systemctl", "restart", "exocomp-fixture.service"]

06:43:16.919 [info] [ApprovalGate] execution_success correlation_id=6f08b258eb4b3521ccd71c8082275817 nonce=b0ZN5zV1... action=restart_service

06:43:16.952 [info] [ApprovalGate] start correlation_id=6f08b258eb4b3521ccd71c8082275817 action=restart_service target=exocomp-fixture.service

06:43:16.953 [info] [ApprovalGate] token_valid correlation_id=6f08b258eb4b3521ccd71c8082275817 nonce=b0ZN5zV1... action=restart_service

06:43:16.957 [info] [ApprovalGate] preconditions_ok correlation_id=6f08b258eb4b3521ccd71c8082275817 nonce=b0ZN5zV1... action=restart_service
active_service_approval=completed

06:43:16.957 [info] [ApprovalGate] replay_already_executed correlation_id=6f08b258eb4b3521ccd71c8082275817 nonce=b0ZN5zV1... action=restart_service
approval_execution=one_restricted_restart
approval_replay=denied
[PASS] active-service restart requires a valid bound approval and rejects replay

06:43:18.330 [debug] [Executor] action=restart_service target="exocomp-fixture.service" exec=/usr/bin/sudo argv=["/usr/bin/systemctl", "restart", "exocomp-fixture.service"]
recovery_state=completed
recovery_audit_events=6
recovery_execution=one_restricted_restart
[PASS] failed fixture recovers exactly once through shipped restricted executor

06:43:19.787 [debug] [Executor] action=vacuum_logs target=nil exec=/usr/bin/sudo argv=["/usr/bin/journalctl", "--vacuum-size=100M"]
bounded_journal_cleanup=completed
user_data_cleanup=denied
unknown_action=denied
unlisted_service_sudo=denied
shell_sudo=denied
[PASS] bounded cleanup succeeds while unsafe action modes fail closed
[PASS] systemd hardening, exact sudoers, ownership, and key modes inspected
make: Entering directory '/var/lib/exocomp-qualification/rc11-preflight'
bash test/fixtures/exocomp_fixture/cleanup.sh
Removing exocomp-fixture fixture service...
  → systemctl stop exocomp-fixture
  → systemctl disable exocomp-fixture
Removed "/etc/systemd/system/multi-user.target.wants/exocomp-fixture.service".
  → rm -f /etc/systemd/system/exocomp-fixture.service
  → rm -f /usr/local/bin/exocomp-fixture
  → /run/exocomp-fixture not present (skip)
  → systemctl daemon-reload

exocomp-fixture fixture service removed.
make: Leaving directory '/var/lib/exocomp-qualification/rc11-preflight'
[PASS] documented systemd fixture cleanup removes all fixture-owned paths
[PASS] operational live qualification complete
[PASS] Operational complete
=== 2026-07-27T06:43:20Z Phase 8: M5 bench short ===
podman run --rm --init --user "$(id -u):$(id -g)" --platform linux/amd64 --pull always --env ELIXIR_VERSION=1.20.2 --env OTP_VERSION=28.5.0.3 --env GLIBC_BASELINE=2.36 --env MIX_HOME=/workspace/.mix-home --env HEX_HOME=/workspace/.hex-home --volume "/var/lib/exocomp-qualification/rc11-preflight:/workspace" --workdir /workspace docker.io/hexpm/elixir:1.20.2-erlang-28.5.0.3-debian-bookworm-20260713-slim@sha256:9f522dfe44ec958c4c40a8f8d1bb6912ef11a77a36f7ef6db2878ade9608216d sh -c 'mix local.hex --force --quiet && MIX_ENV=prod mix deps.get && \
	MIX_ENV=prod mix do --app bench cmd mix release bench_harness --overwrite'
Trying to pull docker.io/hexpm/elixir@sha256:9f522dfe44ec958c4c40a8f8d1bb6912ef11a77a36f7ef6db2878ade9608216d...
Getting image source signatures
Copying blob sha256:16e57f2155195f94ec12ea1eb79b603096b03a5789286ffe0217d09c8b87e2e5
Copying blob sha256:597c6c618d36213af657a6a8444a5d87801f9a219682b206ad21ccb8f3e57bbd
Copying blob sha256:488e88728a38e428780df163699d1a95002bde9682eed3c51c26d504ec6d4c37
Copying blob sha256:f95715d6933c19c18e586b251433fca77a03468a6c13cd99108d9a4a8565406d
Copying config sha256:ccdc131ebc3d8727e3046e82aaa61af3e4aa3b85dc9879c87c3dff4c6291c10c
Writing manifest to image destination
* creating .mix-home/archives/hex-2.5.1
warning: path "apps/fixtures" is a directory but it has no mix.exs. Mix won't consider this directory as part of your umbrella application. Please add a "mix.exs" or set the ":apps" key in your umbrella configuration with all relevant apps names as atoms
Resolving Hex dependencies...
Resolution completed in 0.058s
Unchanged:
  bandit 1.12.1
  hpax 1.0.4
  jason 1.4.5
  mime 2.0.7
  nimble_options 1.1.1
  plug 1.20.3
  plug_crypto 2.2.0
  telemetry 1.4.2
  thousand_island 1.5.0
  websock 0.5.3
  x509 0.9.2
warning: path "apps/fixtures" is a directory but it has no mix.exs. Mix won't consider this directory as part of your umbrella application. Please add a "mix.exs" or set the ":apps" key in your umbrella configuration with all relevant apps names as atoms
==> bench
* assembling bench_harness-0.1.0 on MIX_ENV=prod
* using ../../config/runtime.exs to configure the release at runtime

Release created at /workspace/_build/prod/rel/bench_harness

    # To start your system
    /workspace/_build/prod/rel/bench_harness/bin/bench_harness start

Once the release is running:

    # To connect to it remotely
    /workspace/_build/prod/rel/bench_harness/bin/bench_harness remote

    # To stop it gracefully (you may also send SIGINT/SIGTERM)
    /workspace/_build/prod/rel/bench_harness/bin/bench_harness stop

To list all commands:

    /workspace/_build/prod/rel/bench_harness/bin/bench_harness

env \
	BENCH_MODE=short \
	LLAMA_SERVER="/var/lib/exocomp-qualification/inputs/llama-b10107-no-openmp/runtime/llama-server" \
	LLAMA_LIB_DIR="/var/lib/exocomp-qualification/inputs/llama-b10107-no-openmp/runtime" \
	NODE_RELEASE="/opt/exocomp/node/current" \
	COORD_RELEASE="/opt/exocomp/coordinator/current" \
	MODEL_PATH="/var/lib/exocomp-qualification/inputs/qwen2.5-1.5b-instruct-q4_k_m.gguf" \
	MODEL_SHA256="6a1a2eb6d15622bf3c96857206351ba97e1af16c30d7a74ee38970e434e9407e" \
	BENCH_EVIDENCE_DIR="/var/lib/exocomp-qualification/rc23/evidence/raw/amd64/bench-short" \
	 \
	 \
	 \
	 \
	 \
	 \
	"_build/prod/rel/bench_harness/bin/bench_harness" eval 'System.halt(Bench.Qualification.CLI.main())'
M5 gate PASS
  evidence: /var/lib/exocomp-qualification/rc23/evidence/raw/amd64/bench-short
[PASS] M5 bench short gate complete
=== 2026-07-27T06:44:04Z Phase 9: M5 bench full ===
podman run --rm --init --user "$(id -u):$(id -g)" --platform linux/amd64 --pull always --env ELIXIR_VERSION=1.20.2 --env OTP_VERSION=28.5.0.3 --env GLIBC_BASELINE=2.36 --env MIX_HOME=/workspace/.mix-home --env HEX_HOME=/workspace/.hex-home --volume "/var/lib/exocomp-qualification/rc11-preflight:/workspace" --workdir /workspace docker.io/hexpm/elixir:1.20.2-erlang-28.5.0.3-debian-bookworm-20260713-slim@sha256:9f522dfe44ec958c4c40a8f8d1bb6912ef11a77a36f7ef6db2878ade9608216d sh -c 'mix local.hex --force --quiet && MIX_ENV=prod mix deps.get && \
	MIX_ENV=prod mix do --app bench cmd mix release bench_harness --overwrite'
Trying to pull docker.io/hexpm/elixir@sha256:9f522dfe44ec958c4c40a8f8d1bb6912ef11a77a36f7ef6db2878ade9608216d...
Getting image source signatures
Copying blob sha256:16e57f2155195f94ec12ea1eb79b603096b03a5789286ffe0217d09c8b87e2e5
Copying blob sha256:488e88728a38e428780df163699d1a95002bde9682eed3c51c26d504ec6d4c37
Copying blob sha256:f95715d6933c19c18e586b251433fca77a03468a6c13cd99108d9a4a8565406d
Copying blob sha256:597c6c618d36213af657a6a8444a5d87801f9a219682b206ad21ccb8f3e57bbd
Copying config sha256:ccdc131ebc3d8727e3046e82aaa61af3e4aa3b85dc9879c87c3dff4c6291c10c
Writing manifest to image destination
* creating .mix-home/archives/hex-2.5.1
warning: path "apps/fixtures" is a directory but it has no mix.exs. Mix won't consider this directory as part of your umbrella application. Please add a "mix.exs" or set the ":apps" key in your umbrella configuration with all relevant apps names as atoms
Resolving Hex dependencies...
Resolution completed in 0.057s
Unchanged:
  bandit 1.12.1
  hpax 1.0.4
  jason 1.4.5
  mime 2.0.7
  nimble_options 1.1.1
  plug 1.20.3
  plug_crypto 2.2.0
  telemetry 1.4.2
  thousand_island 1.5.0
  websock 0.5.3
  x509 0.9.2
warning: path "apps/fixtures" is a directory but it has no mix.exs. Mix won't consider this directory as part of your umbrella application. Please add a "mix.exs" or set the ":apps" key in your umbrella configuration with all relevant apps names as atoms
==> bench
* assembling bench_harness-0.1.0 on MIX_ENV=prod
* using ../../config/runtime.exs to configure the release at runtime

Release created at /workspace/_build/prod/rel/bench_harness

    # To start your system
    /workspace/_build/prod/rel/bench_harness/bin/bench_harness start

Once the release is running:

    # To connect to it remotely
    /workspace/_build/prod/rel/bench_harness/bin/bench_harness remote

    # To stop it gracefully (you may also send SIGINT/SIGTERM)
    /workspace/_build/prod/rel/bench_harness/bin/bench_harness stop

To list all commands:

    /workspace/_build/prod/rel/bench_harness/bin/bench_harness

env \
	BENCH_MODE=full \
	LLAMA_SERVER="/var/lib/exocomp-qualification/inputs/llama-b10107-no-openmp/runtime/llama-server" \
	LLAMA_LIB_DIR="/var/lib/exocomp-qualification/inputs/llama-b10107-no-openmp/runtime" \
	NODE_RELEASE="/opt/exocomp/node/current" \
	COORD_RELEASE="/opt/exocomp/coordinator/current" \
	MODEL_PATH="/var/lib/exocomp-qualification/inputs/qwen2.5-1.5b-instruct-q4_k_m.gguf" \
	MODEL_SHA256="6a1a2eb6d15622bf3c96857206351ba97e1af16c30d7a74ee38970e434e9407e" \
	BENCH_EVIDENCE_DIR="/var/lib/exocomp-qualification/rc23/evidence/raw/amd64/bench" \
	 \
	 \
	 \
	 \
	 \
	 \
	"_build/prod/rel/bench_harness/bin/bench_harness" eval 'System.halt(Bench.Qualification.CLI.main())'
M5 gate PASS
  evidence: /var/lib/exocomp-qualification/rc23/evidence/raw/amd64/bench
[PASS] M5 bench full gate complete
=== 2026-07-27T07:16:01Z Phase 10: Lifecycle ===
candidate=0.1.0-rc.23 architecture=amd64 commit=902bee1a52bf037fdaab50bd0c71ba82fa51a8d6
[state-backup] created protected state backup: /var/lib/exocomp-qualification/rc23/lifecycle-backups/amd64/coordinator-state.tar.gz
[state-backup] store this archive encrypted; it may contain private keys and release credentials
/var/lib/exocomp-qualification/rc23/lifecycle-backups/amd64/coordinator-state.tar.gz: OK
/var/lib/exocomp-qualification/rc23/lifecycle-backups/amd64/coordinator-state.tar.gz: OK
[state-backup] restored protected state from /var/lib/exocomp-qualification/rc23/lifecycle-backups/amd64/coordinator-state.tar.gz
[state-backup] validate permissions and service health before starting exocomp-coordinator
[PASS] installed backup utility restores protected coordinator PKI and state
coordinator_after_restore=healthy
[install] ==> PREFLIGHT
[install]   bundle:    /var/lib/exocomp-qualification/rc23/final-dist/exocomp-complete-0.1.0-rc.23-linux-amd64/releases/exocomp-node-0.1.0-rc.23-linux-amd64.tar.gz
[install]   version:   0.1.0-rc.23-qualification-previous
[install]   component: node
[install]   peer:      coordinator 0.1.0-rc.23 (compatible major version)
[install]   arch:      x86_64
[install]   checksums: /var/lib/exocomp-qualification/rc23/final-dist/exocomp-complete-0.1.0-rc.23-linux-amd64/manifest.sha256
[install]   verifying checksums...
[install]   checksum OK: fb3b24414ab24d44690e82819783d7ff3a4144424597534830afa66c236a09e8
[install]   preflight passed
[install] ==> USERS AND DIRECTORIES
[install]   user exists: exocomp-node
[install]   creating directories
[install]   directories configured
[install] ==> INSTALL RELEASE
[install]   previous current target: releases/0.1.0-rc.23
[install]   extracting /var/lib/exocomp-qualification/rc23/final-dist/exocomp-complete-0.1.0-rc.23-linux-amd64/releases/exocomp-node-0.1.0-rc.23-linux-amd64.tar.gz
[install]   staged bundled llama-server runtime
[install]   staged protected-state backup utility
[install]   release 0.1.0-rc.23-qualification-previous staged
[install] ==> CONFIGURATION
[install]   config exists; preserving (not overwriting): /opt/exocomp/node/config/node.json
[install] ==> RELEASE COOKIE
[install]   release cookie exists; preserving across upgrade
[install] ==> CONFIG VALIDATION
[install]   staged release accepted configuration
[install] ==> CURRENT VERSION SWITCH
[install]   current -> releases/0.1.0-rc.23-qualification-previous
[install] ==> SUDOERS POLICY
[install]   validating with visudo...
/etc/sudoers.d/exocomp-node: parsed OK
[install]   visudo check passed
[install]   sudoers policy installed: /etc/sudoers.d/exocomp-node
[install] ==> SYSTEMD UNIT
[install]   unit installed: /etc/systemd/system/exocomp-node.service
[install] ==> ACTIVATE
[install]   systemctl daemon-reload
[install]   systemctl enable exocomp-node
[install]   systemctl restart exocomp-node  (already running)
--rpc-eval : RPC failed with reason :noconnection
[install]   service passed systemd and application health gate
● exocomp-node.service - Exocomp Node Agent
     Loaded: loaded (/etc/systemd/system/exocomp-node.service; enabled; preset: enabled)
     Active: active (running) since Mon 2026-07-27 07:16:10 UTC; 2s ago
       Docs: https://github.com/NVShawn/exocomp
   Main PID: 2764201 (beam.smp)
      Tasks: 33 (limit: 9482)
     Memory: 148.7M (peak: 153.7M)
        CPU: 2.041s
     CGroup: /system.slice/exocomp-node.service
             ├─2764201 /opt/exocomp/node/releases/0.1.0-rc.23-qualification-previous/erts-16.4.0.3/bin/beam.smp -- -root /opt/exocomp/node/releases/0.1.0-rc.23-qualification-previous -bindir /opt/exocomp/node/releases/0.1.0-rc.23-qualification-previous/erts-16.4.0.3/bin -progname erl -- -home /opt/exocomp/node -- -noshell -s elixir start_cli -mode embedded -setcookie e65a5027dc5769ae78f4a7a14708c3e6fffc68dcb208ba0b9ef0c11a5c68794a -sname exocomp_node -config /opt/exocomp/node/releases/0.1.0-rc.23-qualification-previous/releases/0.1.0/sys -boot /opt/exocomp/node/releases/0.1.0-rc.23-qualification-previous/releases/0.1.0/start -boot_var RELEASE_LIB /opt/exocomp/node/releases/0.1.0-rc.23-qualification-previous/lib -- -- -extra --no-halt
             └─2764277 erl_child_setup 65536

Jul 27 07:16:10 exocomp-amd64 systemd[1]: Starting exocomp-node.service - Exocomp Node Agent...
Jul 27 07:16:10 exocomp-amd64 systemd[1]: Started exocomp-node.service - Exocomp Node Agent.
[install] ==> MANIFEST
[install]   manifest written: /opt/exocomp/node/manifest-0.1.0-rc.23-qualification-previous.txt

[install] ==> exocomp-node 0.1.0-rc.23-qualification-previous installed successfully
[install]     service: exocomp-node.service (active)
[install]     install: /opt/exocomp/node
[install]     config:  /opt/exocomp/node/config/node.json
[install]     log:     /opt/exocomp/node/log/
rolled_back_node=healthy
[PASS] failed candidate health gate automatically restores the prior release
[PASS] upgrade and rollback preserve credentials, PKI, config, and durable state
[uninstall] ==> VALIDATION
[uninstall]   component: node
[uninstall]   purge:     none
[uninstall]   dry-run:   0
[uninstall] ==> DISCOVER VERSION
[uninstall]   current version: 0.1.0-rc.23-qualification-previous
[uninstall] ==> STOP SERVICE
[uninstall]   systemctl stop exocomp-node
[uninstall]   systemctl disable exocomp-node
Removed "/etc/systemd/system/multi-user.target.wants/exocomp-node.service".
[uninstall] ==> REMOVE INSTALLED FILES
[uninstall]   rm -f /etc/systemd/system/exocomp-node.service
[uninstall]   rm -f /etc/sudoers.d/exocomp-node
[uninstall]   rm -f /opt/exocomp/node/current  (symlink)
[uninstall]   rm -rf /opt/exocomp/node/releases/0.1.0-rc.23-qualification-previous
[uninstall]   rm -f /opt/exocomp/node/manifest-0.1.0-rc.23-qualification-previous.txt
[uninstall] ==> RELOAD SYSTEMD
[uninstall]   systemctl daemon-reload
[uninstall] ==> PRESERVED (operator state — NOT removed)
[uninstall]   /opt/exocomp/node/config
[uninstall]   /opt/exocomp/node/log
[uninstall]   /var/lib/exocomp-node
[uninstall]   (use --purge categories to remove specific data classes)

[uninstall] ==> exocomp-node uninstalled
[uninstall]     operator state preserved in /opt/exocomp/node/config/
[uninstall] ==> VALIDATION
[uninstall]   component: coordinator
[uninstall]   purge:     none
[uninstall]   dry-run:   0
[uninstall] ==> DISCOVER VERSION
[uninstall]   current version: 0.1.0-rc.23
[uninstall] ==> STOP SERVICE
[uninstall]   systemctl stop exocomp-coordinator
[uninstall]   systemctl disable exocomp-coordinator
Removed "/etc/systemd/system/multi-user.target.wants/exocomp-coordinator.service".
[uninstall] ==> REMOVE INSTALLED FILES
[uninstall]   rm -f /etc/systemd/system/exocomp-coordinator.service
[uninstall]   rm -f /etc/sudoers.d/exocomp-coordinator
[uninstall]   rm -f /opt/exocomp/coordinator/current  (symlink)
[uninstall]   rm -rf /opt/exocomp/coordinator/releases/0.1.0-rc.23
[uninstall]   rm -f /opt/exocomp/coordinator/manifest-0.1.0-rc.23.txt
[uninstall] ==> RELOAD SYSTEMD
[uninstall]   systemctl daemon-reload
[uninstall] ==> PRESERVED (operator state — NOT removed)
[uninstall]   /opt/exocomp/coordinator/config
[uninstall]   /opt/exocomp/coordinator/log
[uninstall]   /var/lib/exocomp-coordinator
[uninstall]   (use --purge categories to remove specific data classes)

[uninstall] ==> exocomp-coordinator uninstalled
[uninstall]     operator state preserved in /opt/exocomp/coordinator/config/
[PASS] default uninstall preserves protected and unrelated state
[install] ==> PREFLIGHT
[install]   bundle:    /var/lib/exocomp-qualification/rc23/final-dist/exocomp-complete-0.1.0-rc.23-linux-amd64/releases/exocomp-node-0.1.0-rc.23-linux-amd64.tar.gz
[install]   version:   0.1.0-rc.23
[install]   component: node
[install]   arch:      x86_64
[install]   checksums: /var/lib/exocomp-qualification/rc23/final-dist/exocomp-complete-0.1.0-rc.23-linux-amd64/manifest.sha256
[install]   verifying checksums...
[install]   checksum OK: fb3b24414ab24d44690e82819783d7ff3a4144424597534830afa66c236a09e8
[install]   preflight passed
[install] ==> USERS AND DIRECTORIES
[install]   user exists: exocomp-node
[install]   creating directories
[install]   directories configured
[install] ==> INSTALL RELEASE
[install]   version 0.1.0-rc.23 already installed; overwriting
[install]   extracting /var/lib/exocomp-qualification/rc23/final-dist/exocomp-complete-0.1.0-rc.23-linux-amd64/releases/exocomp-node-0.1.0-rc.23-linux-amd64.tar.gz
[install]   staged bundled llama-server runtime
[install]   staged protected-state backup utility
[install]   release 0.1.0-rc.23 staged
[install] ==> CONFIGURATION
[install]   config exists; preserving (not overwriting): /opt/exocomp/node/config/node.json
[install] ==> RELEASE COOKIE
[install]   release cookie exists; preserving across upgrade
[install] ==> CONFIG VALIDATION
[install]   staged release accepted configuration
[install] ==> CURRENT VERSION SWITCH
[install]   current -> releases/0.1.0-rc.23
[install] ==> SUDOERS POLICY
[install]   validating with visudo...
/etc/sudoers.d/exocomp-node: parsed OK
[install]   visudo check passed
[install]   sudoers policy installed: /etc/sudoers.d/exocomp-node
[install] ==> SYSTEMD UNIT
[install]   unit installed: /etc/systemd/system/exocomp-node.service
[install] ==> ACTIVATE
[install]   --no-start set; skipping service start
[install] ==> MANIFEST
[install]   manifest written: /opt/exocomp/node/manifest-0.1.0-rc.23.txt

[install] ==> exocomp-node 0.1.0-rc.23 installed successfully
[install]     install: /opt/exocomp/node
[install]     config:  /opt/exocomp/node/config/node.json
[install]     log:     /opt/exocomp/node/log/
[install] ==> PREFLIGHT
[install]   bundle:    /var/lib/exocomp-qualification/rc23/final-dist/exocomp-complete-0.1.0-rc.23-linux-amd64/releases/exocomp-coordinator-0.1.0-rc.23-linux-amd64.tar.gz
[install]   version:   0.1.0-rc.23
[install]   component: coordinator
[install]   peer:      node 0.1.0-rc.23 (compatible major version)
[install]   arch:      x86_64
[install]   checksums: /var/lib/exocomp-qualification/rc23/final-dist/exocomp-complete-0.1.0-rc.23-linux-amd64/manifest.sha256
[install]   verifying checksums...
[install]   checksum OK: d9dc440a231cb764e5a733e7fff1783434185a548dc13254364b20fcb9f114db
[install]   preflight passed
[install] ==> USERS AND DIRECTORIES
[install]   user exists: exocomp-coordinator
[install]   creating directories
[install]   directories configured
[install] ==> INSTALL RELEASE
[install]   extracting /var/lib/exocomp-qualification/rc23/final-dist/exocomp-complete-0.1.0-rc.23-linux-amd64/releases/exocomp-coordinator-0.1.0-rc.23-linux-amd64.tar.gz
[install]   staged protected-state backup utility
[install]   release 0.1.0-rc.23 staged
[install] ==> CONFIGURATION
[install]   config exists; preserving (not overwriting): /opt/exocomp/coordinator/config/coordinator.json
[install] ==> RELEASE COOKIE
[install]   release cookie exists; preserving across upgrade
[install] ==> CONFIG VALIDATION
[install]   staged release accepted configuration
[install] ==> CURRENT VERSION SWITCH
[install]   current -> releases/0.1.0-rc.23
[install] ==> SUDOERS POLICY
[install]   validating with visudo...
/etc/sudoers.d/exocomp-coordinator: parsed OK
[install]   visudo check passed
[install]   sudoers policy installed: /etc/sudoers.d/exocomp-coordinator
[install] ==> SYSTEMD UNIT
[install]   unit installed: /etc/systemd/system/exocomp-coordinator.service
[install] ==> ACTIVATE
[install]   --no-start set; skipping service start
[install] ==> MANIFEST
[install]   manifest written: /opt/exocomp/coordinator/manifest-0.1.0-rc.23.txt

[install] ==> exocomp-coordinator 0.1.0-rc.23 installed successfully
[install]     install: /opt/exocomp/coordinator
[install]     config:  /opt/exocomp/coordinator/config/coordinator.json
[install]     log:     /opt/exocomp/coordinator/log/
[uninstall] ==> VALIDATION
[uninstall]   component: node
[uninstall]   purge:     system-cache
[uninstall]   dry-run:   0
[uninstall] ==> DISCOVER VERSION
[uninstall]   current version: 0.1.0-rc.23
[uninstall] ==> STOP SERVICE
[uninstall]   exocomp-node is not running (skip stop)
[uninstall]   exocomp-node is not enabled (skip disable)
[uninstall] ==> REMOVE INSTALLED FILES
[uninstall]   rm -f /etc/systemd/system/exocomp-node.service
[uninstall]   rm -f /etc/sudoers.d/exocomp-node
[uninstall]   rm -f /opt/exocomp/node/current  (symlink)
[uninstall]   rm -rf /opt/exocomp/node/releases/0.1.0-rc.23
[uninstall]   rm -f /opt/exocomp/node/manifest-0.1.0-rc.23.txt
[uninstall] ==> PURGE SYSTEM CACHE
[uninstall]   system cache purged
[uninstall] ==> RELOAD SYSTEMD
[uninstall]   systemctl daemon-reload
[uninstall] ==> PRESERVED (operator state — NOT removed)
[uninstall]   /opt/exocomp/node/config
[uninstall]   /opt/exocomp/node/log
[uninstall]   /var/lib/exocomp-node

[uninstall] ==> exocomp-node uninstalled
[uninstall]     operator state preserved in /opt/exocomp/node/config/
[uninstall] ==> VALIDATION
[uninstall]   component: coordinator
[uninstall]   purge:     system-cache
[uninstall]   dry-run:   0
[uninstall] ==> DISCOVER VERSION
[uninstall]   current version: 0.1.0-rc.23
[uninstall] ==> STOP SERVICE
[uninstall]   exocomp-coordinator is not running (skip stop)
[uninstall]   exocomp-coordinator is not enabled (skip disable)
[uninstall] ==> REMOVE INSTALLED FILES
[uninstall]   rm -f /etc/systemd/system/exocomp-coordinator.service
[uninstall]   rm -f /etc/sudoers.d/exocomp-coordinator
[uninstall]   rm -f /opt/exocomp/coordinator/current  (symlink)
[uninstall]   rm -rf /opt/exocomp/coordinator/releases/0.1.0-rc.23
[uninstall]   rm -f /opt/exocomp/coordinator/manifest-0.1.0-rc.23.txt
[uninstall] ==> PURGE SYSTEM CACHE
[uninstall]   system cache purged
[uninstall] ==> RELOAD SYSTEMD
[uninstall]   systemctl daemon-reload
[uninstall] ==> PRESERVED (operator state — NOT removed)
[uninstall]   /opt/exocomp/coordinator/config
[uninstall]   /opt/exocomp/coordinator/log
[uninstall]   /var/lib/exocomp-coordinator

[uninstall] ==> exocomp-coordinator uninstalled
[uninstall]     operator state preserved in /opt/exocomp/coordinator/config/
find: ‘/opt/exocomp/node/releases’: No such file or directory
find: ‘/opt/exocomp/coordinator/releases’: No such file or directory
[PASS] system-cache purge removes releases and preserves all protected state
[PASS] lifecycle qualification complete
[PASS] Lifecycle complete
=== 2026-07-27T07:16:54Z ALL amd64 PHASES COMPLETE ===
STATUS=PASS
